qa_id,comparison,question,category,answer_type,is_answerable,recall@10_delta,hit@10_delta,mrr@10_delta,ndcg@10_delta,precision@10_delta,exact_match_delta,token_f1_delta,rouge_l_delta,total_latency_sec_delta
vlrag-000298165b,DenseGraph_minus_DenseOnly,"Doanh nghiệp của tôi là hợp tác xã thủ công nghiệp, tôi cần văn bản pháp lý nào để yêu cầu nhân viên kế toán thực hiện đúng chế độ sổ sách theo quy định của Nhà nước?",citation,abstractive,True,0.0,0.0,0.0,0.0,0.0,0.0,0.04247517188693656,0.06478227654698232,-0.4732220419996338
vlrag-000298165b,HybridGraph_minus_HybridOnly,"Doanh nghiệp của tôi là hợp tác xã thủ công nghiệp, tôi cần văn bản pháp lý nào để yêu cầu nhân viên kế toán thực hiện đúng chế độ sổ sách theo quy định của Nhà nước?",citation,abstractive,True,-1.0,-1.0,-0.1666666666666666,-0.3562071871080222,-0.1,0.0,-0.0774539254688642,-0.08005196070471707,-0.005322890001480118
vlrag-000298165b,HybridOnly_minus_DenseOnly,"Doanh nghiệp của tôi là hợp tác xã thủ công nghiệp, tôi cần văn bản pháp lý nào để yêu cầu nhân viên kế toán thực hiện đúng chế độ sổ sách theo quy định của Nhà nước?",citation,abstractive,True,1.0,1.0,0.1666666666666666,0.3562071871080222,0.1,0.0,0.06210780370072405,0.0640386162510056,24.497834442422747
vlrag-000298165b,HybridGraph_minus_DenseGraph,"Doanh nghiệp của tôi là hợp tác xã thủ công nghiệp, tôi cần văn bản pháp lý nào để yêu cầu nhân viên kế toán thực hiện đúng chế độ sổ sách theo quy định của Nhà nước?",citation,abstractive,True,0.0,0.0,0.0,0.0,0.0,0.0,-0.05782129365507671,-0.08079562100069379,24.9657335944209
vlrag-0026ce34be,DenseGraph_minus_DenseOnly,"Doanh nghiệp của tôi có nghe nói về quy định đính chính mức phí khai thác tài liệu khí tượng thủy văn trong Thông tư 23/2009/TT-BTC, không biết có văn bản nào chính thức xác nhận việc đính chính này không?",citation,abstractive,True,0.0,0.0,-0.0833333333333334,-0.07446937096537082,0.0,0.0,0.047794117647058904,0.02426470588235302,1.457204301999809
vlrag-0026ce34be,HybridGraph_minus_HybridOnly,"Doanh nghiệp của tôi có nghe nói về quy định đính chính mức phí khai thác tài liệu khí tượng thủy văn trong Thông tư 23/2009/TT-BTC, không biết có văn bản nào chính thức xác nhận việc đính chính này không?",citation,abstractive,True,-1.0,-1.0,-0.1111111111111111,-0.3010299956639812,-0.1,0.0,-0.003009575923392571,-0.003009575923392571,0.6180706359991746
vlrag-0026ce34be,HybridOnly_minus_DenseOnly,"Doanh nghiệp của tôi có nghe nói về quy định đính chính mức phí khai thác tài liệu khí tượng thủy văn trong Thông tư 23/2009/TT-BTC, không biết có văn bản nào chính thức xác nhận việc đính chính này không?",citation,abstractive,True,0.0,0.0,-0.1388888888888889,-0.1296465624094118,0.0,0.0,0.07132352941176479,0.07132352941176479,25.234581550421076
vlrag-0026ce34be,HybridGraph_minus_DenseGraph,"Doanh nghiệp của tôi có nghe nói về quy định đính chính mức phí khai thác tài liệu khí tượng thủy văn trong Thông tư 23/2009/TT-BTC, không biết có văn bản nào chính thức xác nhận việc đính chính này không?",citation,abstractive,True,-1.0,-1.0,-0.1666666666666666,-0.3562071871080222,-0.1,0.0,0.02051983584131331,0.04404924760601919,24.39544788442044
vlrag-026b112060,DenseGraph_minus_DenseOnly,Có cần chuẩn bị giấy tờ cụ thể gì nếu tôi muốn gửi con đi đào tạo sau đại học ở nước ngoài bằng ngân sách tỉnh Cà Mau hay không?,single_hop,unanswerable,False,0.0,0.0,0.0,0.0,0.0,0.0,0.0,0.0,-2.1009812339998453
vlrag-026b112060,HybridGraph_minus_HybridOnly,Có cần chuẩn bị giấy tờ cụ thể gì nếu tôi muốn gửi con đi đào tạo sau đại học ở nước ngoài bằng ngân sách tỉnh Cà Mau hay không?,single_hop,unanswerable,False,0.0,0.0,0.0,0.0,0.0,0.0,-0.004114490161001801,0.007513416815742403,0.7144261959947471
vlrag-026b112060,HybridOnly_minus_DenseOnly,Có cần chuẩn bị giấy tờ cụ thể gì nếu tôi muốn gửi con đi đào tạo sau đại học ở nước ngoài bằng ngân sách tỉnh Cà Mau hay không?,single_hop,unanswerable,False,0.0,0.0,0.0,0.0,0.0,0.0,0.011354309165526703,0.0114911080711354,24.295480621426293
vlrag-026b112060,HybridGraph_minus_DenseGraph,Có cần chuẩn bị giấy tờ cụ thể gì nếu tôi muốn gửi con đi đào tạo sau đại học ở nước ngoài bằng ngân sách tỉnh Cà Mau hay không?,single_hop,unanswerable,False,0.0,0.0,0.0,0.0,0.0,0.0,0.007239819004524903,0.019004524886877802,27.110888051420886
vlrag-036bdd452b,DenseGraph_minus_DenseOnly,Chúng tôi muốn biết ngành nào chịu trách nhiệm chính trong việc ngăn chặn tình trạng trẻ em bị lạm dụng sức lao động?,single_hop,extractive,True,0.0,0.0,0.0,0.0,0.0,0.0,0.024216524216524205,0.024216524216524205,-0.515140277001592
vlrag-036bdd452b,HybridGraph_minus_HybridOnly,Chúng tôi muốn biết ngành nào chịu trách nhiệm chính trong việc ngăn chặn tình trạng trẻ em bị lạm dụng sức lao động?,single_hop,extractive,True,0.0,0.0,0.0,0.0,0.0,0.0,0.006647278770253395,0.006647278770253395,-0.663362699997375
vlrag-036bdd452b,HybridOnly_minus_DenseOnly,Chúng tôi muốn biết ngành nào chịu trách nhiệm chính trong việc ngăn chặn tình trạng trẻ em bị lạm dụng sức lao động?,single_hop,extractive,True,0.0,0.0,0.0,0.0,0.0,0.0,0.008301404853128996,0.008301404853128996,26.03592969041864
vlrag-036bdd452b,HybridGraph_minus_DenseGraph,Chúng tôi muốn biết ngành nào chịu trách nhiệm chính trong việc ngăn chặn tình trạng trẻ em bị lạm dụng sức lao động?,single_hop,extractive,True,0.0,0.0,0.0,0.0,0.0,0.0,-0.009267840593141813,-0.009267840593141813,25.887707267422858
vlrag-0403d1ea95,DenseGraph_minus_DenseOnly,Làm sao để biết các văn bản quy phạm pháp luật do Hội đồng nhân dân cấp tỉnh ban hành được thực hiện theo quy trình nào?,single_hop,unanswerable,False,0.0,0.0,0.0,0.0,0.0,0.0,0.016480334951672497,0.002494320965658499,-0.5800226690000727
vlrag-0403d1ea95,HybridGraph_minus_HybridOnly,Làm sao để biết các văn bản quy phạm pháp luật do Hội đồng nhân dân cấp tỉnh ban hành được thực hiện theo quy trình nào?,single_hop,unanswerable,False,0.0,0.0,0.0,0.0,0.0,0.0,0.0030864197530863988,0.0030864197530863988,0.3706543399985094
vlrag-0403d1ea95,HybridOnly_minus_DenseOnly,Làm sao để biết các văn bản quy phạm pháp luật do Hội đồng nhân dân cấp tỉnh ban hành được thực hiện theo quy trình nào?,single_hop,unanswerable,False,0.0,0.0,0.0,0.0,0.0,0.0,-0.0007863489816780991,-0.0007863489816780991,25.205565039421746
vlrag-0403d1ea95,HybridGraph_minus_DenseGraph,Làm sao để biết các văn bản quy phạm pháp luật do Hội đồng nhân dân cấp tỉnh ban hành được thực hiện theo quy trình nào?,single_hop,unanswerable,False,0.0,0.0,0.0,0.0,0.0,0.0,-0.014180264180264197,-0.00019425019425019924,26.156242048420328
vlrag-0503eae2ee,DenseGraph_minus_DenseOnly,Có cần các cơ quan như Văn phòng Ủy ban nhân dân hay Thanh tra tỉnh tham gia thực hiện việc tiếp công dân theo quy định của tỉnh Hậu Giang hay không?,single_hop,abstractive,True,-1.0,-1.0,-0.125,-0.3154648767857287,-0.1,0.0,0.002431610942249196,0.0019250253292806274,-0.10076260000028014
vlrag-0503eae2ee,HybridGraph_minus_HybridOnly,Có cần các cơ quan như Văn phòng Ủy ban nhân dân hay Thanh tra tỉnh tham gia thực hiện việc tiếp công dân theo quy định của tỉnh Hậu Giang hay không?,single_hop,abstractive,True,0.0,0.0,0.0,0.0,0.0,0.0,-0.021021652301870974,-0.015135589657347015,4.690889645000421
vlrag-0503eae2ee,HybridOnly_minus_DenseOnly,Có cần các cơ quan như Văn phòng Ủy ban nhân dân hay Thanh tra tỉnh tham gia thực hiện việc tiếp công dân theo quy định của tỉnh Hậu Giang hay không?,single_hop,abstractive,True,-1.0,-1.0,-0.125,-0.3154648767857287,-0.1,0.0,0.03270879644331537,-0.0008468296813803899,27.49882844642315
vlrag-0503eae2ee,HybridGraph_minus_DenseGraph,Có cần các cơ quan như Văn phòng Ủy ban nhân dân hay Thanh tra tỉnh tham gia thực hiện việc tiếp công dân theo quy định của tỉnh Hậu Giang hay không?,single_hop,abstractive,True,0.0,0.0,0.0,0.0,0.0,0.0,0.009255533199195198,-0.017907444668008032,32.29048069142385
vlrag-0563e20013,DenseGraph_minus_DenseOnly,"Sắp tới tôi muốn đăng ký thành lập một cơ sở tư vấn hỗ trợ nạn nhân bạo lực gia đình tại địa phương, tôi nên liên hệ với đơn vị nào để được hướng dẫn về thủ tục?",single_hop,abstractive,True,0.0,0.0,0.0,0.0,0.0,0.0,0.0751536435469711,0.0751536435469711,-1.6945830760000722
vlrag-0563e20013,HybridGraph_minus_HybridOnly,"Sắp tới tôi muốn đăng ký thành lập một cơ sở tư vấn hỗ trợ nạn nhân bạo lực gia đình tại địa phương, tôi nên liên hệ với đơn vị nào để được hướng dẫn về thủ tục?",single_hop,abstractive,True,0.0,0.0,0.0,0.0,0.0,0.0,0.022624434389140302,0.022624434389140302,-0.379151438002733
vlrag-0563e20013,HybridOnly_minus_DenseOnly,"Sắp tới tôi muốn đăng ký thành lập một cơ sở tư vấn hỗ trợ nạn nhân bạo lực gia đình tại địa phương, tôi nên liên hệ với đơn vị nào để được hướng dẫn về thủ tục?",single_hop,abstractive,True,0.0,0.0,0.0,0.0,0.0,0.0,0.0642939150401837,0.0642939150401837,25.70337773642581
vlrag-0563e20013,HybridGraph_minus_DenseGraph,"Sắp tới tôi muốn đăng ký thành lập một cơ sở tư vấn hỗ trợ nạn nhân bạo lực gia đình tại địa phương, tôi nên liên hệ với đơn vị nào để được hướng dẫn về thủ tục?",single_hop,abstractive,True,0.0,0.0,0.0,0.0,0.0,0.0,0.0117647058823529,0.0117647058823529,27.01880937442315
vlrag-0794a3f964,DenseGraph_minus_DenseOnly,"Tôi đang tìm hiểu về việc phân loại đô thị cho khu vực của mình, nhưng không biết Nghị định quy định chi tiết về vấn đề này hiện đang có hiệu lực như thế nào hay đã hết hạn chưa?",single_hop,abstractive,True,0.0,0.0,0.0,0.0,0.0,0.0,0.0219780219780219,0.02197802197802201,-0.43472530200006076
vlrag-0794a3f964,HybridGraph_minus_HybridOnly,"Tôi đang tìm hiểu về việc phân loại đô thị cho khu vực của mình, nhưng không biết Nghị định quy định chi tiết về vấn đề này hiện đang có hiệu lực như thế nào hay đã hết hạn chưa?",single_hop,abstractive,True,0.0,0.0,0.0,0.0,0.0,0.0,0.1725681725681725,0.14245014245014248,-4.388794520997177
vlrag-0794a3f964,HybridOnly_minus_DenseOnly,"Tôi đang tìm hiểu về việc phân loại đô thị cho khu vực của mình, nhưng không biết Nghị định quy định chi tiết về vấn đề này hiện đang có hiệu lực như thế nào hay đã hết hạn chưa?",single_hop,abstractive,True,0.0,0.0,0.0,0.0,0.0,0.0,0.0,0.0,28.683818743419977
vlrag-0794a3f964,HybridGraph_minus_DenseGraph,"Tôi đang tìm hiểu về việc phân loại đô thị cho khu vực của mình, nhưng không biết Nghị định quy định chi tiết về vấn đề này hiện đang có hiệu lực như thế nào hay đã hết hạn chưa?",single_hop,abstractive,True,0.0,0.0,0.0,0.0,0.0,0.0,0.1505901505901506,0.12047212047212047,24.72974952442286
vlrag-07cd394d8f,DenseGraph_minus_DenseOnly,Tôi muốn biết các thủ tục về tổ chức quản lý thị trường trước đây còn được áp dụng theo các văn bản cũ không hay đã có sự thay đổi mới?,legal_validity,boolean,True,0.0,0.0,0.0,0.0,0.0,0.0,-0.0194174757281553,-0.0194174757281553,1.2329528789996402
vlrag-07cd394d8f,HybridGraph_minus_HybridOnly,Tôi muốn biết các thủ tục về tổ chức quản lý thị trường trước đây còn được áp dụng theo các văn bản cũ không hay đã có sự thay đổi mới?,legal_validity,boolean,True,0.0,0.0,0.0,0.0,0.0,0.0,-0.1666666666666666,-0.1666666666666666,1.222407092001962
vlrag-07cd394d8f,HybridOnly_minus_DenseOnly,Tôi muốn biết các thủ tục về tổ chức quản lý thị trường trước đây còn được áp dụng theo các văn bản cũ không hay đã có sự thay đổi mới?,legal_validity,boolean,True,0.0,0.0,0.0,0.0,0.0,0.0,0.1472491909385113,0.1472491909385113,20.066094541426256
vlrag-07cd394d8f,HybridGraph_minus_DenseGraph,Tôi muốn biết các thủ tục về tổ chức quản lý thị trường trước đây còn được áp dụng theo các văn bản cũ không hay đã có sự thay đổi mới?,legal_validity,boolean,True,0.0,0.0,0.0,0.0,0.0,0.0,0.0,0.0,20.055548754428578
vlrag-07e3bd236d,DenseGraph_minus_DenseOnly,"Trong trường hợp tôi muốn biết quy định về kế hoạch phát triển kinh tế - xã hội của xã đã có hiệu lực hay chưa để làm việc với chính quyền, tôi có thể xem thông tin này ở đâu?",single_hop,extractive,True,0.0,0.0,0.0,0.0,0.0,0.0,-0.021223470661672905,-0.021722846441947496,3.4797598759996617
vlrag-07e3bd236d,HybridGraph_minus_HybridOnly,"Trong trường hợp tôi muốn biết quy định về kế hoạch phát triển kinh tế - xã hội của xã đã có hiệu lực hay chưa để làm việc với chính quyền, tôi có thể xem thông tin này ở đâu?",single_hop,extractive,True,-1.0,-1.0,-0.1428571428571428,-0.3333333333333333,-0.1,0.0,-0.0022148394241418012,-0.024916943521594695,-0.4588444119999622
vlrag-07e3bd236d,HybridOnly_minus_DenseOnly,"Trong trường hợp tôi muốn biết quy định về kế hoạch phát triển kinh tế - xã hội của xã đã có hiệu lực hay chưa để làm việc với chính quyền, tôi có thể xem thông tin này ở đâu?",single_hop,extractive,True,0.0,0.0,-0.1071428571428572,-0.09734322474005969,0.0,0.0,-0.0158730158730159,0.0047619047619048005,24.487644325422654
vlrag-07e3bd236d,HybridGraph_minus_DenseGraph,"Trong trường hợp tôi muốn biết quy định về kế hoạch phát triển kinh tế - xã hội của xã đã có hiệu lực hay chưa để làm việc với chính quyền, tôi có thể xem thông tin này ở đâu?",single_hop,extractive,True,-1.0,-1.0,-0.25,-0.430676558073393,-0.1,0.0,0.003135615364515204,0.001567807682257602,20.54904003742303
vlrag-088709b3d4,DenseGraph_minus_DenseOnly,"Sắp tới tôi muốn tiến hành thủ tục khai thác khoáng sản, tôi cần dẫn chiếu căn cứ pháp lý nào của tỉnh Bắc Kạn để đảm bảo hoạt động của mình nằm trong quy hoạch đã được duyệt?",citation,abstractive,True,0.0,0.0,0.0,0.0,0.0,0.0,-0.009071799977873704,0.005420953645314697,0.11485058799962644
vlrag-088709b3d4,HybridGraph_minus_HybridOnly,"Sắp tới tôi muốn tiến hành thủ tục khai thác khoáng sản, tôi cần dẫn chiếu căn cứ pháp lý nào của tỉnh Bắc Kạn để đảm bảo hoạt động của mình nằm trong quy hoạch đã được duyệt?",citation,abstractive,True,0.0,0.0,0.0,0.0,0.0,0.0,0.020604901022886188,0.020604901022886188,-1.281616829000992
vlrag-088709b3d4,HybridOnly_minus_DenseOnly,"Sắp tới tôi muốn tiến hành thủ tục khai thác khoáng sản, tôi cần dẫn chiếu căn cứ pháp lý nào của tỉnh Bắc Kạn để đảm bảo hoạt động của mình nằm trong quy hoạch đã được duyệt?",citation,abstractive,True,0.0,0.0,0.0,0.0,0.0,0.0,-0.005705808513066304,0.008786945110122096,25.6714312754213
vlrag-088709b3d4,HybridGraph_minus_DenseGraph,"Sắp tới tôi muốn tiến hành thủ tục khai thác khoáng sản, tôi cần dẫn chiếu căn cứ pháp lý nào của tỉnh Bắc Kạn để đảm bảo hoạt động của mình nằm trong quy hoạch đã được duyệt?",citation,abstractive,True,0.0,0.0,0.0,0.0,0.0,0.0,0.023970892487693587,0.023970892487693587,24.27496385842068
vlrag-098c0cf63e,DenseGraph_minus_DenseOnly,"Doanh nghiệp của tôi muốn tham gia thực hiện các dự án khoa học công nghệ cấp bộ lĩnh vực thủy sản đã được phê duyệt, tôi cần liên hệ đơn vị nào để biết trình tự thực hiện?",single_hop,abstractive,True,-1.0,-1.0,-0.25,-0.430676558073393,-0.1,0.0,0.010818120351588911,0.010818120351588911,0.8508276339998702
vlrag-098c0cf63e,HybridGraph_minus_HybridOnly,"Doanh nghiệp của tôi muốn tham gia thực hiện các dự án khoa học công nghệ cấp bộ lĩnh vực thủy sản đã được phê duyệt, tôi cần liên hệ đơn vị nào để biết trình tự thực hiện?",single_hop,abstractive,True,-1.0,-1.0,-0.1428571428571428,-0.3333333333333333,-0.1,0.0,0.07630813953488369,0.07630813953488369,1.5006438559976232
vlrag-098c0cf63e,HybridOnly_minus_DenseOnly,"Doanh nghiệp của tôi muốn tham gia thực hiện các dự án khoa học công nghệ cấp bộ lĩnh vực thủy sản đã được phê duyệt, tôi cần liên hệ đơn vị nào để biết trình tự thực hiện?",single_hop,abstractive,True,0.0,0.0,-0.1071428571428572,-0.09734322474005969,0.0,0.0,-0.03982843137254899,-0.03982843137254899,26.803202220420815
vlrag-098c0cf63e,HybridGraph_minus_DenseGraph,"Doanh nghiệp của tôi muốn tham gia thực hiện các dự án khoa học công nghệ cấp bộ lĩnh vực thủy sản đã được phê duyệt, tôi cần liên hệ đơn vị nào để biết trình tự thực hiện?",single_hop,abstractive,True,0.0,0.0,0.0,0.0,0.0,0.0,0.02566158781074579,0.02566158781074579,27.453018442418568
vlrag-09cfaea347,DenseGraph_minus_DenseOnly,Tôi lo lắng về việc nếu các đơn vị không quán triệt đúng tinh thần bảo vệ trẻ em có hoàn cảnh khó khăn thì có bị xử lý gì không?,single_hop,unanswerable,False,0.0,0.0,0.0,0.0,0.0,0.0,0.01691512017036819,0.01691512017036819,2.690449937000267
vlrag-09cfaea347,HybridGraph_minus_HybridOnly,Tôi lo lắng về việc nếu các đơn vị không quán triệt đúng tinh thần bảo vệ trẻ em có hoàn cảnh khó khăn thì có bị xử lý gì không?,single_hop,unanswerable,False,0.0,0.0,0.0,0.0,0.0,0.0,0.017415730337078696,0.017415730337078696,-0.23856169999635668
vlrag-09cfaea347,HybridOnly_minus_DenseOnly,Tôi lo lắng về việc nếu các đơn vị không quán triệt đúng tinh thần bảo vệ trẻ em có hoàn cảnh khó khăn thì có bị xử lý gì không?,single_hop,unanswerable,False,0.0,0.0,0.0,0.0,0.0,0.0,0.003757225433525996,0.003757225433525996,24.682023863418813
vlrag-09cfaea347,HybridGraph_minus_DenseGraph,Tôi lo lắng về việc nếu các đơn vị không quán triệt đúng tinh thần bảo vệ trẻ em có hoàn cảnh khó khăn thì có bị xử lý gì không?,single_hop,unanswerable,False,0.0,0.0,0.0,0.0,0.0,0.0,0.004257835600236501,0.004257835600236501,21.75301222642219
vlrag-0a0dbf15e0,DenseGraph_minus_DenseOnly,Có được áp dụng các quy định khác nếu nội dung kế toán không được hướng dẫn cụ thể trong Thông tư 178/2012/TT-BTC không?,single_hop,abstractive,True,-1.0,-1.0,-0.1666666666666666,-0.3562071871080222,-0.1,0.0,0.0,0.0,-0.37333473099988623
vlrag-0a0dbf15e0,HybridGraph_minus_HybridOnly,Có được áp dụng các quy định khác nếu nội dung kế toán không được hướng dẫn cụ thể trong Thông tư 178/2012/TT-BTC không?,single_hop,abstractive,True,0.0,0.0,0.0,0.0,0.0,0.0,-0.1282051282051282,-0.1282051282051282,0.10636082199926378
vlrag-0a0dbf15e0,HybridOnly_minus_DenseOnly,Có được áp dụng các quy định khác nếu nội dung kế toán không được hướng dẫn cụ thể trong Thông tư 178/2012/TT-BTC không?,single_hop,abstractive,True,-1.0,-1.0,-0.1666666666666666,-0.3562071871080222,-0.1,0.0,0.139269406392694,0.139269406392694,25.715124576421374
vlrag-0a0dbf15e0,HybridGraph_minus_DenseGraph,Có được áp dụng các quy định khác nếu nội dung kế toán không được hướng dẫn cụ thể trong Thông tư 178/2012/TT-BTC không?,single_hop,abstractive,True,0.0,0.0,0.0,0.0,0.0,0.0,0.0110642781875658,0.0110642781875658,26.194820129420524
vlrag-0a5d60abe1,DenseGraph_minus_DenseOnly,Có cần phải thực hiện các quy định pháp luật về an toàn thực phẩm khi tôi sản xuất thực phẩm tại nhà không?,single_hop,boolean,True,0.0,0.0,0.0,0.0,0.0,0.0,0.0002938583602704013,0.0002938583602704013,1.0150284750006904
vlrag-0a5d60abe1,HybridGraph_minus_HybridOnly,Có cần phải thực hiện các quy định pháp luật về an toàn thực phẩm khi tôi sản xuất thực phẩm tại nhà không?,single_hop,boolean,True,0.0,0.0,0.0,0.0,0.0,0.0,-0.0011688094840540987,-0.0011688094840540987,0.05077096099921974
vlrag-0a5d60abe1,HybridOnly_minus_DenseOnly,Có cần phải thực hiện các quy định pháp luật về an toàn thực phẩm khi tôi sản xuất thực phẩm tại nhà không?,single_hop,boolean,True,0.0,0.0,0.0,0.0,0.0,0.0,-0.0052284610138668,-0.0052284610138668,27.002667067421214
vlrag-0a5d60abe1,HybridGraph_minus_DenseGraph,Có cần phải thực hiện các quy định pháp luật về an toàn thực phẩm khi tôi sản xuất thực phẩm tại nhà không?,single_hop,boolean,True,0.0,0.0,0.0,0.0,0.0,0.0,-0.0066911288581913,-0.0066911288581913,26.038409553419744
vlrag-0a91b4365a,DenseGraph_minus_DenseOnly,"Sắp tới tôi có dự định cho nhân viên đi công tác nước ngoài, tôi nghe người ta nói tỉnh Tiền Giang vừa có quy định mới sửa đổi về việc cán bộ đi nước ngoài, không biết đó là văn bản nào để tôi kiểm tra tính chính xác?",citation,abstractive,True,0.0,0.0,0.0,0.0,0.0,0.0,0.28181818181818186,0.2391774891774892,-2.6748227749994835
vlrag-0a91b4365a,HybridGraph_minus_HybridOnly,"Sắp tới tôi có dự định cho nhân viên đi công tác nước ngoài, tôi nghe người ta nói tỉnh Tiền Giang vừa có quy định mới sửa đổi về việc cán bộ đi nước ngoài, không biết đó là văn bản nào để tôi kiểm tra tính chính xác?",citation,abstractive,True,0.0,0.0,0.0,0.0,0.0,0.0,0.2548720740337508,0.21230266739248782,-2.541918764996801
vlrag-0a91b4365a,HybridOnly_minus_DenseOnly,"Sắp tới tôi có dự định cho nhân viên đi công tác nước ngoài, tôi nghe người ta nói tỉnh Tiền Giang vừa có quy định mới sửa đổi về việc cán bộ đi nước ngoài, không biết đó là văn bản nào để tôi kiểm tra tính chính xác?",citation,abstractive,True,0.0,0.0,0.0,0.0,0.0,0.0,0.026946107784431073,0.02687482178500139,26.638007887415995
vlrag-0a91b4365a,HybridGraph_minus_DenseGraph,"Sắp tới tôi có dự định cho nhân viên đi công tác nước ngoài, tôi nghe người ta nói tỉnh Tiền Giang vừa có quy định mới sửa đổi về việc cán bộ đi nước ngoài, không biết đó là văn bản nào để tôi kiểm tra tính chính xác?",citation,abstractive,True,0.0,0.0,0.0,0.0,0.0,0.0,0.0,0.0,26.770911897418678
vlrag-0cc7e882be,DenseGraph_minus_DenseOnly,"Gia đình tôi cần tìm căn cứ pháp lý về việc bãi bỏ các văn bản quy phạm pháp luật không còn phù hợp của UBND tỉnh Đắk Lắk để làm hồ sơ khiếu nại, tôi nên dẫn chiếu văn bản nào?",citation,abstractive,True,-1.0,-1.0,-0.1,-0.2890648263178879,-0.1,0.0,-0.031666666666666676,-0.031666666666666676,-0.4680382069996085
vlrag-0cc7e882be,HybridGraph_minus_HybridOnly,"Gia đình tôi cần tìm căn cứ pháp lý về việc bãi bỏ các văn bản quy phạm pháp luật không còn phù hợp của UBND tỉnh Đắk Lắk để làm hồ sơ khiếu nại, tôi nên dẫn chiếu văn bản nào?",citation,abstractive,True,0.0,0.0,0.0,0.0,0.0,0.0,0.016821000764591032,0.016821000764591032,0.5868403810018172
vlrag-0cc7e882be,HybridOnly_minus_DenseOnly,"Gia đình tôi cần tìm căn cứ pháp lý về việc bãi bỏ các văn bản quy phạm pháp luật không còn phù hợp của UBND tỉnh Đắk Lắk để làm hồ sơ khiếu nại, tôi nên dẫn chiếu văn bản nào?",citation,abstractive,True,-1.0,-1.0,-0.1,-0.2890648263178879,-0.1,0.0,-0.02818565400843892,-0.02818565400843892,26.671490542422536
vlrag-0cc7e882be,HybridGraph_minus_DenseGraph,"Gia đình tôi cần tìm căn cứ pháp lý về việc bãi bỏ các văn bản quy phạm pháp luật không còn phù hợp của UBND tỉnh Đắk Lắk để làm hồ sơ khiếu nại, tôi nên dẫn chiếu văn bản nào?",citation,abstractive,True,0.0,0.0,0.0,0.0,0.0,0.0,0.020302013422818788,0.020302013422818788,27.72636913042396
vlrag-0d1e860d5a,DenseGraph_minus_DenseOnly,"Tôi là cán bộ nhà nước ở tỉnh Tiền Giang, gia đình tôi đang muốn đi du lịch nước ngoài, không biết tôi có quyền lợi hay ưu đãi gì đặc biệt về thủ tục xuất cảnh không?",single_hop,unanswerable,False,0.0,0.0,0.0,0.0,0.0,0.0,0.0570321151716501,0.0725359911406423,-2.6545791290000125
vlrag-0d1e860d5a,HybridGraph_minus_HybridOnly,"Tôi là cán bộ nhà nước ở tỉnh Tiền Giang, gia đình tôi đang muốn đi du lịch nước ngoài, không biết tôi có quyền lợi hay ưu đãi gì đặc biệt về thủ tục xuất cảnh không?",single_hop,unanswerable,False,0.0,0.0,0.0,0.0,0.0,0.0,-0.567578947368421,-0.583578947368421,0.6599773130001267
vlrag-0d1e860d5a,HybridOnly_minus_DenseOnly,"Tôi là cán bộ nhà nước ở tỉnh Tiền Giang, gia đình tôi đang muốn đi du lịch nước ngoài, không biết tôi có quyền lợi hay ưu đãi gì đặc biệt về thủ tục xuất cảnh không?",single_hop,unanswerable,False,0.0,0.0,0.0,0.0,0.0,0.0,0.5695634434924521,0.5850673194614443,23.399592902421947
vlrag-0d1e860d5a,HybridGraph_minus_DenseGraph,"Tôi là cán bộ nhà nước ở tỉnh Tiền Giang, gia đình tôi đang muốn đi du lịch nước ngoài, không biết tôi có quyền lợi hay ưu đãi gì đặc biệt về thủ tục xuất cảnh không?",single_hop,unanswerable,False,0.0,0.0,0.0,0.0,0.0,0.0,-0.055047619047619,-0.071047619047619,26.714149344422086
vlrag-0da6d44efd,DenseGraph_minus_DenseOnly,Làm sao để biết các cơ sở bảo trợ xã hội tại huyện Đất Đỏ phải tuân thủ mức trợ cấp như thế nào và nếu họ không chi trả đúng mức quy định cho người đang được nuôi dưỡng thì tôi cần làm gì?,single_hop,unanswerable,False,0.0,0.0,0.0,0.0,0.0,0.0,-0.005057955742887199,-0.0033719704952581003,-0.5771073010000691
vlrag-0da6d44efd,HybridGraph_minus_HybridOnly,Làm sao để biết các cơ sở bảo trợ xã hội tại huyện Đất Đỏ phải tuân thủ mức trợ cấp như thế nào và nếu họ không chi trả đúng mức quy định cho người đang được nuôi dưỡng thì tôi cần làm gì?,single_hop,unanswerable,False,0.0,0.0,0.0,0.0,0.0,0.0,0.0014204545454545997,0.0009469696969696996,-0.9210058880016732
vlrag-0da6d44efd,HybridOnly_minus_DenseOnly,Làm sao để biết các cơ sở bảo trợ xã hội tại huyện Đất Đỏ phải tuân thủ mức trợ cấp như thế nào và nếu họ không chi trả đúng mức quy định cho người đang được nuôi dưỡng thì tôi cần làm gì?,single_hop,unanswerable,False,0.0,0.0,0.0,0.0,0.0,0.0,-0.0006993006993007006,-0.00046620046620040115,27.255496468421086
vlrag-0da6d44efd,HybridGraph_minus_DenseGraph,Làm sao để biết các cơ sở bảo trợ xã hội tại huyện Đất Đỏ phải tuân thủ mức trợ cấp như thế nào và nếu họ không chi trả đúng mức quy định cho người đang được nuôi dưỡng thì tôi cần làm gì?,single_hop,unanswerable,False,0.0,0.0,0.0,0.0,0.0,0.0,0.005779109589041098,0.0038527397260273988,26.911597881419482
vlrag-0dd965b6f2,DenseGraph_minus_DenseOnly,"Doanh nghiệp của tôi có các tuyên truyền viên không thuộc biên chế tham gia biểu diễn lưu động theo hợp đồng, vậy họ có được hưởng các khoản bồi dưỡng luyện tập, biểu diễn không?",single_hop,abstractive,True,0.0,0.0,0.0,0.0,0.0,0.0,0.0,0.0,-2.2431251649998103
vlrag-0dd965b6f2,HybridGraph_minus_HybridOnly,"Doanh nghiệp của tôi có các tuyên truyền viên không thuộc biên chế tham gia biểu diễn lưu động theo hợp đồng, vậy họ có được hưởng các khoản bồi dưỡng luyện tập, biểu diễn không?",single_hop,abstractive,True,0.0,0.0,0.0,0.0,0.0,0.0,0.0,0.0,0.6401558149991615
vlrag-0dd965b6f2,HybridOnly_minus_DenseOnly,"Doanh nghiệp của tôi có các tuyên truyền viên không thuộc biên chế tham gia biểu diễn lưu động theo hợp đồng, vậy họ có được hưởng các khoản bồi dưỡng luyện tập, biểu diễn không?",single_hop,abstractive,True,0.0,0.0,0.0,0.0,0.0,0.0,0.0,0.0,22.999457532421676
vlrag-0dd965b6f2,HybridGraph_minus_DenseGraph,"Doanh nghiệp của tôi có các tuyên truyền viên không thuộc biên chế tham gia biểu diễn lưu động theo hợp đồng, vậy họ có được hưởng các khoản bồi dưỡng luyện tập, biểu diễn không?",single_hop,abstractive,True,0.0,0.0,0.0,0.0,0.0,0.0,0.0,0.0,25.882738512420648
vlrag-0df5ad203a,DenseGraph_minus_DenseOnly,"Trong trường hợp tôi là chủ cơ sở chế biến thực phẩm nhỏ lẻ, liệu tôi có bắt buộc phải áp dụng các hệ thống quản lý chất lượng như HACCP hay ISO không?",single_hop,abstractive,True,0.0,0.0,0.0,0.0,0.0,0.0,0.0,0.0,-1.46292923799956
vlrag-0df5ad203a,HybridGraph_minus_HybridOnly,"Trong trường hợp tôi là chủ cơ sở chế biến thực phẩm nhỏ lẻ, liệu tôi có bắt buộc phải áp dụng các hệ thống quản lý chất lượng như HACCP hay ISO không?",single_hop,abstractive,True,0.0,0.0,0.0,0.0,0.0,0.0,0.0,0.0,-0.305738945997291
vlrag-0df5ad203a,HybridOnly_minus_DenseOnly,"Trong trường hợp tôi là chủ cơ sở chế biến thực phẩm nhỏ lẻ, liệu tôi có bắt buộc phải áp dụng các hệ thống quản lý chất lượng như HACCP hay ISO không?",single_hop,abstractive,True,0.0,0.0,0.0,0.0,0.0,0.0,0.0,0.0,26.271780639423643
vlrag-0df5ad203a,HybridGraph_minus_DenseGraph,"Trong trường hợp tôi là chủ cơ sở chế biến thực phẩm nhỏ lẻ, liệu tôi có bắt buộc phải áp dụng các hệ thống quản lý chất lượng như HACCP hay ISO không?",single_hop,abstractive,True,0.0,0.0,0.0,0.0,0.0,0.0,0.0,0.0,27.428970931425912
vlrag-0e5fa2bcda,DenseGraph_minus_DenseOnly,"Gia đình tôi định đi khám bệnh tại phòng khám đa khoa khu vực ở Cà Mau, quy định về giá dịch vụ khám chữa bệnh theo Nghị quyết 04/2024/NQ-HĐND hiện nay có áp dụng cho cơ sở này không?",legal_validity,boolean,True,0.0,0.0,0.0,0.0,0.0,0.0,0.0222222222222222,0.0222222222222222,1.5781722720000744
vlrag-0e5fa2bcda,HybridGraph_minus_HybridOnly,"Gia đình tôi định đi khám bệnh tại phòng khám đa khoa khu vực ở Cà Mau, quy định về giá dịch vụ khám chữa bệnh theo Nghị quyết 04/2024/NQ-HĐND hiện nay có áp dụng cho cơ sở này không?",legal_validity,boolean,True,-1.0,-1.0,-0.1,-0.2890648263178879,-0.1,0.0,0.037037037037037,0.037037037037037,-0.09745995400044194
vlrag-0e5fa2bcda,HybridOnly_minus_DenseOnly,"Gia đình tôi định đi khám bệnh tại phòng khám đa khoa khu vực ở Cà Mau, quy định về giá dịch vụ khám chữa bệnh theo Nghị quyết 04/2024/NQ-HĐND hiện nay có áp dụng cho cơ sở này không?",legal_validity,boolean,True,0.0,0.0,-0.1,-0.0977879809166537,0.0,0.0,0.0,0.0,26.48042411442129
vlrag-0e5fa2bcda,HybridGraph_minus_DenseGraph,"Gia đình tôi định đi khám bệnh tại phòng khám đa khoa khu vực ở Cà Mau, quy định về giá dịch vụ khám chữa bệnh theo Nghị quyết 04/2024/NQ-HĐND hiện nay có áp dụng cho cơ sở này không?",legal_validity,boolean,True,-1.0,-1.0,-0.2,-0.3868528072345416,-0.1,0.0,0.014814814814814802,0.014814814814814802,24.804791888420773
vlrag-0f687acfc1,DenseGraph_minus_DenseOnly,Có cần phải làm theo Quyết định số 451/2005/QĐ-UB của Ủy ban nhân dân tỉnh Hà Nam về việc soạn thảo văn bản không hay đã có quy định khác thay thế?,legal_validity,boolean,True,0.0,0.0,0.0,0.0,0.0,0.0,0.0,0.0,-3.7775051940002413
vlrag-0f687acfc1,HybridGraph_minus_HybridOnly,Có cần phải làm theo Quyết định số 451/2005/QĐ-UB của Ủy ban nhân dân tỉnh Hà Nam về việc soạn thảo văn bản không hay đã có quy định khác thay thế?,legal_validity,boolean,True,0.0,0.0,0.0,0.0,0.0,0.0,0.0,0.0,-0.28164559699871816
vlrag-0f687acfc1,HybridOnly_minus_DenseOnly,Có cần phải làm theo Quyết định số 451/2005/QĐ-UB của Ủy ban nhân dân tỉnh Hà Nam về việc soạn thảo văn bản không hay đã có quy định khác thay thế?,legal_validity,boolean,True,1.0,1.0,0.25,0.430676558073393,0.1,0.0,0.0285714285714285,0.0285714285714285,24.109523582421563
vlrag-0f687acfc1,HybridGraph_minus_DenseGraph,Có cần phải làm theo Quyết định số 451/2005/QĐ-UB của Ủy ban nhân dân tỉnh Hà Nam về việc soạn thảo văn bản không hay đã có quy định khác thay thế?,legal_validity,boolean,True,1.0,1.0,0.25,0.430676558073393,0.1,0.0,0.0285714285714285,0.0285714285714285,27.605383179423086
vlrag-0fa555b61c,DenseGraph_minus_DenseOnly,"Nếu doanh nghiệp của tôi đang thực hiện đề tài khoa học xã hội cấp tỉnh thì những loại đề tài nào bắt buộc phải thực hiện đánh giá, nghiệm thu theo quy định?",single_hop,extractive,True,-1.0,-1.0,-0.1,-0.2890648263178879,-0.1,0.0,0.12529550827423164,0.14657210401891252,-0.035269945000436564
vlrag-0fa555b61c,HybridGraph_minus_HybridOnly,"Nếu doanh nghiệp của tôi đang thực hiện đề tài khoa học xã hội cấp tỉnh thì những loại đề tài nào bắt buộc phải thực hiện đánh giá, nghiệm thu theo quy định?",single_hop,extractive,True,0.0,0.0,0.0,0.0,0.0,0.0,-0.15659438322076086,-0.19783149662282273,-0.40993804399840883
vlrag-0fa555b61c,HybridOnly_minus_DenseOnly,"Nếu doanh nghiệp của tôi đang thực hiện đề tài khoa học xã hội cấp tỉnh thì những loại đề tài nào bắt buộc phải thực hiện đánh giá, nghiệm thu theo quy định?",single_hop,extractive,True,0.0,0.0,0.9,0.7109351736821121,0.0,0.0,0.24981658107116655,0.27109317681584744,25.683432406416333
vlrag-0fa555b61c,HybridGraph_minus_DenseGraph,"Nếu doanh nghiệp của tôi đang thực hiện đề tài khoa học xã hội cấp tỉnh thì những loại đề tài nào bắt buộc phải thực hiện đánh giá, nghiệm thu theo quy định?",single_hop,extractive,True,1.0,1.0,1.0,1.0,0.1,0.0,-0.03207331042382594,-0.07331042382588782,25.30876430741836
vlrag-0fd15d28f8,DenseGraph_minus_DenseOnly,"Tôi là chủ hộ kinh doanh cá thể có liên quan đến lĩnh vực hàng không, nếu tôi không thực hiện đúng các quy định trong Quy chế bảo đảm an ninh hàng không thì sẽ bị xử lý thế nào?",single_hop,unanswerable,False,0.0,0.0,0.0,0.0,0.0,0.0,0.017011762418586505,-0.0144843005735395,4.530590074999736
vlrag-0fd15d28f8,HybridGraph_minus_HybridOnly,"Tôi là chủ hộ kinh doanh cá thể có liên quan đến lĩnh vực hàng không, nếu tôi không thực hiện đúng các quy định trong Quy chế bảo đảm an ninh hàng không thì sẽ bị xử lý thế nào?",single_hop,unanswerable,False,0.0,0.0,0.0,0.0,0.0,0.0,-0.028850037505048692,-0.0173100225030293,0.7821709360014211
vlrag-0fd15d28f8,HybridOnly_minus_DenseOnly,"Tôi là chủ hộ kinh doanh cá thể có liên quan đến lĩnh vực hàng không, nếu tôi không thực hiện đúng các quy định trong Quy chế bảo đảm an ninh hàng không thì sẽ bị xử lý thế nào?",single_hop,unanswerable,False,0.0,0.0,0.0,0.0,0.0,0.0,0.030014724204326597,-0.006682523502095396,25.685283853420685
vlrag-0fd15d28f8,HybridGraph_minus_DenseGraph,"Tôi là chủ hộ kinh doanh cá thể có liên quan đến lĩnh vực hàng không, nếu tôi không thực hiện đúng các quy định trong Quy chế bảo đảm an ninh hàng không thì sẽ bị xử lý thế nào?",single_hop,unanswerable,False,0.0,0.0,0.0,0.0,0.0,0.0,-0.0158470757193086,-0.009508245431585197,21.93686471442237
vlrag-101ea5d879,DenseGraph_minus_DenseOnly,Làm sao để biết các cơ quan nào có trách nhiệm phải thực hiện theo quy định về kế hoạch phát triển kinh tế - xã hội hàng năm của cấp xã?,single_hop,abstractive,True,-1.0,-1.0,-0.1,-0.2890648263178879,-0.1,0.0,0.03237512742099888,0.0223445463812436,3.5654568889999627
vlrag-101ea5d879,HybridGraph_minus_HybridOnly,Làm sao để biết các cơ quan nào có trách nhiệm phải thực hiện theo quy định về kế hoạch phát triển kinh tế - xã hội hàng năm của cấp xã?,single_hop,abstractive,True,0.0,0.0,0.0,0.0,0.0,0.0,-0.0452119309262167,-0.0347462061747776,-1.1444261229989898
vlrag-101ea5d879,HybridOnly_minus_DenseOnly,Làm sao để biết các cơ quan nào có trách nhiệm phải thực hiện theo quy định về kế hoạch phát triển kinh tế - xã hội hàng năm của cấp xã?,single_hop,abstractive,True,-1.0,-1.0,-0.1,-0.2890648263178879,-0.1,0.0,0.04376068376068379,0.019145299145299097,26.51281519642106
vlrag-101ea5d879,HybridGraph_minus_DenseGraph,Làm sao để biết các cơ quan nào có trách nhiệm phải thực hiện theo quy định về kế hoạch phát triển kinh tế - xã hội hàng năm của cấp xã?,single_hop,abstractive,True,0.0,0.0,0.0,0.0,0.0,0.0,-0.03382637458653179,-0.0379454534107221,21.802932184422104
vlrag-10b37bc357,DenseGraph_minus_DenseOnly,"Trong trường hợp tôi là người quản lý doanh nghiệp nhưng không hưởng lương thì tôi có thuộc đối tượng phải tham gia bảo hiểm xã hội bắt buộc không, và luật có cho phép tôi tham gia bảo hiểm xã hội tự nguyện không?",multi_hop,boolean,True,0.0,0.0,0.0,0.1227846846619507,0.0,0.0,0.00034176349965829925,0.00034176349965829925,5.520546600999296
vlrag-10b37bc357,HybridGraph_minus_HybridOnly,"Trong trường hợp tôi là người quản lý doanh nghiệp nhưng không hưởng lương thì tôi có thuộc đối tượng phải tham gia bảo hiểm xã hội bắt buộc không, và luật có cho phép tôi tham gia bảo hiểm xã hội tự nguyện không?",multi_hop,boolean,True,0.5,0.0,0.0,0.38685280723454163,0.1,0.0,0.0,0.0,-0.7401154800027143
vlrag-10b37bc357,HybridOnly_minus_DenseOnly,"Trong trường hợp tôi là người quản lý doanh nghiệp nhưng không hưởng lương thì tôi có thuộc đối tượng phải tham gia bảo hiểm xã hội bắt buộc không, và luật có cho phép tôi tham gia bảo hiểm xã hội tự nguyện không?",multi_hop,boolean,True,-0.5,0.0,0.0,-0.26406812257259094,-0.1,0.0,0.0,0.0,26.584816923419286
vlrag-10b37bc357,HybridGraph_minus_DenseGraph,"Trong trường hợp tôi là người quản lý doanh nghiệp nhưng không hưởng lương thì tôi có thuộc đối tượng phải tham gia bảo hiểm xã hội bắt buộc không, và luật có cho phép tôi tham gia bảo hiểm xã hội tự nguyện không?",multi_hop,boolean,True,0.0,0.0,0.0,0.0,0.0,0.0,-0.00034176349965829925,-0.00034176349965829925,20.324154842417276
vlrag-10c803c6f0,DenseGraph_minus_DenseOnly,"Doanh nghiệp của tôi có trụ sở tại tỉnh Hậu Giang, chúng tôi có nghĩa vụ gì trong việc thực hiện chính sách chúc thọ, mừng thọ cho người cao tuổi trên địa bàn không?",single_hop,abstractive,True,0.0,0.0,0.0,0.0,0.0,0.0,-0.00486815415821501,-0.00486815415821501,-2.0333828350003387
vlrag-10c803c6f0,HybridGraph_minus_HybridOnly,"Doanh nghiệp của tôi có trụ sở tại tỉnh Hậu Giang, chúng tôi có nghĩa vụ gì trong việc thực hiện chính sách chúc thọ, mừng thọ cho người cao tuổi trên địa bàn không?",single_hop,abstractive,True,0.0,0.0,0.0,0.0,0.0,0.0,0.0554029304029304,0.011446886446886406,-2.5132152580008515
vlrag-10c803c6f0,HybridOnly_minus_DenseOnly,"Doanh nghiệp của tôi có trụ sở tại tỉnh Hậu Giang, chúng tôi có nghĩa vụ gì trong việc thực hiện chính sách chúc thọ, mừng thọ cho người cao tuổi trên địa bàn không?",single_hop,abstractive,True,-1.0,-1.0,-0.5,-0.6309297535714575,-0.1,0.0,-0.0034313725490196234,-0.0034313725490196234,23.98246273542344
vlrag-10c803c6f0,HybridGraph_minus_DenseGraph,"Doanh nghiệp của tôi có trụ sở tại tỉnh Hậu Giang, chúng tôi có nghĩa vụ gì trong việc thực hiện chính sách chúc thọ, mừng thọ cho người cao tuổi trên địa bàn không?",single_hop,abstractive,True,-1.0,-1.0,-0.5,-0.6309297535714575,-0.1,0.0,0.05683971201212579,0.012883668056081793,23.502630312422927
vlrag-10c866dd36,DenseGraph_minus_DenseOnly,"Tôi đang là chủ hộ kinh doanh trên địa bàn thị trấn Đức Hòa, việc thị trấn được công nhận đạt chuẩn đô thị loại IV có làm phát sinh thêm nghĩa vụ gì mà tôi cần phải thực hiện hay không?",single_hop,unanswerable,False,0.0,0.0,0.0,0.0,0.0,0.0,0.0,0.0,1.644454701000086
vlrag-10c866dd36,HybridGraph_minus_HybridOnly,"Tôi đang là chủ hộ kinh doanh trên địa bàn thị trấn Đức Hòa, việc thị trấn được công nhận đạt chuẩn đô thị loại IV có làm phát sinh thêm nghĩa vụ gì mà tôi cần phải thực hiện hay không?",single_hop,unanswerable,False,0.0,0.0,0.0,0.0,0.0,0.0,0.0,0.0,-0.14605706200018886
vlrag-10c866dd36,HybridOnly_minus_DenseOnly,"Tôi đang là chủ hộ kinh doanh trên địa bàn thị trấn Đức Hòa, việc thị trấn được công nhận đạt chuẩn đô thị loại IV có làm phát sinh thêm nghĩa vụ gì mà tôi cần phải thực hiện hay không?",single_hop,unanswerable,False,0.0,0.0,0.0,0.0,0.0,0.0,0.0,0.0,24.22292250941991
vlrag-10c866dd36,HybridGraph_minus_DenseGraph,"Tôi đang là chủ hộ kinh doanh trên địa bàn thị trấn Đức Hòa, việc thị trấn được công nhận đạt chuẩn đô thị loại IV có làm phát sinh thêm nghĩa vụ gì mà tôi cần phải thực hiện hay không?",single_hop,unanswerable,False,0.0,0.0,0.0,0.0,0.0,0.0,0.0,0.0,22.432410746419635
vlrag-1208dacdd4,DenseGraph_minus_DenseOnly,"Chúng tôi đang kinh doanh tại khu vực mỏ Phạc Lẫm, việc bổ sung khu vực này vào quy hoạch khai thác khoáng sản theo Nghị quyết 14/2014/NQ-HĐND có làm thay đổi nghĩa vụ báo cáo của chúng tôi với chính quyền địa phương không?",cross_document,abstractive,True,0.0,0.0,0.0,0.0,0.0,0.0,0.0,0.0,-2.1710703990002003
vlrag-1208dacdd4,HybridGraph_minus_HybridOnly,"Chúng tôi đang kinh doanh tại khu vực mỏ Phạc Lẫm, việc bổ sung khu vực này vào quy hoạch khai thác khoáng sản theo Nghị quyết 14/2014/NQ-HĐND có làm thay đổi nghĩa vụ báo cáo của chúng tôi với chính quyền địa phương không?",cross_document,abstractive,True,0.0,0.0,0.0,0.0,0.0,0.0,0.0,0.0,-0.15070112899957167
vlrag-1208dacdd4,HybridOnly_minus_DenseOnly,"Chúng tôi đang kinh doanh tại khu vực mỏ Phạc Lẫm, việc bổ sung khu vực này vào quy hoạch khai thác khoáng sản theo Nghị quyết 14/2014/NQ-HĐND có làm thay đổi nghĩa vụ báo cáo của chúng tôi với chính quyền địa phương không?",cross_document,abstractive,True,0.0,0.0,0.0,0.0,0.0,0.0,0.0,0.0,24.316977608420704
vlrag-1208dacdd4,HybridGraph_minus_DenseGraph,"Chúng tôi đang kinh doanh tại khu vực mỏ Phạc Lẫm, việc bổ sung khu vực này vào quy hoạch khai thác khoáng sản theo Nghị quyết 14/2014/NQ-HĐND có làm thay đổi nghĩa vụ báo cáo của chúng tôi với chính quyền địa phương không?",cross_document,abstractive,True,0.0,0.0,0.0,0.0,0.0,0.0,0.0,0.0,26.337346878421332
vlrag-12ca1c3d2c,DenseGraph_minus_DenseOnly,Trong trường hợp tôi muốn biết thẩm quyền tuyển dụng công chức tại tỉnh Cà Mau hiện nay được thực hiện theo văn bản nào và liệu những quy định cũ trước đây có còn giá trị không?,multi_hop,abstractive,True,-0.3333333333333333,-1.0,-0.1111111111111111,-0.1412669728598289,-0.1,0.0,0.04713114754098369,0.04566744730679151,7.444746666000128
vlrag-12ca1c3d2c,HybridGraph_minus_HybridOnly,Trong trường hợp tôi muốn biết thẩm quyền tuyển dụng công chức tại tỉnh Cà Mau hiện nay được thực hiện theo văn bản nào và liệu những quy định cũ trước đây có còn giá trị không?,multi_hop,abstractive,True,0.0,0.0,0.0,0.0,0.0,0.0,-0.009615384615384692,-0.030219780219780168,-0.2838364510007487
vlrag-12ca1c3d2c,HybridOnly_minus_DenseOnly,Trong trường hợp tôi muốn biết thẩm quyền tuyển dụng công chức tại tỉnh Cà Mau hiện nay được thực hiện theo văn bản nào và liệu những quy định cũ trước đây có còn giá trị không?,multi_hop,abstractive,True,-0.3333333333333333,-1.0,-0.1111111111111111,-0.1412669728598289,-0.1,0.0,0.04713114754098369,0.04566744730679151,26.600369142425453
vlrag-12ca1c3d2c,HybridGraph_minus_DenseGraph,Trong trường hợp tôi muốn biết thẩm quyền tuyển dụng công chức tại tỉnh Cà Mau hiện nay được thực hiện theo văn bản nào và liệu những quy định cũ trước đây có còn giá trị không?,multi_hop,abstractive,True,0.0,0.0,0.0,0.0,0.0,0.0,-0.009615384615384692,-0.030219780219780168,18.871786025424576
vlrag-146fd3ad63,DenseGraph_minus_DenseOnly,Có được áp dụng Nghị quyết 23/2017/NQ-HĐND của tỉnh Quảng Nam để chi trả tiền họp cho các thành viên Ban Chỉ đạo từ tháng 1 năm 2017 không?,legal_validity,boolean,True,0.0,0.0,0.0,0.0,0.0,0.0,0.0,0.0,-4.093492189000131
vlrag-146fd3ad63,HybridGraph_minus_HybridOnly,Có được áp dụng Nghị quyết 23/2017/NQ-HĐND của tỉnh Quảng Nam để chi trả tiền họp cho các thành viên Ban Chỉ đạo từ tháng 1 năm 2017 không?,legal_validity,boolean,True,0.0,0.0,0.0,0.0,0.0,0.0,0.0,0.0,-0.3102646339993953
vlrag-146fd3ad63,HybridOnly_minus_DenseOnly,Có được áp dụng Nghị quyết 23/2017/NQ-HĐND của tỉnh Quảng Nam để chi trả tiền họp cho các thành viên Ban Chỉ đạo từ tháng 1 năm 2017 không?,legal_validity,boolean,True,1.0,1.0,0.25,0.430676558073393,0.1,0.0,0.0,0.0,20.847048301422266
vlrag-146fd3ad63,HybridGraph_minus_DenseGraph,Có được áp dụng Nghị quyết 23/2017/NQ-HĐND của tỉnh Quảng Nam để chi trả tiền họp cho các thành viên Ban Chỉ đạo từ tháng 1 năm 2017 không?,legal_validity,boolean,True,1.0,1.0,0.25,0.430676558073393,0.1,0.0,0.0,0.0,24.630275856423
vlrag-14bb215758,DenseGraph_minus_DenseOnly,Làm sao để tôi biết một cộng tác viên dân số tại ấp có được phép phụ trách cùng lúc nhiều địa bàn dân cư hay không?,single_hop,boolean,True,-1.0,-1.0,-0.125,-0.3154648767857287,-0.1,0.0,0.0,0.0,1.3643612990001657
vlrag-14bb215758,HybridGraph_minus_HybridOnly,Làm sao để tôi biết một cộng tác viên dân số tại ấp có được phép phụ trách cùng lúc nhiều địa bàn dân cư hay không?,single_hop,boolean,True,0.0,0.0,0.0,0.0,0.0,0.0,0.1451612903225806,0.1451612903225806,-1.595888862002539
vlrag-14bb215758,HybridOnly_minus_DenseOnly,Làm sao để tôi biết một cộng tác viên dân số tại ấp có được phép phụ trách cùng lúc nhiều địa bàn dân cư hay không?,single_hop,boolean,True,0.0,0.0,0.20833333333333331,0.1845351232142713,0.0,0.0,-0.1451612903225806,-0.1451612903225806,26.151985730422613
vlrag-14bb215758,HybridGraph_minus_DenseGraph,Làm sao để tôi biết một cộng tác viên dân số tại ấp có được phép phụ trách cùng lúc nhiều địa bàn dân cư hay không?,single_hop,boolean,True,1.0,1.0,0.3333333333333333,0.5,0.1,0.0,0.0,0.0,23.191735569419908
vlrag-150e88a994,DenseGraph_minus_DenseOnly,"Tôi nghe nói có quy định về định mức và kinh phí trang bị phương tiện chữa cháy cho lực lượng cơ sở, thông tin này có nằm trong Thông tư 56/2014/TT-BCA không?",citation,boolean,True,0.0,0.0,0.0,0.0,0.0,0.0,0.0,0.0,-4.140770898999108
vlrag-150e88a994,HybridGraph_minus_HybridOnly,"Tôi nghe nói có quy định về định mức và kinh phí trang bị phương tiện chữa cháy cho lực lượng cơ sở, thông tin này có nằm trong Thông tư 56/2014/TT-BCA không?",citation,boolean,True,0.0,0.0,0.0,0.0,0.0,0.0,0.0,0.0,-1.118936924001897
vlrag-150e88a994,HybridOnly_minus_DenseOnly,"Tôi nghe nói có quy định về định mức và kinh phí trang bị phương tiện chữa cháy cho lực lượng cơ sở, thông tin này có nằm trong Thông tư 56/2014/TT-BCA không?",citation,boolean,True,-1.0,-1.0,-0.25,-0.430676558073393,-0.1,0.0,0.0,0.0,24.52712216842309
vlrag-150e88a994,HybridGraph_minus_DenseGraph,"Tôi nghe nói có quy định về định mức và kinh phí trang bị phương tiện chữa cháy cho lực lượng cơ sở, thông tin này có nằm trong Thông tư 56/2014/TT-BCA không?",citation,boolean,True,-1.0,-1.0,-0.25,-0.430676558073393,-0.1,0.0,0.0,0.0,27.548956143420302
vlrag-156fed47ff,DenseGraph_minus_DenseOnly,"Doanh nghiệp của tôi muốn tham gia hỗ trợ các hoạt động phòng chống bạo lực gia đình tại địa phương, vậy căn cứ pháp lý nào hiện nay đang quy định về việc tỉnh Lâm Đồng khuyến khích phát triển các cơ sở dịch vụ gia đình?",citation,abstractive,True,0.0,0.0,0.0,0.0,0.0,0.0,0.01022233580373108,0.01022233580373108,-1.3978314650000812
vlrag-156fed47ff,HybridGraph_minus_HybridOnly,"Doanh nghiệp của tôi muốn tham gia hỗ trợ các hoạt động phòng chống bạo lực gia đình tại địa phương, vậy căn cứ pháp lý nào hiện nay đang quy định về việc tỉnh Lâm Đồng khuyến khích phát triển các cơ sở dịch vụ gia đình?",citation,abstractive,True,0.0,0.0,0.0,0.0,0.0,0.0,-0.02686461647225169,-0.02686461647225169,1.2832581950005917
vlrag-156fed47ff,HybridOnly_minus_DenseOnly,"Doanh nghiệp của tôi muốn tham gia hỗ trợ các hoạt động phòng chống bạo lực gia đình tại địa phương, vậy căn cứ pháp lý nào hiện nay đang quy định về việc tỉnh Lâm Đồng khuyến khích phát triển các cơ sở dịch vụ gia đình?",citation,abstractive,True,0.0,0.0,0.0,0.0,0.0,0.0,-0.062003037612793716,-0.062003037612793716,23.871086336424646
vlrag-156fed47ff,HybridGraph_minus_DenseGraph,"Doanh nghiệp của tôi muốn tham gia hỗ trợ các hoạt động phòng chống bạo lực gia đình tại địa phương, vậy căn cứ pháp lý nào hiện nay đang quy định về việc tỉnh Lâm Đồng khuyến khích phát triển các cơ sở dịch vụ gia đình?",citation,abstractive,True,0.0,0.0,0.0,0.0,0.0,0.0,-0.09908998988877649,-0.09908998988877649,26.55217599642532
vlrag-1611531bcb,DenseGraph_minus_DenseOnly,Làm sao để biết chi tiết danh mục các công trình được giao kế hoạch tạm ứng vốn đầu tư cơ sở hạ tầng phục vụ năm du lịch Thái Nguyên 2007?,single_hop,extractive,True,0.0,0.0,0.0,0.0,0.0,0.0,0.0,0.0,0.1774291309993714
vlrag-1611531bcb,HybridGraph_minus_HybridOnly,Làm sao để biết chi tiết danh mục các công trình được giao kế hoạch tạm ứng vốn đầu tư cơ sở hạ tầng phục vụ năm du lịch Thái Nguyên 2007?,single_hop,extractive,True,0.0,0.0,0.0,0.0,0.0,0.0,0.0032076984763432237,0.00294039026998133,-0.9836990549993097
vlrag-1611531bcb,HybridOnly_minus_DenseOnly,Làm sao để biết chi tiết danh mục các công trình được giao kế hoạch tạm ứng vốn đầu tư cơ sở hạ tầng phục vụ năm du lịch Thái Nguyên 2007?,single_hop,extractive,True,0.0,0.0,0.16666666666666669,0.13092975357145753,0.0,0.0,0.003134796238244475,0.0028735632183908844,26.86962032442779
vlrag-1611531bcb,HybridGraph_minus_DenseGraph,Làm sao để biết chi tiết danh mục các công trình được giao kế hoạch tạm ứng vốn đầu tư cơ sở hạ tầng phục vụ năm du lịch Thái Nguyên 2007?,single_hop,extractive,True,0.0,0.0,0.16666666666666669,0.13092975357145753,0.0,0.0,0.006342494714587699,0.005813953488372214,25.708492138429108
vlrag-16c9d79880,DenseGraph_minus_DenseOnly,"Gia đình tôi nghe nói có quy định hỗ trợ lãi suất cho hộ dân tộc thiểu số tại chỗ ở Đắk Nông, không biết quy định này có thật không và dựa trên văn bản nào để tôi kiểm tra?",citation,abstractive,True,0.0,0.0,0.0,0.0,0.0,0.0,0.023088023088023102,0.0020614306328592125,3.4614697140004864
vlrag-16c9d79880,HybridGraph_minus_HybridOnly,"Gia đình tôi nghe nói có quy định hỗ trợ lãi suất cho hộ dân tộc thiểu số tại chỗ ở Đắk Nông, không biết quy định này có thật không và dựa trên văn bản nào để tôi kiểm tra?",citation,abstractive,True,0.0,0.0,0.0,0.0,0.0,0.0,-0.048041044776119424,-0.04384328358208961,0.12295934699977806
vlrag-16c9d79880,HybridOnly_minus_DenseOnly,"Gia đình tôi nghe nói có quy định hỗ trợ lãi suất cho hộ dân tộc thiểu số tại chỗ ở Đắk Nông, không biết quy định này có thật không và dựa trên văn bản nào để tôi kiểm tra?",citation,abstractive,True,-1.0,-1.0,-0.2,-0.3868528072345416,-0.1,0.0,0.1436237373737374,0.11047979797979801,24.463692684422032
vlrag-16c9d79880,HybridGraph_minus_DenseGraph,"Gia đình tôi nghe nói có quy định hỗ trợ lãi suất cho hộ dân tộc thiểu số tại chỗ ở Đắk Nông, không biết quy định này có thật không và dựa trên văn bản nào để tôi kiểm tra?",citation,abstractive,True,-1.0,-1.0,-0.2,-0.3868528072345416,-0.1,0.0,0.07249466950959488,0.06457508376484919,21.125182317421324
vlrag-16f889c632,DenseGraph_minus_DenseOnly,Làm sao để biết chi tiết về các quy định tổ chức và hoạt động của Trung tâm nuôi dạy trẻ em khó khăn thành phố Đà Nẵng?,single_hop,abstractive,True,0.0,0.0,0.0,0.0,0.0,0.0,0.02129856718729839,0.01742610042597137,-0.8839774859998206
vlrag-16f889c632,HybridGraph_minus_HybridOnly,Làm sao để biết chi tiết về các quy định tổ chức và hoạt động của Trung tâm nuôi dạy trẻ em khó khăn thành phố Đà Nẵng?,single_hop,abstractive,True,0.0,0.0,0.0,0.0,0.0,0.0,0.008448540706605168,0.006912442396313279,1.5357169070011807
vlrag-16f889c632,HybridOnly_minus_DenseOnly,Làm sao để biết chi tiết về các quy định tổ chức và hoạt động của Trung tâm nuôi dạy trẻ em khó khăn thành phố Đà Nẵng?,single_hop,abstractive,True,0.0,0.0,0.0,0.0,0.0,0.0,0.004124484439445131,0.003374578177727794,25.9889669714209
vlrag-16f889c632,HybridGraph_minus_DenseGraph,Làm sao để biết chi tiết về các quy định tổ chức và hoạt động của Trung tâm nuôi dạy trẻ em khó khăn thành phố Đà Nẵng?,single_hop,abstractive,True,0.0,0.0,0.0,0.0,0.0,0.0,-0.008725542041248091,-0.007139079851930297,28.408661364421903
vlrag-1744d778b4,DenseGraph_minus_DenseOnly,"Doanh nghiệp của tôi có trụ sở tại xã Lạc Quới, huyện Tri Tôn, tôi muốn biết phạm vi vành đai biên giới ở khu vực này được tính toán như thế nào?",single_hop,extractive,True,0.0,0.0,0.0,0.0,0.0,0.0,0.0,0.0,-0.17705643200133636
vlrag-1744d778b4,HybridGraph_minus_HybridOnly,"Doanh nghiệp của tôi có trụ sở tại xã Lạc Quới, huyện Tri Tôn, tôi muốn biết phạm vi vành đai biên giới ở khu vực này được tính toán như thế nào?",single_hop,extractive,True,-1.0,-1.0,-0.125,-0.3154648767857287,-0.1,0.0,-0.5220810647307925,-0.49909255898366617,-4.045072251999951
vlrag-1744d778b4,HybridOnly_minus_DenseOnly,"Doanh nghiệp của tôi có trụ sở tại xã Lạc Quới, huyện Tri Tôn, tôi muốn biết phạm vi vành đai biên giới ở khu vực này được tính toán như thế nào?",single_hop,extractive,True,1.0,1.0,0.125,0.3154648767857287,0.1,0.0,0.5220810647307925,0.49909255898366617,30.65991557042679
vlrag-1744d778b4,HybridGraph_minus_DenseGraph,"Doanh nghiệp của tôi có trụ sở tại xã Lạc Quới, huyện Tri Tôn, tôi muốn biết phạm vi vành đai biên giới ở khu vực này được tính toán như thế nào?",single_hop,extractive,True,0.0,0.0,0.0,0.0,0.0,0.0,0.0,0.0,26.791899750428176
vlrag-18eb58e061,DenseGraph_minus_DenseOnly,Làm sao để tôi kiểm tra xem quy định về bảng giá tính lệ phí trước bạ xe máy của tỉnh Bến Tre hiện nay có thực sự dựa trên giá thực tế hay không?,citation,abstractive,True,0.0,0.0,0.0,0.0,0.0,0.0,0.02341220423412199,0.04483188044831879,3.6802493249997514
vlrag-18eb58e061,HybridGraph_minus_HybridOnly,Làm sao để tôi kiểm tra xem quy định về bảng giá tính lệ phí trước bạ xe máy của tỉnh Bến Tre hiện nay có thực sự dựa trên giá thực tế hay không?,citation,abstractive,True,0.0,0.0,0.0,0.0,0.0,0.0,0.02298340580353192,0.023471470405537376,1.3838167390022207
vlrag-18eb58e061,HybridOnly_minus_DenseOnly,Làm sao để tôi kiểm tra xem quy định về bảng giá tính lệ phí trước bạ xe máy của tỉnh Bến Tre hiện nay có thực sự dựa trên giá thực tế hay không?,citation,abstractive,True,0.0,0.0,0.0,0.0,0.0,0.0,0.0037922761396175786,0.007081495240306407,25.575861022425386
vlrag-18eb58e061,HybridGraph_minus_DenseGraph,Làm sao để tôi kiểm tra xem quy định về bảng giá tính lệ phí trước bạ xe máy của tỉnh Bến Tre hiện nay có thực sự dựa trên giá thực tế hay không?,citation,abstractive,True,0.0,0.0,0.0,0.0,0.0,0.0,0.003363477709027507,-0.014278914802475007,23.279428436427857
vlrag-19aca15ec5,DenseGraph_minus_DenseOnly,"Tôi nghe một người bạn nói rằng hiện nay có văn bản quy định chi tiết về việc bảo quản, tu bổ và phục hồi các di tích lịch sử. Điều này có chính xác không và quy định đó nằm ở văn bản nào?",citation,extractive,True,0.0,0.0,0.0,0.0,0.0,0.0,0.0,0.0,1.0032040290000168
vlrag-19aca15ec5,HybridGraph_minus_HybridOnly,"Tôi nghe một người bạn nói rằng hiện nay có văn bản quy định chi tiết về việc bảo quản, tu bổ và phục hồi các di tích lịch sử. Điều này có chính xác không và quy định đó nằm ở văn bản nào?",citation,extractive,True,0.0,0.0,0.0,0.0,0.0,0.0,0.0029385836027035206,-0.021451660299735498,-1.737400772999532
vlrag-19aca15ec5,HybridOnly_minus_DenseOnly,"Tôi nghe một người bạn nói rằng hiện nay có văn bản quy định chi tiết về việc bảo quản, tu bổ và phục hồi các di tích lịch sử. Điều này có chính xác không và quy định đó nằm ở văn bản nào?",citation,extractive,True,0.0,0.0,0.0,0.0,0.0,0.0,0.004121750158528781,0.004121750158528781,29.160924396422104
vlrag-19aca15ec5,HybridGraph_minus_DenseGraph,"Tôi nghe một người bạn nói rằng hiện nay có văn bản quy định chi tiết về việc bảo quản, tu bổ và phục hồi các di tích lịch sử. Điều này có chính xác không và quy định đó nằm ở văn bản nào?",citation,extractive,True,0.0,0.0,0.0,0.0,0.0,0.0,0.007060333761232301,-0.017329910141206717,26.420319594422555
vlrag-1a404bc765,DenseGraph_minus_DenseOnly,"Sắp tới tôi muốn thực hiện dự án dược liệu quý và cần căn cứ pháp lý rõ ràng để bảo vệ quyền lợi cũng như yêu cầu hỗ trợ đầu tư, thì quy định này nằm ở văn bản nào và điều khoản nào?",citation,abstractive,True,0.0,0.0,0.0,0.0,0.0,0.0,0.00012944983818768963,0.008198489751887791,2.0343531140001687
vlrag-1a404bc765,HybridGraph_minus_HybridOnly,"Sắp tới tôi muốn thực hiện dự án dược liệu quý và cần căn cứ pháp lý rõ ràng để bảo vệ quyền lợi cũng như yêu cầu hỗ trợ đầu tư, thì quy định này nằm ở văn bản nào và điều khoản nào?",citation,abstractive,True,0.0,0.0,0.0,0.0,0.0,0.0,0.023809523809523808,0.02857142857142861,0.7198895920009782
vlrag-1a404bc765,HybridOnly_minus_DenseOnly,"Sắp tới tôi muốn thực hiện dự án dược liệu quý và cần căn cứ pháp lý rõ ràng để bảo vệ quyền lợi cũng như yêu cầu hỗ trợ đầu tư, thì quy định này nằm ở văn bản nào và điều khoản nào?",citation,abstractive,True,0.0,0.0,0.0,0.0,0.0,0.0,0.07904761904761909,0.05396825396825389,24.796117351422883
vlrag-1a404bc765,HybridGraph_minus_DenseGraph,"Sắp tới tôi muốn thực hiện dự án dược liệu quý và cần căn cứ pháp lý rõ ràng để bảo vệ quyền lợi cũng như yêu cầu hỗ trợ đầu tư, thì quy định này nằm ở văn bản nào và điều khoản nào?",citation,abstractive,True,0.0,0.0,0.0,0.0,0.0,0.0,0.10272769301895521,0.0743411927877947,23.481653829423692
vlrag-1a9ac107d9,DenseGraph_minus_DenseOnly,"Tôi là người dân, nếu các cấp ngành không thực hiện đúng kế hoạch phổ biến giáo dục pháp luật đã đề ra thì Hội đồng có nhiệm vụ gì để xử lý không?",single_hop,abstractive,True,0.0,0.0,0.0,0.0,0.0,0.0,0.03968253968253971,0.05631141345427049,-2.9464743229991655
vlrag-1a9ac107d9,HybridGraph_minus_HybridOnly,"Tôi là người dân, nếu các cấp ngành không thực hiện đúng kế hoạch phổ biến giáo dục pháp luật đã đề ra thì Hội đồng có nhiệm vụ gì để xử lý không?",single_hop,abstractive,True,0.0,0.0,0.0,0.0,0.0,0.0,0.046702317290552464,0.025668449197860876,-0.7140872560048557
vlrag-1a9ac107d9,HybridOnly_minus_DenseOnly,"Tôi là người dân, nếu các cấp ngành không thực hiện đúng kế hoạch phổ biến giáo dục pháp luật đã đề ra thì Hội đồng có nhiệm vụ gì để xử lý không?",single_hop,abstractive,True,1.0,1.0,0.3333333333333333,0.5,0.1,0.0,-0.04343434343434338,-0.02457912457912459,24.418865730420922
vlrag-1a9ac107d9,HybridGraph_minus_DenseGraph,"Tôi là người dân, nếu các cấp ngành không thực hiện đúng kế hoạch phổ biến giáo dục pháp luật đã đề ra thì Hội đồng có nhiệm vụ gì để xử lý không?",single_hop,abstractive,True,1.0,1.0,0.3333333333333333,0.5,0.1,0.0,-0.036414565826330625,-0.0552220888355342,26.651252797415232
vlrag-1ab2c94d5e,DenseGraph_minus_DenseOnly,"Trong trường hợp Hội đồng nhân dân cấp tỉnh muốn ban hành văn bản quy phạm pháp luật, họ có cần tuân thủ quy trình hay không?",single_hop,boolean,True,0.0,0.0,0.0,0.0,0.0,0.0,0.0,0.0,-1.6670463779998963
vlrag-1ab2c94d5e,HybridGraph_minus_HybridOnly,"Trong trường hợp Hội đồng nhân dân cấp tỉnh muốn ban hành văn bản quy phạm pháp luật, họ có cần tuân thủ quy trình hay không?",single_hop,boolean,True,0.0,0.0,0.0,0.0,0.0,0.0,0.0,0.0,-0.295474703998476
vlrag-1ab2c94d5e,HybridOnly_minus_DenseOnly,"Trong trường hợp Hội đồng nhân dân cấp tỉnh muốn ban hành văn bản quy phạm pháp luật, họ có cần tuân thủ quy trình hay không?",single_hop,boolean,True,0.0,0.0,0.0,0.0,0.0,0.0,0.0,0.0,25.976671336422157
vlrag-1ab2c94d5e,HybridGraph_minus_DenseGraph,"Trong trường hợp Hội đồng nhân dân cấp tỉnh muốn ban hành văn bản quy phạm pháp luật, họ có cần tuân thủ quy trình hay không?",single_hop,boolean,True,0.0,0.0,0.0,0.0,0.0,0.0,0.0,0.0,27.348243010423577
vlrag-1af9d2dd05,DenseGraph_minus_DenseOnly,"Gia đình tôi nộp hồ sơ tại bộ phận một cửa của tỉnh Hậu Giang, cán bộ tiếp nhận có trách nhiệm gì về thời hạn trả kết quả không?",single_hop,unanswerable,False,0.0,0.0,0.0,0.0,0.0,0.0,0.021442495126705603,0.005523066926575698,-1.9872760370001288
vlrag-1af9d2dd05,HybridGraph_minus_HybridOnly,"Gia đình tôi nộp hồ sơ tại bộ phận một cửa của tỉnh Hậu Giang, cán bộ tiếp nhận có trách nhiệm gì về thời hạn trả kết quả không?",single_hop,unanswerable,False,0.0,0.0,0.0,0.0,0.0,0.0,-0.023235800344234094,-0.023235800344234094,-0.9886915589977399
vlrag-1af9d2dd05,HybridOnly_minus_DenseOnly,"Gia đình tôi nộp hồ sơ tại bộ phận một cửa của tỉnh Hậu Giang, cán bộ tiếp nhận có trách nhiệm gì về thời hạn trả kết quả không?",single_hop,unanswerable,False,0.0,0.0,0.0,0.0,0.0,0.0,0.018796992481203,0.027568922305764396,19.25162872641971
vlrag-1af9d2dd05,HybridGraph_minus_DenseGraph,"Gia đình tôi nộp hồ sơ tại bộ phận một cửa của tỉnh Hậu Giang, cán bộ tiếp nhận có trách nhiệm gì về thời hạn trả kết quả không?",single_hop,unanswerable,False,0.0,0.0,0.0,0.0,0.0,0.0,-0.025881302989736697,-0.001189944965045396,20.2502132044221
vlrag-1bd587f44d,DenseGraph_minus_DenseOnly,Làm sao để tôi biết chi phí lệ phí phải trả khi thực hiện thủ tục theo Luật Tiêu chuẩn và Quy chuẩn kỹ thuật?,single_hop,unanswerable,False,0.0,0.0,0.0,0.0,0.0,0.0,-0.0109554140127388,-0.0109554140127388,5.424127959000089
vlrag-1bd587f44d,HybridGraph_minus_HybridOnly,Làm sao để tôi biết chi phí lệ phí phải trả khi thực hiện thủ tục theo Luật Tiêu chuẩn và Quy chuẩn kỹ thuật?,single_hop,unanswerable,False,0.0,0.0,0.0,0.0,0.0,0.0,-0.0033778596652847964,0.0017401095245406992,-0.04182484299963107
vlrag-1bd587f44d,HybridOnly_minus_DenseOnly,Làm sao để tôi biết chi phí lệ phí phải trả khi thực hiện thủ tục theo Luật Tiêu chuẩn và Quy chuẩn kỹ thuật?,single_hop,unanswerable,False,0.0,0.0,0.0,0.0,0.0,0.0,0.00032663726931239645,-0.0167673798247047,26.77365619142182
vlrag-1bd587f44d,HybridGraph_minus_DenseGraph,Làm sao để tôi biết chi phí lệ phí phải trả khi thực hiện thủ tục theo Luật Tiêu chuẩn và Quy chuẩn kỹ thuật?,single_hop,unanswerable,False,0.0,0.0,0.0,0.0,0.0,0.0,0.0079041916167664,-0.0040718562874252,21.3077033894221
vlrag-1c78faf381,DenseGraph_minus_DenseOnly,"Sắp tới tôi có dự án xây dựng hạ tầng phục vụ du lịch tại Thái Nguyên, tôi muốn biết mình phải nộp bao nhiêu phí hoặc lệ phí tạm ứng vốn từ ngân sách tỉnh?",single_hop,unanswerable,False,0.0,0.0,0.0,0.0,0.0,0.0,0.0,0.0,-7.1794551290004165
vlrag-1c78faf381,HybridGraph_minus_HybridOnly,"Sắp tới tôi có dự án xây dựng hạ tầng phục vụ du lịch tại Thái Nguyên, tôi muốn biết mình phải nộp bao nhiêu phí hoặc lệ phí tạm ứng vốn từ ngân sách tỉnh?",single_hop,unanswerable,False,0.0,0.0,0.0,0.0,0.0,0.0,0.0,0.0,-1.2853201879988738
vlrag-1c78faf381,HybridOnly_minus_DenseOnly,"Sắp tới tôi có dự án xây dựng hạ tầng phục vụ du lịch tại Thái Nguyên, tôi muốn biết mình phải nộp bao nhiêu phí hoặc lệ phí tạm ứng vốn từ ngân sách tỉnh?",single_hop,unanswerable,False,0.0,0.0,0.0,0.0,0.0,0.0,0.0,0.0,21.45690369241646
vlrag-1c78faf381,HybridGraph_minus_DenseGraph,"Sắp tới tôi có dự án xây dựng hạ tầng phục vụ du lịch tại Thái Nguyên, tôi muốn biết mình phải nộp bao nhiêu phí hoặc lệ phí tạm ứng vốn từ ngân sách tỉnh?",single_hop,unanswerable,False,0.0,0.0,0.0,0.0,0.0,0.0,0.0,0.0,27.351038633418003
vlrag-1cd778e04c,DenseGraph_minus_DenseOnly,"Nếu cơ quan tôi vừa kỷ luật một nhân viên thì các tài liệu, biên bản cuộc họp và quyết định kỷ luật đó có cần phải đưa vào hồ sơ cá nhân của nhân viên đó không?",single_hop,boolean,True,0.0,0.0,0.0,0.0,0.0,0.0,0.0,0.0,-3.4419476100001702
vlrag-1cd778e04c,HybridGraph_minus_HybridOnly,"Nếu cơ quan tôi vừa kỷ luật một nhân viên thì các tài liệu, biên bản cuộc họp và quyết định kỷ luật đó có cần phải đưa vào hồ sơ cá nhân của nhân viên đó không?",single_hop,boolean,True,0.0,0.0,0.0,0.0,0.0,0.0,0.0,0.0,0.32232899699920736
vlrag-1cd778e04c,HybridOnly_minus_DenseOnly,"Nếu cơ quan tôi vừa kỷ luật một nhân viên thì các tài liệu, biên bản cuộc họp và quyết định kỷ luật đó có cần phải đưa vào hồ sơ cá nhân của nhân viên đó không?",single_hop,boolean,True,-1.0,-1.0,-1.0,-1.0,-0.1,0.0,0.0,0.0,23.11859831142323
vlrag-1cd778e04c,HybridGraph_minus_DenseGraph,"Nếu cơ quan tôi vừa kỷ luật một nhân viên thì các tài liệu, biên bản cuộc họp và quyết định kỷ luật đó có cần phải đưa vào hồ sơ cá nhân của nhân viên đó không?",single_hop,boolean,True,-1.0,-1.0,-1.0,-1.0,-0.1,0.0,0.0,0.0,26.88287491842261
vlrag-1cf85aa067,DenseGraph_minus_DenseOnly,"Gia đình tôi đang tranh chấp về dữ liệu nhà ở và muốn gửi đơn kiến nghị, tôi cần nêu căn cứ pháp lý nào tại tỉnh Đắk Lắk quy định về việc phối hợp xây dựng và chia sẻ thông tin này để làm bằng chứng?",citation,abstractive,True,0.0,0.0,0.0,0.0,0.0,0.0,0.0042161418000343925,0.0042161418000343925,4.688798181000038
vlrag-1cf85aa067,HybridGraph_minus_HybridOnly,"Gia đình tôi đang tranh chấp về dữ liệu nhà ở và muốn gửi đơn kiến nghị, tôi cần nêu căn cứ pháp lý nào tại tỉnh Đắk Lắk quy định về việc phối hợp xây dựng và chia sẻ thông tin này để làm bằng chứng?",citation,abstractive,True,0.0,0.0,0.0,0.0,0.0,0.0,0.013757861635220081,0.013757861635220081,0.009833211999648483
vlrag-1cf85aa067,HybridOnly_minus_DenseOnly,"Gia đình tôi đang tranh chấp về dữ liệu nhà ở và muốn gửi đơn kiến nghị, tôi cần nêu căn cứ pháp lý nào tại tỉnh Đắk Lắk quy định về việc phối hợp xây dựng và chia sẻ thông tin này để làm bằng chứng?",citation,abstractive,True,0.0,0.0,0.0,0.0,0.0,0.0,0.042331881954523504,0.042331881954523504,26.291207133420986
vlrag-1cf85aa067,HybridGraph_minus_DenseGraph,"Gia đình tôi đang tranh chấp về dữ liệu nhà ở và muốn gửi đơn kiến nghị, tôi cần nêu căn cứ pháp lý nào tại tỉnh Đắk Lắk quy định về việc phối hợp xây dựng và chia sẻ thông tin này để làm bằng chứng?",citation,abstractive,True,0.0,0.0,0.0,0.0,0.0,0.0,0.05187360178970919,0.05187360178970919,21.612242164420596
vlrag-1dce62760f,DenseGraph_minus_DenseOnly,Có cần phải đóng lệ phí mới khi tỉnh Đồng Tháp vừa ra quyết định bãi bỏ các văn bản cũ về tài nguyên nước không?,single_hop,unanswerable,False,0.0,0.0,0.0,0.0,0.0,0.0,0.0,0.0,-0.2977241920002598
vlrag-1dce62760f,HybridGraph_minus_HybridOnly,Có cần phải đóng lệ phí mới khi tỉnh Đồng Tháp vừa ra quyết định bãi bỏ các văn bản cũ về tài nguyên nước không?,single_hop,unanswerable,False,0.0,0.0,0.0,0.0,0.0,0.0,0.0,0.0,0.22644469199804007
vlrag-1dce62760f,HybridOnly_minus_DenseOnly,Có cần phải đóng lệ phí mới khi tỉnh Đồng Tháp vừa ra quyết định bãi bỏ các văn bản cũ về tài nguyên nước không?,single_hop,unanswerable,False,0.0,0.0,0.0,0.0,0.0,0.0,0.0,0.0,25.33639922242327
vlrag-1dce62760f,HybridGraph_minus_DenseGraph,Có cần phải đóng lệ phí mới khi tỉnh Đồng Tháp vừa ra quyết định bãi bỏ các văn bản cũ về tài nguyên nước không?,single_hop,unanswerable,False,0.0,0.0,0.0,0.0,0.0,0.0,0.0,0.0,25.86056810642157
vlrag-1ee02f6238,DenseGraph_minus_DenseOnly,Làm sao để biết chính xác các quy định về việc tiếp dân ở tỉnh Hậu Giang dựa trên văn bản pháp luật nào?,citation,abstractive,True,0.0,0.0,0.0,0.0,0.0,0.0,-0.01395812562313059,0.02426055167829841,0.06524674000002051
vlrag-1ee02f6238,HybridGraph_minus_HybridOnly,Làm sao để biết chính xác các quy định về việc tiếp dân ở tỉnh Hậu Giang dựa trên văn bản pháp luật nào?,citation,abstractive,True,0.0,0.0,0.0,0.0,0.0,0.0,-0.02462393408067437,-0.06352400114975568,1.3358903129992505
vlrag-1ee02f6238,HybridOnly_minus_DenseOnly,Làm sao để biết chính xác các quy định về việc tiếp dân ở tỉnh Hậu Giang dựa trên văn bản pháp luật nào?,citation,abstractive,True,0.0,0.0,0.0,0.0,0.0,0.0,-0.028997514498757315,0.07152720243026789,27.93084710642319
vlrag-1ee02f6238,HybridGraph_minus_DenseGraph,Làm sao để biết chính xác các quy định về việc tiếp dân ở tỉnh Hậu Giang dựa trên văn bản pháp luật nào?,citation,abstractive,True,0.0,0.0,0.0,0.0,0.0,0.0,-0.039663322956301095,-0.016257350397786197,29.20149067942242
vlrag-1ee499dc19,DenseGraph_minus_DenseOnly,"Làm sao để biết chính xác mức chi tối đa cho các nội dung từ Quỹ phòng, chống tội phạm tỉnh Long An theo Quyết định số 36/2015/QĐ-UBND?",citation,extractive,True,0.0,0.0,0.0,0.0,0.0,0.0,-0.0024208566108006035,-0.002172563625077617,4.071115212999986
vlrag-1ee499dc19,HybridGraph_minus_HybridOnly,"Làm sao để biết chính xác mức chi tối đa cho các nội dung từ Quỹ phòng, chống tội phạm tỉnh Long An theo Quyết định số 36/2015/QĐ-UBND?",citation,extractive,True,-1.0,-1.0,-0.125,-0.3154648767857287,-0.1,0.0,0.0,0.0,3.7469072150015528
vlrag-1ee499dc19,HybridOnly_minus_DenseOnly,"Làm sao để biết chính xác mức chi tối đa cho các nội dung từ Quỹ phòng, chống tội phạm tỉnh Long An theo Quyết định số 36/2015/QĐ-UBND?",citation,extractive,True,0.0,0.0,-0.20833333333333331,-0.1845351232142713,0.0,0.0,0.0,0.0,25.568259724421242
vlrag-1ee499dc19,HybridGraph_minus_DenseGraph,"Làm sao để biết chính xác mức chi tối đa cho các nội dung từ Quỹ phòng, chống tội phạm tỉnh Long An theo Quyết định số 36/2015/QĐ-UBND?",citation,extractive,True,-1.0,-1.0,-0.3333333333333333,-0.5,-0.1,0.0,0.0024208566108006035,0.002172563625077617,25.24405172642281
vlrag-1ffbf4164f,DenseGraph_minus_DenseOnly,Làm sao để biết tôi đã đủ điều kiện để tham gia bán hàng đa cấp hay chưa?,single_hop,unanswerable,False,0.0,0.0,0.0,0.0,0.0,0.0,-0.014587435117236404,-0.014318954716305704,-1.6148672100000567
vlrag-1ffbf4164f,HybridGraph_minus_HybridOnly,Làm sao để biết tôi đã đủ điều kiện để tham gia bán hàng đa cấp hay chưa?,single_hop,unanswerable,False,0.0,0.0,0.0,0.0,0.0,0.0,0.5861244019138756,0.6012759170653907,-2.207654208999891
vlrag-1ffbf4164f,HybridOnly_minus_DenseOnly,Làm sao để biết tôi đã đủ điều kiện để tham gia bán hàng đa cấp hay chưa?,single_hop,unanswerable,False,0.0,0.0,0.0,0.0,0.0,0.0,-0.0221130221130221,-0.0237510237510237,24.72719248641983
vlrag-1ffbf4164f,HybridGraph_minus_DenseGraph,Làm sao để biết tôi đã đủ điều kiện để tham gia bán hàng đa cấp hay chưa?,single_hop,unanswerable,False,0.0,0.0,0.0,0.0,0.0,0.0,0.57859881491809,0.5918438480306727,24.134405487419997
vlrag-20e27c6df0,DenseGraph_minus_DenseOnly,Có được xem xét căn cứ pháp lý nào để làm rõ số tiền tôi phải nộp khi chuyển đổi đất lúa sang đất phi nông nghiệp tại Cần Thơ không?,citation,extractive,True,0.0,0.0,0.0,0.0,0.0,0.0,0.01989005497251381,0.01989005497251381,-1.6638364420005018
vlrag-20e27c6df0,HybridGraph_minus_HybridOnly,Có được xem xét căn cứ pháp lý nào để làm rõ số tiền tôi phải nộp khi chuyển đổi đất lúa sang đất phi nông nghiệp tại Cần Thơ không?,citation,extractive,True,0.0,0.0,0.0,0.0,0.0,0.0,0.0,0.0,-0.7933894559992076
vlrag-20e27c6df0,HybridOnly_minus_DenseOnly,Có được xem xét căn cứ pháp lý nào để làm rõ số tiền tôi phải nộp khi chuyển đổi đất lúa sang đất phi nông nghiệp tại Cần Thơ không?,citation,extractive,True,0.0,0.0,0.0,0.0,0.0,0.0,-0.1594202898550724,-0.1594202898550724,23.373084335420295
vlrag-20e27c6df0,HybridGraph_minus_DenseGraph,Có được xem xét căn cứ pháp lý nào để làm rõ số tiền tôi phải nộp khi chuyển đổi đất lúa sang đất phi nông nghiệp tại Cần Thơ không?,citation,extractive,True,0.0,0.0,0.0,0.0,0.0,0.0,-0.1793103448275862,-0.1793103448275862,24.24353132142159
vlrag-2207557158,DenseGraph_minus_DenseOnly,Gia đình tôi ở quận Long Biên muốn biết cơ quan nào chịu trách nhiệm lập quy hoạch chi tiết hệ thống hạ tầng kỹ thuật của quận này?,single_hop,extractive,True,-1.0,-1.0,-0.1428571428571428,-0.3333333333333333,-0.1,0.0,-0.030659536541889396,-0.050267379679144304,0.6307214699995711
vlrag-2207557158,HybridGraph_minus_HybridOnly,Gia đình tôi ở quận Long Biên muốn biết cơ quan nào chịu trách nhiệm lập quy hoạch chi tiết hệ thống hạ tầng kỹ thuật của quận này?,single_hop,extractive,True,-1.0,-1.0,-0.1428571428571428,-0.3333333333333333,-0.1,0.0,0.0016096579476860967,0.0016096579476860967,-1.403219500998599
vlrag-2207557158,HybridOnly_minus_DenseOnly,Gia đình tôi ở quận Long Biên muốn biết cơ quan nào chịu trách nhiệm lập quy hoạch chi tiết hệ thống hạ tầng kỹ thuật của quận này?,single_hop,extractive,True,0.0,0.0,0.0,0.0,0.0,0.0,0.0035851472471191,0.0035851472471191,26.785476370421463
vlrag-2207557158,HybridGraph_minus_DenseGraph,Gia đình tôi ở quận Long Biên muốn biết cơ quan nào chịu trách nhiệm lập quy hoạch chi tiết hệ thống hạ tầng kỹ thuật của quận này?,single_hop,extractive,True,0.0,0.0,0.0,0.0,0.0,0.0,0.03585434173669459,0.0554621848739495,24.751535399423293
vlrag-221cb15408,DenseGraph_minus_DenseOnly,"Trong trường hợp tôi cần cung cấp thông tin về bất động sản cho cơ quan chức năng tại Đắk Lắk, có trường hợp nào tôi được miễn trừ hoặc ngoại lệ không phải thực hiện việc này không?",single_hop,boolean,True,0.0,0.0,0.0,0.0,0.0,0.0,0.0,0.0,-0.17537136200007808
vlrag-221cb15408,HybridGraph_minus_HybridOnly,"Trong trường hợp tôi cần cung cấp thông tin về bất động sản cho cơ quan chức năng tại Đắk Lắk, có trường hợp nào tôi được miễn trừ hoặc ngoại lệ không phải thực hiện việc này không?",single_hop,boolean,True,0.0,0.0,0.0,0.0,0.0,0.0,0.0,0.0,-1.2185332580011163
vlrag-221cb15408,HybridOnly_minus_DenseOnly,"Trong trường hợp tôi cần cung cấp thông tin về bất động sản cho cơ quan chức năng tại Đắk Lắk, có trường hợp nào tôi được miễn trừ hoặc ngoại lệ không phải thực hiện việc này không?",single_hop,boolean,True,0.0,0.0,0.0,0.0,0.0,0.0,0.0,0.0,27.56546632042154
vlrag-221cb15408,HybridGraph_minus_DenseGraph,"Trong trường hợp tôi cần cung cấp thông tin về bất động sản cho cơ quan chức năng tại Đắk Lắk, có trường hợp nào tôi được miễn trừ hoặc ngoại lệ không phải thực hiện việc này không?",single_hop,boolean,True,0.0,0.0,0.0,0.0,0.0,0.0,0.0,0.0,26.5223044244205
vlrag-22c5303380,DenseGraph_minus_DenseOnly,Tôi muốn biết căn cứ pháp lý cụ thể nào quy định về việc phân cấp quản lý công trình thủy lợi tại Cần Thơ để tôi có thể làm đơn kiến nghị gửi cơ quan chức năng?,citation,extractive,True,0.0,0.0,0.0,0.0,0.0,0.0,-0.09325274454175411,-0.06340199827309739,0.5719447270000728
vlrag-22c5303380,HybridGraph_minus_HybridOnly,Tôi muốn biết căn cứ pháp lý cụ thể nào quy định về việc phân cấp quản lý công trình thủy lợi tại Cần Thơ để tôi có thể làm đơn kiến nghị gửi cơ quan chức năng?,citation,extractive,True,0.0,0.0,0.0,0.0,0.0,0.0,0.0,0.0,-0.9652157450000196
vlrag-22c5303380,HybridOnly_minus_DenseOnly,Tôi muốn biết căn cứ pháp lý cụ thể nào quy định về việc phân cấp quản lý công trình thủy lợi tại Cần Thơ để tôi có thể làm đơn kiến nghị gửi cơ quan chức năng?,citation,extractive,True,0.0,0.0,0.0,0.0,0.0,0.0,0.05478103985566668,0.0846317861243234,25.171020846424145
vlrag-22c5303380,HybridGraph_minus_DenseGraph,Tôi muốn biết căn cứ pháp lý cụ thể nào quy định về việc phân cấp quản lý công trình thủy lợi tại Cần Thơ để tôi có thể làm đơn kiến nghị gửi cơ quan chức năng?,citation,extractive,True,0.0,0.0,0.0,0.0,0.0,0.0,0.1480337843974208,0.1480337843974208,23.633860374424053
vlrag-22e2153335,DenseGraph_minus_DenseOnly,"Tôi đang tra cứu về thủ tục tài khoản tại Kho bạc, nếu giữa văn bản cũ năm 1997 và quy định mới năm 2005 có điểm không khớp nhau thì tôi nên ưu tiên làm theo văn bản nào?",legal_validity,abstractive,True,0.0,0.0,0.0,0.0,0.0,0.0,-0.013453857473197411,-0.013453857473197411,4.669416122999792
vlrag-22e2153335,HybridGraph_minus_HybridOnly,"Tôi đang tra cứu về thủ tục tài khoản tại Kho bạc, nếu giữa văn bản cũ năm 1997 và quy định mới năm 2005 có điểm không khớp nhau thì tôi nên ưu tiên làm theo văn bản nào?",legal_validity,abstractive,True,0.0,0.0,0.0,0.0,0.0,0.0,-0.006174030484275478,-0.006174030484275478,0.4964921119990322
vlrag-22e2153335,HybridOnly_minus_DenseOnly,"Tôi đang tra cứu về thủ tục tài khoản tại Kho bạc, nếu giữa văn bản cũ năm 1997 và quy định mới năm 2005 có điểm không khớp nhau thì tôi nên ưu tiên làm theo văn bản nào?",legal_validity,abstractive,True,0.0,0.0,-0.16666666666666669,-0.13092975357145753,0.0,0.0,-0.013453857473197411,-0.013453857473197411,25.944903618423897
vlrag-22e2153335,HybridGraph_minus_DenseGraph,"Tôi đang tra cứu về thủ tục tài khoản tại Kho bạc, nếu giữa văn bản cũ năm 1997 và quy định mới năm 2005 có điểm không khớp nhau thì tôi nên ưu tiên làm theo văn bản nào?",legal_validity,abstractive,True,0.0,0.0,-0.16666666666666669,-0.13092975357145753,0.0,0.0,-0.006174030484275478,-0.006174030484275478,21.771979607423138
vlrag-23b94f2021,DenseGraph_minus_DenseOnly,"Trong trường hợp tôi là cán bộ xã, khi thực hiện kế hoạch tháng hành động vì trẻ em, địa phương có được phép tổ chức các hoạt động văn hóa, thể thao cho trẻ không?",single_hop,boolean,True,0.0,0.0,0.0,0.0,0.0,0.0,0.0013860013860014023,0.0013860013860014023,0.40212126200003695
vlrag-23b94f2021,HybridGraph_minus_HybridOnly,"Trong trường hợp tôi là cán bộ xã, khi thực hiện kế hoạch tháng hành động vì trẻ em, địa phương có được phép tổ chức các hoạt động văn hóa, thể thao cho trẻ không?",single_hop,boolean,True,0.0,0.0,0.0,0.0,0.0,0.0,0.0026002166847237003,0.0026002166847237003,0.20773188299972034
vlrag-23b94f2021,HybridOnly_minus_DenseOnly,"Trong trường hợp tôi là cán bộ xã, khi thực hiện kế hoạch tháng hành động vì trẻ em, địa phương có được phép tổ chức các hoạt động văn hóa, thể thao cho trẻ không?",single_hop,boolean,True,0.0,0.0,0.0,0.0,0.0,0.0,0.0025279884434814028,0.0025279884434814028,25.856701105422136
vlrag-23b94f2021,HybridGraph_minus_DenseGraph,"Trong trường hợp tôi là cán bộ xã, khi thực hiện kế hoạch tháng hành động vì trẻ em, địa phương có được phép tổ chức các hoạt động văn hóa, thể thao cho trẻ không?",single_hop,boolean,True,0.0,0.0,0.0,0.0,0.0,0.0,0.0037422037422037008,0.0037422037422037008,25.66231172642182
vlrag-242b2448d9,DenseGraph_minus_DenseOnly,"Nếu tôi đọc được thông tin về việc phê duyệt Chương trình An toàn truyền máu, thì văn bản nào quy định về điều này để tôi có thể đối chiếu?",citation,extractive,True,-1.0,-1.0,-0.1428571428571428,-0.3333333333333333,-0.1,0.0,0.0,0.0,-0.8075830649995619
vlrag-242b2448d9,HybridGraph_minus_HybridOnly,"Nếu tôi đọc được thông tin về việc phê duyệt Chương trình An toàn truyền máu, thì văn bản nào quy định về điều này để tôi có thể đối chiếu?",citation,extractive,True,0.0,0.0,0.0,0.0,0.0,0.0,0.039757412398921804,0.039757412398921804,-1.9282902319973765
vlrag-242b2448d9,HybridOnly_minus_DenseOnly,"Nếu tôi đọc được thông tin về việc phê duyệt Chương trình An toàn truyền máu, thì văn bản nào quy định về điều này để tôi có thể đối chiếu?",citation,extractive,True,-1.0,-1.0,-0.1428571428571428,-0.3333333333333333,-0.1,0.0,-0.0819327731092437,-0.0819327731092437,28.139495163419895
vlrag-242b2448d9,HybridGraph_minus_DenseGraph,"Nếu tôi đọc được thông tin về việc phê duyệt Chương trình An toàn truyền máu, thì văn bản nào quy định về điều này để tôi có thể đối chiếu?",citation,extractive,True,0.0,0.0,0.0,0.0,0.0,0.0,-0.042175360710321894,-0.042175360710321894,27.01878799642208
vlrag-247851e4d3,DenseGraph_minus_DenseOnly,Trong trường hợp tôi không chấp hành việc tiêm phòng dại định kỳ cho chó theo quy định thì tôi sẽ bị xử lý như thế nào?,single_hop,abstractive,True,0.0,0.0,0.0,0.0,0.0,0.0,-0.027329192546583794,-0.0082815734989648,-0.3409397630002786
vlrag-247851e4d3,HybridGraph_minus_HybridOnly,Trong trường hợp tôi không chấp hành việc tiêm phòng dại định kỳ cho chó theo quy định thì tôi sẽ bị xử lý như thế nào?,single_hop,abstractive,True,0.0,0.0,0.0,0.0,0.0,0.0,0.009625668449197808,-0.008556149732620297,0.15690691300187254
vlrag-247851e4d3,HybridOnly_minus_DenseOnly,Trong trường hợp tôi không chấp hành việc tiêm phòng dại định kỳ cho chó theo quy định thì tôi sẽ bị xử lý như thế nào?,single_hop,abstractive,True,0.0,0.0,0.0,0.0,0.0,0.0,0.0033613445378151974,0.02240896358543419,25.733348570421818
vlrag-247851e4d3,HybridGraph_minus_DenseGraph,Trong trường hợp tôi không chấp hành việc tiêm phòng dại định kỳ cho chó theo quy định thì tôi sẽ bị xử lý như thế nào?,single_hop,abstractive,True,0.0,0.0,0.0,0.0,0.0,0.0,0.0403162055335968,0.022134387351778695,26.23119524642397
vlrag-2489431fbb,DenseGraph_minus_DenseOnly,"Doanh nghiệp của tôi nghe nói có quy định mới về việc kiểm tra chất lượng phương tiện thủy nội địa, không biết quy định này có phải nằm trong Thông tư 48/2015/TT-BGTVT của Bộ Giao thông vận tải hay không?",citation,boolean,True,0.0,0.0,0.0,0.0,0.0,0.0,0.0,0.0,-0.4841612550003447
vlrag-2489431fbb,HybridGraph_minus_HybridOnly,"Doanh nghiệp của tôi nghe nói có quy định mới về việc kiểm tra chất lượng phương tiện thủy nội địa, không biết quy định này có phải nằm trong Thông tư 48/2015/TT-BGTVT của Bộ Giao thông vận tải hay không?",citation,boolean,True,0.0,0.0,-0.1,-0.0977879809166537,0.0,0.0,0.0,0.0,0.5476366890015925
vlrag-2489431fbb,HybridOnly_minus_DenseOnly,"Doanh nghiệp của tôi nghe nói có quy định mới về việc kiểm tra chất lượng phương tiện thủy nội địa, không biết quy định này có phải nằm trong Thông tư 48/2015/TT-BGTVT của Bộ Giao thông vận tải hay không?",citation,boolean,True,0.0,0.0,-0.3,-0.24407694633691596,0.0,0.0,0.0,0.0,27.136908414420475
vlrag-2489431fbb,HybridGraph_minus_DenseGraph,"Doanh nghiệp của tôi nghe nói có quy định mới về việc kiểm tra chất lượng phương tiện thủy nội địa, không biết quy định này có phải nằm trong Thông tư 48/2015/TT-BGTVT của Bộ Giao thông vận tải hay không?",citation,boolean,True,0.0,0.0,-0.4,-0.34186492725356965,0.0,0.0,0.0,0.0,28.168706358422412
vlrag-2507cdae37,DenseGraph_minus_DenseOnly,Gia đình tôi muốn biết định nghĩa chính xác về một 'khoản nợ' theo quy định của pháp luật ngân hàng hiện nay là như thế nào?,single_hop,extractive,True,0.0,0.0,0.0,0.0,0.0,0.0,-0.09276018099547517,-0.0832579185520362,1.4512060289994206
vlrag-2507cdae37,HybridGraph_minus_HybridOnly,Gia đình tôi muốn biết định nghĩa chính xác về một 'khoản nợ' theo quy định của pháp luật ngân hàng hiện nay là như thế nào?,single_hop,extractive,True,0.0,0.0,0.0,0.0,0.0,0.0,0.003395061728394988,0.0018518518518518823,-0.12810288800210046
vlrag-2507cdae37,HybridOnly_minus_DenseOnly,Gia đình tôi muốn biết định nghĩa chính xác về một 'khoản nợ' theo quy định của pháp luật ngân hàng hiện nay là như thế nào?,single_hop,extractive,True,0.0,0.0,0.0,0.0,0.0,0.0,0.0023741690408356497,-0.005698005698005687,23.212824788424943
vlrag-2507cdae37,HybridGraph_minus_DenseGraph,Gia đình tôi muốn biết định nghĩa chính xác về một 'khoản nợ' theo quy định của pháp luật ngân hàng hiện nay là như thế nào?,single_hop,extractive,True,0.0,0.0,0.0,0.0,0.0,0.0,0.09852941176470581,0.07941176470588239,21.63351587142342
vlrag-251ae43238,DenseGraph_minus_DenseOnly,"Chúng tôi đang rà soát các văn bản liên quan đến quản lý chợ để tham mưu cho xã, không biết Nghị định 114/2009/NĐ-CP có phải văn bản sửa đổi cho Nghị định 02/2003/NĐ-CP không?",citation,abstractive,True,0.0,0.0,0.0,0.0,0.0,0.0,0.0,0.0,1.786609253999813
vlrag-251ae43238,HybridGraph_minus_HybridOnly,"Chúng tôi đang rà soát các văn bản liên quan đến quản lý chợ để tham mưu cho xã, không biết Nghị định 114/2009/NĐ-CP có phải văn bản sửa đổi cho Nghị định 02/2003/NĐ-CP không?",citation,abstractive,True,0.0,0.0,0.0,0.0,0.0,0.0,0.0,0.0,1.0337391659995774
vlrag-251ae43238,HybridOnly_minus_DenseOnly,"Chúng tôi đang rà soát các văn bản liên quan đến quản lý chợ để tham mưu cho xã, không biết Nghị định 114/2009/NĐ-CP có phải văn bản sửa đổi cho Nghị định 02/2003/NĐ-CP không?",citation,abstractive,True,0.0,0.0,0.0,0.0,0.0,0.0,-0.1678321678321678,-0.17342657342657347,26.53468873542278
vlrag-251ae43238,HybridGraph_minus_DenseGraph,"Chúng tôi đang rà soát các văn bản liên quan đến quản lý chợ để tham mưu cho xã, không biết Nghị định 114/2009/NĐ-CP có phải văn bản sửa đổi cho Nghị định 02/2003/NĐ-CP không?",citation,abstractive,True,0.0,0.0,0.0,0.0,0.0,0.0,-0.1678321678321678,-0.17342657342657347,25.781818647422543
vlrag-26cf0a6dc9,DenseGraph_minus_DenseOnly,"Có cần phải thực hiện đúng quy trình kỹ thuật khi tôi tham gia dự án hỗ trợ trồng cây chè, quế không?",single_hop,boolean,True,0.0,0.0,0.0,0.0,0.0,0.0,0.0053900709219858005,0.0053900709219858005,-0.19841789000020071
vlrag-26cf0a6dc9,HybridGraph_minus_HybridOnly,"Có cần phải thực hiện đúng quy trình kỹ thuật khi tôi tham gia dự án hỗ trợ trồng cây chè, quế không?",single_hop,boolean,True,-0.5,-1.0,-0.1,-0.1772392867840477,-0.1,0.0,0.0,0.0,0.6626549960001249
vlrag-26cf0a6dc9,HybridOnly_minus_DenseOnly,"Có cần phải thực hiện đúng quy trình kỹ thuật khi tôi tham gia dự án hỗ trợ trồng cây chè, quế không?",single_hop,boolean,True,0.5,1.0,0.1,0.1772392867840477,0.1,0.0,-0.0212765957446808,-0.0212765957446808,27.655795847421533
vlrag-26cf0a6dc9,HybridGraph_minus_DenseGraph,"Có cần phải thực hiện đúng quy trình kỹ thuật khi tôi tham gia dự án hỗ trợ trồng cây chè, quế không?",single_hop,boolean,True,0.0,0.0,0.0,0.0,0.0,0.0,-0.0266666666666666,-0.0266666666666666,28.51686873342186
vlrag-28264817fc,DenseGraph_minus_DenseOnly,"Tôi là hộ gia đình muốn tìm hiểu quyền lợi của mình khi sử dụng nước dưới đất theo các quy định hiện hành ở tỉnh Đồng Tháp, tôi có được hưởng ưu đãi nào không?",single_hop,unanswerable,False,0.0,0.0,0.0,0.0,0.0,0.0,-0.0038449085316496975,-0.0124655981868221,-1.1680321379999423
vlrag-28264817fc,HybridGraph_minus_HybridOnly,"Tôi là hộ gia đình muốn tìm hiểu quyền lợi của mình khi sử dụng nước dưới đất theo các quy định hiện hành ở tỉnh Đồng Tháp, tôi có được hưởng ưu đãi nào không?",single_hop,unanswerable,False,0.0,0.0,0.0,0.0,0.0,0.0,-0.0005478701547732973,-0.0005478701547732973,2.6382862909977085
vlrag-28264817fc,HybridOnly_minus_DenseOnly,"Tôi là hộ gia đình muốn tìm hiểu quyền lợi của mình khi sử dụng nước dưới đất theo các quy định hiện hành ở tỉnh Đồng Tháp, tôi có được hưởng ưu đãi nào không?",single_hop,unanswerable,False,0.0,0.0,0.0,0.0,0.0,0.0,-0.0061320302768995,-0.0061320302768995,22.064799312420924
vlrag-28264817fc,HybridGraph_minus_DenseGraph,"Tôi là hộ gia đình muốn tìm hiểu quyền lợi của mình khi sử dụng nước dưới đất theo các quy định hiện hành ở tỉnh Đồng Tháp, tôi có được hưởng ưu đãi nào không?",single_hop,unanswerable,False,0.0,0.0,0.0,0.0,0.0,0.0,-0.0028349919000230997,0.005785697755149304,25.871117741418573
vlrag-2b4733a816,DenseGraph_minus_DenseOnly,Làm sao để tôi biết mình phải đóng bao nhiêu lệ phí khi thực hiện thủ tục hành chính tại Ủy ban nhân dân quận?,single_hop,unanswerable,False,0.0,0.0,0.0,0.0,0.0,0.0,-0.0371517027863777,-0.0371517027863777,2.4867940009999066
vlrag-2b4733a816,HybridGraph_minus_HybridOnly,Làm sao để tôi biết mình phải đóng bao nhiêu lệ phí khi thực hiện thủ tục hành chính tại Ủy ban nhân dân quận?,single_hop,unanswerable,False,0.0,0.0,0.0,0.0,0.0,0.0,0.0,0.0,0.4621998500024347
vlrag-2b4733a816,HybridOnly_minus_DenseOnly,Làm sao để tôi biết mình phải đóng bao nhiêu lệ phí khi thực hiện thủ tục hành chính tại Ủy ban nhân dân quận?,single_hop,unanswerable,False,0.0,0.0,0.0,0.0,0.0,0.0,-0.01602870813397131,-0.01602870813397131,27.28459287542336
vlrag-2b4733a816,HybridGraph_minus_DenseGraph,Làm sao để tôi biết mình phải đóng bao nhiêu lệ phí khi thực hiện thủ tục hành chính tại Ủy ban nhân dân quận?,single_hop,unanswerable,False,0.0,0.0,0.0,0.0,0.0,0.0,0.021122994652406392,0.021122994652406392,25.259998724425888
vlrag-2b5a595a2e,DenseGraph_minus_DenseOnly,Nếu con tôi muốn đăng ký tham gia chương trình hỗ trợ học đại học của thành phố thì cần phải thực hiện việc đăng ký vào thời điểm nào để không bị lỡ mất cơ hội?,single_hop,extractive,True,0.0,0.0,0.0,0.0,0.0,0.0,-0.04100174723354688,-0.02981945253348861,0.7704683050001231
vlrag-2b5a595a2e,HybridGraph_minus_HybridOnly,Nếu con tôi muốn đăng ký tham gia chương trình hỗ trợ học đại học của thành phố thì cần phải thực hiện việc đăng ký vào thời điểm nào để không bị lỡ mất cơ hội?,single_hop,extractive,True,0.0,0.0,0.0,0.0,0.0,0.0,0.0102040816326531,-0.027210884353741416,1.2852595069998607
vlrag-2b5a595a2e,HybridOnly_minus_DenseOnly,Nếu con tôi muốn đăng ký tham gia chương trình hỗ trợ học đại học của thành phố thì cần phải thực hiện việc đăng ký vào thời điểm nào để không bị lỡ mất cơ hội?,single_hop,extractive,True,0.0,0.0,0.0,0.0,0.0,0.0,-0.044537815126050484,0.0022408963585434094,25.775338633419043
vlrag-2b5a595a2e,HybridGraph_minus_DenseGraph,Nếu con tôi muốn đăng ký tham gia chương trình hỗ trợ học đại học của thành phố thì cần phải thực hiện việc đăng ký vào thời điểm nào để không bị lỡ mất cơ hội?,single_hop,extractive,True,0.0,0.0,0.0,0.0,0.0,0.0,0.006668013740149498,0.004849464538290604,26.29012983541878
vlrag-2c4a964f3a,DenseGraph_minus_DenseOnly,"Sắp tới tôi có dự định đăng ký cho nhân viên đi học lớp bồi dưỡng, tôi nghe nói tỉnh An Giang có văn bản quy định về các mức chi cho việc này, không biết đó là văn bản nào?",citation,abstractive,True,-1.0,-1.0,-0.1428571428571428,-0.3333333333333333,-0.1,0.0,0.036039947894051294,0.16977854971775946,0.3691916660000061
vlrag-2c4a964f3a,HybridGraph_minus_HybridOnly,"Sắp tới tôi có dự định đăng ký cho nhân viên đi học lớp bồi dưỡng, tôi nghe nói tỉnh An Giang có văn bản quy định về các mức chi cho việc này, không biết đó là văn bản nào?",citation,abstractive,True,0.0,0.0,0.0,0.0,0.0,0.0,-0.02949669966996693,-0.16171617161716179,-1.1449742009990551
vlrag-2c4a964f3a,HybridOnly_minus_DenseOnly,"Sắp tới tôi có dự định đăng ký cho nhân viên đi học lớp bồi dưỡng, tôi nghe nói tỉnh An Giang có văn bản quy định về các mức chi cho việc này, không biết đó là văn bản nào?",citation,abstractive,True,-1.0,-1.0,-0.1428571428571428,-0.3333333333333333,-0.1,0.0,0.016642089740888877,0.1546239730356015,28.529310275420528
vlrag-2c4a964f3a,HybridGraph_minus_DenseGraph,"Sắp tới tôi có dự định đăng ký cho nhân viên đi học lớp bồi dưỡng, tôi nghe nói tỉnh An Giang có văn bản quy định về các mức chi cho việc này, không biết đó là văn bản nào?",citation,abstractive,True,0.0,0.0,0.0,0.0,0.0,0.0,-0.04889455782312935,-0.17687074829931976,27.015144408421467
vlrag-2d0a3eb6d9,DenseGraph_minus_DenseOnly,Trong trường hợp tôi muốn biết quy định về bảo đảm kỹ thuật nhiên liệu hàng không thì văn bản nào là cơ sở pháp lý chính thức?,single_hop,extractive,True,0.0,0.0,0.0,0.0,0.0,0.0,-0.02298850574712641,-0.022988505747126464,-0.7721200000000863
vlrag-2d0a3eb6d9,HybridGraph_minus_HybridOnly,Trong trường hợp tôi muốn biết quy định về bảo đảm kỹ thuật nhiên liệu hàng không thì văn bản nào là cơ sở pháp lý chính thức?,single_hop,extractive,True,0.0,0.0,0.0,0.0,0.0,0.0,0.0,0.0,-0.7671715490014321
vlrag-2d0a3eb6d9,HybridOnly_minus_DenseOnly,Trong trường hợp tôi muốn biết quy định về bảo đảm kỹ thuật nhiên liệu hàng không thì văn bản nào là cơ sở pháp lý chính thức?,single_hop,extractive,True,1.0,1.0,1.0,1.0,0.1,0.0,0.044137931034482825,0.06712643678160923,25.864414008424493
vlrag-2d0a3eb6d9,HybridGraph_minus_DenseGraph,Trong trường hợp tôi muốn biết quy định về bảo đảm kỹ thuật nhiên liệu hàng không thì văn bản nào là cơ sở pháp lý chính thức?,single_hop,extractive,True,1.0,1.0,1.0,1.0,0.1,0.0,0.06712643678160923,0.0901149425287357,25.869362459423147
vlrag-2d3ddbe901,DenseGraph_minus_DenseOnly,Tôi đang xử lý hồ sơ và muốn biết liệu Trung tâm nuôi dạy trẻ em khó khăn thành phố Đà Nẵng có hoạt động theo một quy chế được ban hành chính thức hay không?,single_hop,boolean,True,0.0,0.0,0.0,0.0,0.0,0.0,0.0,0.0,2.492029375000129
vlrag-2d3ddbe901,HybridGraph_minus_HybridOnly,Tôi đang xử lý hồ sơ và muốn biết liệu Trung tâm nuôi dạy trẻ em khó khăn thành phố Đà Nẵng có hoạt động theo một quy chế được ban hành chính thức hay không?,single_hop,boolean,True,0.0,0.0,0.0,0.0,0.0,0.0,-0.0317460317460317,-0.0317460317460317,1.3280418900030782
vlrag-2d3ddbe901,HybridOnly_minus_DenseOnly,Tôi đang xử lý hồ sơ và muốn biết liệu Trung tâm nuôi dạy trẻ em khó khăn thành phố Đà Nẵng có hoạt động theo một quy chế được ban hành chính thức hay không?,single_hop,boolean,True,0.0,0.0,0.5,0.36907024642854247,0.0,0.0,0.0317460317460317,0.0317460317460317,26.36981288642136
vlrag-2d3ddbe901,HybridGraph_minus_DenseGraph,Tôi đang xử lý hồ sơ và muốn biết liệu Trung tâm nuôi dạy trẻ em khó khăn thành phố Đà Nẵng có hoạt động theo một quy chế được ban hành chính thức hay không?,single_hop,boolean,True,0.0,0.0,0.5,0.36907024642854247,0.0,0.0,0.0,0.0,25.20582540142431
vlrag-2d48e29519,DenseGraph_minus_DenseOnly,"Gia đình tôi đang theo dõi dự án xây dựng hạ tầng, vậy cơ quan nào chịu trách nhiệm hướng dẫn các chủ đầu tư tổ chức thực hiện cụ thể?",single_hop,extractive,True,0.0,0.0,0.0,0.0,0.0,0.0,0.017537580529706498,-0.0139584824624195,-4.1620987099995554
vlrag-2d48e29519,HybridGraph_minus_HybridOnly,"Gia đình tôi đang theo dõi dự án xây dựng hạ tầng, vậy cơ quan nào chịu trách nhiệm hướng dẫn các chủ đầu tư tổ chức thực hiện cụ thể?",single_hop,extractive,True,0.0,0.0,0.0,0.0,0.0,0.0,0.007277452891487998,0.007277452891487998,-1.49052031600149
vlrag-2d48e29519,HybridOnly_minus_DenseOnly,"Gia đình tôi đang theo dõi dự án xây dựng hạ tầng, vậy cơ quan nào chịu trách nhiệm hướng dẫn các chủ đầu tư tổ chức thực hiện cụ thể?",single_hop,extractive,True,0.0,0.0,0.0,0.0,0.0,0.0,-0.003349282296650699,-0.003349282296650699,23.922343695420466
vlrag-2d48e29519,HybridGraph_minus_DenseGraph,"Gia đình tôi đang theo dõi dự án xây dựng hạ tầng, vậy cơ quan nào chịu trách nhiệm hướng dẫn các chủ đầu tư tổ chức thực hiện cụ thể?",single_hop,extractive,True,0.0,0.0,0.0,0.0,0.0,0.0,-0.013609409934869199,0.0178866530572568,26.59392208941853
vlrag-2d99689d30,DenseGraph_minus_DenseOnly,"Tôi là cán bộ địa chính đang xử lý hồ sơ giá đất, xin hỏi quy định về việc thực hiện bảng giá các loại đất năm 2012 trên địa bàn tỉnh Lai Châu có còn hiệu lực áp dụng từ ngày 01/01/2012 theo hướng dẫn cũ hay không?",legal_validity,boolean,True,-1.0,-1.0,-0.1428571428571428,-0.3333333333333333,-0.1,0.0,-0.0126811594202898,-0.0126811594202898,-2.4805798970005526
vlrag-2d99689d30,HybridGraph_minus_HybridOnly,"Tôi là cán bộ địa chính đang xử lý hồ sơ giá đất, xin hỏi quy định về việc thực hiện bảng giá các loại đất năm 2012 trên địa bàn tỉnh Lai Châu có còn hiệu lực áp dụng từ ngày 01/01/2012 theo hướng dẫn cũ hay không?",legal_validity,boolean,True,0.0,0.0,0.0,0.0,0.0,0.0,0.0065138092756644,0.0065138092756644,-1.009891403000438
vlrag-2d99689d30,HybridOnly_minus_DenseOnly,"Tôi là cán bộ địa chính đang xử lý hồ sơ giá đất, xin hỏi quy định về việc thực hiện bảng giá các loại đất năm 2012 trên địa bàn tỉnh Lai Châu có còn hiệu lực áp dụng từ ngày 01/01/2012 theo hướng dẫn cũ hay không?",legal_validity,boolean,True,0.0,0.0,0.3571428571428572,0.2975964202381242,0.0,0.0,-0.021864686468646803,-0.021864686468646803,24.169392984419748
vlrag-2d99689d30,HybridGraph_minus_DenseGraph,"Tôi là cán bộ địa chính đang xử lý hồ sơ giá đất, xin hỏi quy định về việc thực hiện bảng giá các loại đất năm 2012 trên địa bàn tỉnh Lai Châu có còn hiệu lực áp dụng từ ngày 01/01/2012 theo hướng dẫn cũ hay không?",legal_validity,boolean,True,1.0,1.0,0.5,0.6309297535714575,0.1,0.0,-0.002669717772692603,-0.002669717772692603,25.640081478419862
vlrag-2dea3f846e,DenseGraph_minus_DenseOnly,Có được áp dụng mức giá đất cũ từ trước năm 2008 cho các giao dịch nhà đất tại Tây Ninh hiện nay không?,single_hop,boolean,True,0.0,0.0,0.0,0.0,0.0,0.0,-0.1266666666666667,-0.1266666666666667,0.32642955899996284
vlrag-2dea3f846e,HybridGraph_minus_HybridOnly,Có được áp dụng mức giá đất cũ từ trước năm 2008 cho các giao dịch nhà đất tại Tây Ninh hiện nay không?,single_hop,boolean,True,0.0,0.0,0.0,0.0,0.0,0.0,0.009090909090909101,0.009090909090909101,-0.17305868599942187
vlrag-2dea3f846e,HybridOnly_minus_DenseOnly,Có được áp dụng mức giá đất cũ từ trước năm 2008 cho các giao dịch nhà đất tại Tây Ninh hiện nay không?,single_hop,boolean,True,0.0,0.0,0.0,0.0,0.0,0.0,-0.1303030303030303,-0.1303030303030303,25.651266675420576
vlrag-2dea3f846e,HybridGraph_minus_DenseGraph,Có được áp dụng mức giá đất cũ từ trước năm 2008 cho các giao dịch nhà đất tại Tây Ninh hiện nay không?,single_hop,boolean,True,0.0,0.0,0.0,0.0,0.0,0.0,0.0054545454545455035,0.0054545454545455035,25.151778430421192
vlrag-2e042d65c7,DenseGraph_minus_DenseOnly,"Nếu tôi cần căn cứ pháp lý để trình bày với cơ quan chức năng về phạm vi nhiệm vụ của Tổng cục Lâm nghiệp, tôi nên viện dẫn quy định nào?",citation,abstractive,True,0.0,0.0,0.0,0.0,0.0,0.0,0.022435897435897495,-0.008814102564102505,-0.09640535300013653
vlrag-2e042d65c7,HybridGraph_minus_HybridOnly,"Nếu tôi cần căn cứ pháp lý để trình bày với cơ quan chức năng về phạm vi nhiệm vụ của Tổng cục Lâm nghiệp, tôi nên viện dẫn quy định nào?",citation,abstractive,True,0.0,0.0,0.0,0.0,0.0,0.0,0.0,0.0,-1.3499320270002464
vlrag-2e042d65c7,HybridOnly_minus_DenseOnly,"Nếu tôi cần căn cứ pháp lý để trình bày với cơ quan chức năng về phạm vi nhiệm vụ của Tổng cục Lâm nghiệp, tôi nên viện dẫn quy định nào?",citation,abstractive,True,0.0,0.0,0.0,0.0,0.0,0.0,0.03302911777488049,-0.0008691873098653075,27.169574392422135
vlrag-2e042d65c7,HybridGraph_minus_DenseGraph,"Nếu tôi cần căn cứ pháp lý để trình bày với cơ quan chức năng về phạm vi nhiệm vụ của Tổng cục Lâm nghiệp, tôi nên viện dẫn quy định nào?",citation,abstractive,True,0.0,0.0,0.0,0.0,0.0,0.0,0.010593220338982995,0.007944915254237198,25.916047718422025
vlrag-2f4b8407c6,DenseGraph_minus_DenseOnly,Doanh nghiệp của tôi có được miễn trừ nghĩa vụ tham gia các hoạt động truyền thông tư vấn bảo vệ trẻ em không?,single_hop,unanswerable,False,0.0,0.0,0.0,0.0,0.0,0.0,0.5328135152696556,0.5328135152696556,-1.416018881999662
vlrag-2f4b8407c6,HybridGraph_minus_HybridOnly,Doanh nghiệp của tôi có được miễn trừ nghĩa vụ tham gia các hoạt động truyền thông tư vấn bảo vệ trẻ em không?,single_hop,unanswerable,False,0.0,0.0,0.0,0.0,0.0,0.0,0.0,0.0,-0.25376269299522747
vlrag-2f4b8407c6,HybridOnly_minus_DenseOnly,Doanh nghiệp của tôi có được miễn trừ nghĩa vụ tham gia các hoạt động truyền thông tư vấn bảo vệ trẻ em không?,single_hop,unanswerable,False,0.0,0.0,0.0,0.0,0.0,0.0,0.5328135152696556,0.5328135152696556,25.345333236423077
vlrag-2f4b8407c6,HybridGraph_minus_DenseGraph,Doanh nghiệp của tôi có được miễn trừ nghĩa vụ tham gia các hoạt động truyền thông tư vấn bảo vệ trẻ em không?,single_hop,unanswerable,False,0.0,0.0,0.0,0.0,0.0,0.0,0.0,0.0,26.50758942542751
vlrag-2fc29574e9,DenseGraph_minus_DenseOnly,"Doanh nghiệp của tôi dự định đầu tư vào dự án nông nghiệp tại tỉnh Lai Châu, chúng tôi muốn biết tỉnh đã có bảng giá các loại đất áp dụng cho năm 2011 chưa?",single_hop,boolean,True,0.0,0.0,0.0,0.0,0.0,0.0,0.0046382189239332,0.0046382189239332,-2.4076313470004607
vlrag-2fc29574e9,HybridGraph_minus_HybridOnly,"Doanh nghiệp của tôi dự định đầu tư vào dự án nông nghiệp tại tỉnh Lai Châu, chúng tôi muốn biết tỉnh đã có bảng giá các loại đất áp dụng cho năm 2011 chưa?",single_hop,boolean,True,-1.0,-1.0,-0.1666666666666666,-0.3562071871080222,-0.1,0.0,0.0,0.0,-0.2150742200028617
vlrag-2fc29574e9,HybridOnly_minus_DenseOnly,"Doanh nghiệp của tôi dự định đầu tư vào dự án nông nghiệp tại tỉnh Lai Châu, chúng tôi muốn biết tỉnh đã có bảng giá các loại đất áp dụng cho năm 2011 chưa?",single_hop,boolean,True,0.0,0.0,-0.33333333333333337,-0.27472256646343535,0.0,0.0,0.0046382189239332,0.0046382189239332,25.23836610442203
vlrag-2fc29574e9,HybridGraph_minus_DenseGraph,"Doanh nghiệp của tôi dự định đầu tư vào dự án nông nghiệp tại tỉnh Lai Châu, chúng tôi muốn biết tỉnh đã có bảng giá các loại đất áp dụng cho năm 2011 chưa?",single_hop,boolean,True,-1.0,-1.0,-0.5,-0.6309297535714575,-0.1,0.0,0.0,0.0,27.43092323141963
vlrag-2fc2ca8dd5,DenseGraph_minus_DenseOnly,"Sắp tới tôi có ý định vay vốn sản xuất nông nghiệp, tôi nên tuân thủ theo cam kết hợp đồng vay với ngân hàng hay chỉ cần tuân thủ quy định hỗ trợ lãi suất của tỉnh là đủ để được hưởng hỗ trợ?",legal_validity,abstractive,True,0.0,0.0,0.0,0.0,0.0,0.0,0.03158295281582957,0.01655251141552508,-0.9600115919997734
vlrag-2fc2ca8dd5,HybridGraph_minus_HybridOnly,"Sắp tới tôi có ý định vay vốn sản xuất nông nghiệp, tôi nên tuân thủ theo cam kết hợp đồng vay với ngân hàng hay chỉ cần tuân thủ quy định hỗ trợ lãi suất của tỉnh là đủ để được hưởng hỗ trợ?",legal_validity,abstractive,True,0.0,0.0,0.0,0.0,0.0,0.0,0.029135338345864792,-0.0040726817042607,0.8386649589992885
vlrag-2fc2ca8dd5,HybridOnly_minus_DenseOnly,"Sắp tới tôi có ý định vay vốn sản xuất nông nghiệp, tôi nên tuân thủ theo cam kết hợp đồng vay với ngân hàng hay chỉ cần tuân thủ quy định hỗ trợ lãi suất của tỉnh là đủ để được hưởng hỗ trợ?",legal_validity,abstractive,True,0.0,0.0,0.0,0.0,0.0,0.0,0.06531311154598818,0.04036203522504889,28.809280691424817
vlrag-2fc2ca8dd5,HybridGraph_minus_DenseGraph,"Sắp tới tôi có ý định vay vốn sản xuất nông nghiệp, tôi nên tuân thủ theo cam kết hợp đồng vay với ngân hàng hay chỉ cần tuân thủ quy định hỗ trợ lãi suất của tỉnh là đủ để được hưởng hỗ trợ?",legal_validity,abstractive,True,0.0,0.0,0.0,0.0,0.0,0.0,0.0628654970760234,0.019736842105263108,30.60795724242388
vlrag-2fcd6f1b0a,DenseGraph_minus_DenseOnly,"Sắp tới tôi dự định thực hiện một dự án tu bổ di tích lịch sử, không biết thông tư quy định về hoạt động này có thời hạn cụ thể nào để hoàn thành các bước hay không, và nếu quá hạn thì tôi có bị xử lý gì không?",single_hop,unanswerable,False,0.0,0.0,0.0,0.0,0.0,0.0,0.003485838779956396,-0.010021786492374701,-4.615812700000106
vlrag-2fcd6f1b0a,HybridGraph_minus_HybridOnly,"Sắp tới tôi dự định thực hiện một dự án tu bổ di tích lịch sử, không biết thông tư quy định về hoạt động này có thời hạn cụ thể nào để hoàn thành các bước hay không, và nếu quá hạn thì tôi có bị xử lý gì không?",single_hop,unanswerable,False,0.0,0.0,0.0,0.0,0.0,0.0,0.0,0.0,-0.0036371019996295217
vlrag-2fcd6f1b0a,HybridOnly_minus_DenseOnly,"Sắp tới tôi dự định thực hiện một dự án tu bổ di tích lịch sử, không biết thông tư quy định về hoạt động này có thời hạn cụ thể nào để hoàn thành các bước hay không, và nếu quá hạn thì tôi có bị xử lý gì không?",single_hop,unanswerable,False,0.0,0.0,0.0,0.0,0.0,0.0,0.5609907120743034,0.5845201238390093,21.69096874442329
vlrag-2fcd6f1b0a,HybridGraph_minus_DenseGraph,"Sắp tới tôi dự định thực hiện một dự án tu bổ di tích lịch sử, không biết thông tư quy định về hoạt động này có thời hạn cụ thể nào để hoàn thành các bước hay không, và nếu quá hạn thì tôi có bị xử lý gì không?",single_hop,unanswerable,False,0.0,0.0,0.0,0.0,0.0,0.0,0.5575048732943471,0.594541910331384,26.303144342423767
vlrag-3045913021,DenseGraph_minus_DenseOnly,"Tôi đang quản lý phương tiện thủy nội địa nhưng chưa làm đăng kiểm, vậy nếu cơ quan chức năng kiểm tra mà phát hiện tôi chưa thực hiện việc này thì tôi sẽ bị xử lý như thế nào?",single_hop,unanswerable,False,0.0,0.0,0.0,0.0,0.0,0.0,0.0026511134676564,0.0026511134676564,-2.35715447199982
vlrag-3045913021,HybridGraph_minus_HybridOnly,"Tôi đang quản lý phương tiện thủy nội địa nhưng chưa làm đăng kiểm, vậy nếu cơ quan chức năng kiểm tra mà phát hiện tôi chưa thực hiện việc này thì tôi sẽ bị xử lý như thế nào?",single_hop,unanswerable,False,0.0,0.0,0.0,0.0,0.0,0.0,0.006501182033096901,0.006501182033096901,-0.17036557200117386
vlrag-3045913021,HybridOnly_minus_DenseOnly,"Tôi đang quản lý phương tiện thủy nội địa nhưng chưa làm đăng kiểm, vậy nếu cơ quan chức năng kiểm tra mà phát hiện tôi chưa thực hiện việc này thì tôi sẽ bị xử lý như thế nào?",single_hop,unanswerable,False,0.0,0.0,0.0,0.0,0.0,0.0,-0.00046253469010180265,-0.00046253469010180265,25.256645362422834
vlrag-3045913021,HybridGraph_minus_DenseGraph,"Tôi đang quản lý phương tiện thủy nội địa nhưng chưa làm đăng kiểm, vậy nếu cơ quan chức năng kiểm tra mà phát hiện tôi chưa thực hiện việc này thì tôi sẽ bị xử lý như thế nào?",single_hop,unanswerable,False,0.0,0.0,0.0,0.0,0.0,0.0,0.003387533875338699,0.003387533875338699,27.44343426242148
vlrag-32912ae436,DenseGraph_minus_DenseOnly,"Doanh nghiệp của tôi đang muốn mở rộng cơ sở kinh doanh tại thị trấn Đức Hòa, Long An. Tôi nghe nói khu vực này sắp được công nhận đạt chuẩn đô thị loại IV, vậy nếu điều này xảy ra thì doanh nghiệp của tôi có được hưởng những quyền lợi hay ưu đãi đặc biệt nào không?",single_hop,unanswerable,False,0.0,0.0,0.0,0.0,0.0,0.0,0.0,0.0,-4.420128960000056
vlrag-32912ae436,HybridGraph_minus_HybridOnly,"Doanh nghiệp của tôi đang muốn mở rộng cơ sở kinh doanh tại thị trấn Đức Hòa, Long An. Tôi nghe nói khu vực này sắp được công nhận đạt chuẩn đô thị loại IV, vậy nếu điều này xảy ra thì doanh nghiệp của tôi có được hưởng những quyền lợi hay ưu đãi đặc biệt nào không?",single_hop,unanswerable,False,0.0,0.0,0.0,0.0,0.0,0.0,0.0,0.0,0.6227765980002005
vlrag-32912ae436,HybridOnly_minus_DenseOnly,"Doanh nghiệp của tôi đang muốn mở rộng cơ sở kinh doanh tại thị trấn Đức Hòa, Long An. Tôi nghe nói khu vực này sắp được công nhận đạt chuẩn đô thị loại IV, vậy nếu điều này xảy ra thì doanh nghiệp của tôi có được hưởng những quyền lợi hay ưu đãi đặc biệt nào không?",single_hop,unanswerable,False,0.0,0.0,0.0,0.0,0.0,0.0,0.0,0.0,22.561720270422654
vlrag-32912ae436,HybridGraph_minus_DenseGraph,"Doanh nghiệp của tôi đang muốn mở rộng cơ sở kinh doanh tại thị trấn Đức Hòa, Long An. Tôi nghe nói khu vực này sắp được công nhận đạt chuẩn đô thị loại IV, vậy nếu điều này xảy ra thì doanh nghiệp của tôi có được hưởng những quyền lợi hay ưu đãi đặc biệt nào không?",single_hop,unanswerable,False,0.0,0.0,0.0,0.0,0.0,0.0,0.0,0.0,27.60462582842291
vlrag-329c24db8e,DenseGraph_minus_DenseOnly,"Gia đình tôi có người thân trong Ban Chỉ đạo chống buôn lậu của tỉnh, họ có được miễn trừ nhiệm vụ trực đường dây nóng để tập trung việc khác không?",single_hop,unanswerable,False,0.0,0.0,0.0,0.0,0.0,0.0,0.0,0.0,2.5531365219999316
vlrag-329c24db8e,HybridGraph_minus_HybridOnly,"Gia đình tôi có người thân trong Ban Chỉ đạo chống buôn lậu của tỉnh, họ có được miễn trừ nhiệm vụ trực đường dây nóng để tập trung việc khác không?",single_hop,unanswerable,False,0.0,0.0,0.0,0.0,0.0,0.0,0.0,0.0,0.2617635780006822
vlrag-329c24db8e,HybridOnly_minus_DenseOnly,"Gia đình tôi có người thân trong Ban Chỉ đạo chống buôn lậu của tỉnh, họ có được miễn trừ nhiệm vụ trực đường dây nóng để tập trung việc khác không?",single_hop,unanswerable,False,0.0,0.0,0.0,0.0,0.0,0.0,0.0,0.0,21.464489864423005
vlrag-329c24db8e,HybridGraph_minus_DenseGraph,"Gia đình tôi có người thân trong Ban Chỉ đạo chống buôn lậu của tỉnh, họ có được miễn trừ nhiệm vụ trực đường dây nóng để tập trung việc khác không?",single_hop,unanswerable,False,0.0,0.0,0.0,0.0,0.0,0.0,0.0,0.0,19.173116920423755
vlrag-34837c4024,DenseGraph_minus_DenseOnly,"Gia đình tôi có biết đến quy hoạch khai thác khoáng sản tỉnh Bắc Kạn từ năm 2013, nhưng nghe nói sau đó có bổ sung thêm các điểm mỏ mới vào năm 2014, liệu quy định bổ sung đó hiện nay có còn giá trị không?",legal_validity,abstractive,True,0.0,0.0,0.0,0.0,0.0,0.0,-0.106951871657754,-0.08734402852049922,-1.1746172829998613
vlrag-34837c4024,HybridGraph_minus_HybridOnly,"Gia đình tôi có biết đến quy hoạch khai thác khoáng sản tỉnh Bắc Kạn từ năm 2013, nhưng nghe nói sau đó có bổ sung thêm các điểm mỏ mới vào năm 2014, liệu quy định bổ sung đó hiện nay có còn giá trị không?",legal_validity,abstractive,True,0.0,0.0,0.0,0.0,0.0,0.0,-0.15359828141783027,-0.150733977801647,-0.4038844650003739
vlrag-34837c4024,HybridOnly_minus_DenseOnly,"Gia đình tôi có biết đến quy hoạch khai thác khoáng sản tỉnh Bắc Kạn từ năm 2013, nhưng nghe nói sau đó có bổ sung thêm các điểm mỏ mới vào năm 2014, liệu quy định bổ sung đó hiện nay có còn giá trị không?",legal_validity,abstractive,True,0.0,0.0,-0.5,-0.36907024642854247,0.0,0.0,-0.0012004801920768027,-0.0020008003201281155,26.169338968422554
vlrag-34837c4024,HybridGraph_minus_DenseGraph,"Gia đình tôi có biết đến quy hoạch khai thác khoáng sản tỉnh Bắc Kạn từ năm 2013, nhưng nghe nói sau đó có bổ sung thêm các điểm mỏ mới vào năm 2014, liệu quy định bổ sung đó hiện nay có còn giá trị không?",legal_validity,abstractive,True,0.0,0.0,-0.5,-0.36907024642854247,0.0,0.0,-0.04784688995215308,-0.06539074960127589,26.940071786422042
vlrag-3552ef84da,DenseGraph_minus_DenseOnly,"Có cần phải tuân thủ đúng quy định về mở và sử dụng tài khoản tại Kho bạc Nhà nước không, nếu không thực hiện đúng thì cơ quan tôi có bị xử lý gì không?",single_hop,unanswerable,False,0.0,0.0,0.0,0.0,0.0,0.0,-0.027345336401786893,-0.027345336401786893,1.0490116720002334
vlrag-3552ef84da,HybridGraph_minus_HybridOnly,"Có cần phải tuân thủ đúng quy định về mở và sử dụng tài khoản tại Kho bạc Nhà nước không, nếu không thực hiện đúng thì cơ quan tôi có bị xử lý gì không?",single_hop,unanswerable,False,0.0,0.0,0.0,0.0,0.0,0.0,-0.005111167901865499,-0.02708918987988751,0.6958805480007797
vlrag-3552ef84da,HybridOnly_minus_DenseOnly,"Có cần phải tuân thủ đúng quy định về mở và sử dụng tài khoản tại Kho bạc Nhà nước không, nếu không thực hiện đúng thì cơ quan tôi có bị xử lý gì không?",single_hop,unanswerable,False,0.0,0.0,0.0,0.0,0.0,0.0,0.02073409918744741,0.02073409918744741,26.645210245422454
vlrag-3552ef84da,HybridGraph_minus_DenseGraph,"Có cần phải tuân thủ đúng quy định về mở và sử dụng tài khoản tại Kho bạc Nhà nước không, nếu không thực hiện đúng thì cơ quan tôi có bị xử lý gì không?",single_hop,unanswerable,False,0.0,0.0,0.0,0.0,0.0,0.0,0.042968267687368805,0.020990245709346794,26.292079121423
vlrag-35759cdc4b,DenseGraph_minus_DenseOnly,"Tôi đang chuẩn bị hồ sơ cho người dân thực hiện thủ tục hành chính, tôi muốn biết mình cần phải chuẩn bị những giấy tờ gì để chứng minh việc hưởng chế độ phụ cấp cho cán bộ bộ phận một cửa theo quy định mới nhất?",single_hop,unanswerable,False,0.0,0.0,0.0,0.0,0.0,0.0,0.0,0.0,-0.26021935900007565
vlrag-35759cdc4b,HybridGraph_minus_HybridOnly,"Tôi đang chuẩn bị hồ sơ cho người dân thực hiện thủ tục hành chính, tôi muốn biết mình cần phải chuẩn bị những giấy tờ gì để chứng minh việc hưởng chế độ phụ cấp cho cán bộ bộ phận một cửa theo quy định mới nhất?",single_hop,unanswerable,False,0.0,0.0,0.0,0.0,0.0,0.0,0.0,0.0,1.5161718840026879
vlrag-35759cdc4b,HybridOnly_minus_DenseOnly,"Tôi đang chuẩn bị hồ sơ cho người dân thực hiện thủ tục hành chính, tôi muốn biết mình cần phải chuẩn bị những giấy tờ gì để chứng minh việc hưởng chế độ phụ cấp cho cán bộ bộ phận một cửa theo quy định mới nhất?",single_hop,unanswerable,False,0.0,0.0,0.0,0.0,0.0,0.0,0.0,0.0,26.81353993241891
vlrag-35759cdc4b,HybridGraph_minus_DenseGraph,"Tôi đang chuẩn bị hồ sơ cho người dân thực hiện thủ tục hành chính, tôi muốn biết mình cần phải chuẩn bị những giấy tờ gì để chứng minh việc hưởng chế độ phụ cấp cho cán bộ bộ phận một cửa theo quy định mới nhất?",single_hop,unanswerable,False,0.0,0.0,0.0,0.0,0.0,0.0,0.0,0.0,28.589931175421672
vlrag-3586e55420,DenseGraph_minus_DenseOnly,"Trong trường hợp tôi cần kiểm tra tính pháp lý của quy định về thủ tục hải quan cho hàng hóa xuất khẩu, nhập khẩu tại chỗ, tôi có thể căn cứ vào văn bản nào để xác minh?",citation,abstractive,True,0.0,0.0,0.0,0.0,0.0,0.0,0.04235294117647061,0.0658823529411765,4.2995800019996295
vlrag-3586e55420,HybridGraph_minus_HybridOnly,"Trong trường hợp tôi cần kiểm tra tính pháp lý của quy định về thủ tục hải quan cho hàng hóa xuất khẩu, nhập khẩu tại chỗ, tôi có thể căn cứ vào văn bản nào để xác minh?",citation,abstractive,True,0.0,0.0,0.0,0.0,0.0,0.0,0.0,0.0,-1.4575348079979378
vlrag-3586e55420,HybridOnly_minus_DenseOnly,"Trong trường hợp tôi cần kiểm tra tính pháp lý của quy định về thủ tục hải quan cho hàng hóa xuất khẩu, nhập khẩu tại chỗ, tôi có thể căn cứ vào văn bản nào để xác minh?",citation,abstractive,True,0.0,0.0,0.8,0.6131471927654584,0.0,0.0,0.005809731299927401,0.0046477850399418985,26.947768912424806
vlrag-3586e55420,HybridGraph_minus_DenseGraph,"Trong trường hợp tôi cần kiểm tra tính pháp lý của quy định về thủ tục hải quan cho hàng hóa xuất khẩu, nhập khẩu tại chỗ, tôi có thể căn cứ vào văn bản nào để xác minh?",citation,abstractive,True,0.0,0.0,0.8,0.6131471927654584,0.0,0.0,-0.036543209876543206,-0.061234567901234604,21.19065410242724
vlrag-3776f0eb92,DenseGraph_minus_DenseOnly,"Chúng tôi là tổ chức xã hội, hàng năm có bắt buộc phải tổ chức các hoạt động hưởng ứng tháng hành động vì trẻ em vào khoảng thời gian từ 15/5 đến 30/6 hay không, có ngoại lệ nào được miễn không?",single_hop,boolean,True,0.0,0.0,0.0,0.0,0.0,0.0,-0.002852049910873504,-0.002852049910873504,-0.50117992100013
vlrag-3776f0eb92,HybridGraph_minus_HybridOnly,"Chúng tôi là tổ chức xã hội, hàng năm có bắt buộc phải tổ chức các hoạt động hưởng ứng tháng hành động vì trẻ em vào khoảng thời gian từ 15/5 đến 30/6 hay không, có ngoại lệ nào được miễn không?",single_hop,boolean,True,0.0,0.0,0.0,0.0,0.0,0.0,0.0008163265306123033,0.0008163265306123033,-0.046131326000246275
vlrag-3776f0eb92,HybridOnly_minus_DenseOnly,"Chúng tôi là tổ chức xã hội, hàng năm có bắt buộc phải tổ chức các hoạt động hưởng ứng tháng hành động vì trẻ em vào khoảng thời gian từ 15/5 đến 30/6 hay không, có ngoại lệ nào được miễn không?",single_hop,boolean,True,0.0,0.0,0.75,0.569323441926607,0.0,0.0,0.0007843137254900934,0.0007843137254900934,26.39506263442371
vlrag-3776f0eb92,HybridGraph_minus_DenseGraph,"Chúng tôi là tổ chức xã hội, hàng năm có bắt buộc phải tổ chức các hoạt động hưởng ứng tháng hành động vì trẻ em vào khoảng thời gian từ 15/5 đến 30/6 hay không, có ngoại lệ nào được miễn không?",single_hop,boolean,True,0.0,0.0,0.75,0.569323441926607,0.0,0.0,0.004452690166975901,0.004452690166975901,26.850111229423593
vlrag-37b76904b4,DenseGraph_minus_DenseOnly,Có cần phải thực hiện các thủ tục theo quy định về thủy lợi đối với những trường hợp công trình thủy lợi đã được chuyển giao quyền quản lý từ lâu không?,single_hop,unanswerable,False,0.0,0.0,0.0,0.0,0.0,0.0,0.0,0.0,-3.2775193049999416
vlrag-37b76904b4,HybridGraph_minus_HybridOnly,Có cần phải thực hiện các thủ tục theo quy định về thủy lợi đối với những trường hợp công trình thủy lợi đã được chuyển giao quyền quản lý từ lâu không?,single_hop,unanswerable,False,0.0,0.0,0.0,0.0,0.0,0.0,0.0,0.0,0.4019905810000637
vlrag-37b76904b4,HybridOnly_minus_DenseOnly,Có cần phải thực hiện các thủ tục theo quy định về thủy lợi đối với những trường hợp công trình thủy lợi đã được chuyển giao quyền quản lý từ lâu không?,single_hop,unanswerable,False,0.0,0.0,0.0,0.0,0.0,0.0,0.0,0.0,20.208580335422713
vlrag-37b76904b4,HybridGraph_minus_DenseGraph,Có cần phải thực hiện các thủ tục theo quy định về thủy lợi đối với những trường hợp công trình thủy lợi đã được chuyển giao quyền quản lý từ lâu không?,single_hop,unanswerable,False,0.0,0.0,0.0,0.0,0.0,0.0,0.0,0.0,23.88809022142272
vlrag-37f93d5731,DenseGraph_minus_DenseOnly,Trong trường hợp tôi muốn biết liệu quy định về mức phí tại Quyết định 562a/QĐ-BTC ngày 20/03/2009 hiện nay còn hiệu lực hay không?,legal_validity,unanswerable,False,0.0,0.0,0.0,0.0,0.0,0.0,0.0,0.0,2.792942813999616
vlrag-37f93d5731,HybridGraph_minus_HybridOnly,Trong trường hợp tôi muốn biết liệu quy định về mức phí tại Quyết định 562a/QĐ-BTC ngày 20/03/2009 hiện nay còn hiệu lực hay không?,legal_validity,unanswerable,False,0.0,0.0,0.0,0.0,0.0,0.0,0.0,0.0,-1.1063968910020776
vlrag-37f93d5731,HybridOnly_minus_DenseOnly,Trong trường hợp tôi muốn biết liệu quy định về mức phí tại Quyết định 562a/QĐ-BTC ngày 20/03/2009 hiện nay còn hiệu lực hay không?,legal_validity,unanswerable,False,0.0,0.0,0.0,0.0,0.0,0.0,0.0,0.0,27.317107099421438
vlrag-37f93d5731,HybridGraph_minus_DenseGraph,Trong trường hợp tôi muốn biết liệu quy định về mức phí tại Quyết định 562a/QĐ-BTC ngày 20/03/2009 hiện nay còn hiệu lực hay không?,legal_validity,unanswerable,False,0.0,0.0,0.0,0.0,0.0,0.0,0.0,0.0,23.417767394419744
vlrag-38965dc91b,DenseGraph_minus_DenseOnly,Trong trường hợp học sinh đã cam kết tham gia đề án đào tạo của thành phố nhưng sau đó tự ý bỏ học hoặc không hoàn thành nghĩa vụ thì sẽ bị xử lý như thế nào?,single_hop,unanswerable,False,0.0,0.0,0.0,0.0,0.0,0.0,0.0022556390977443025,0.0022556390977443025,1.363369932000297
vlrag-38965dc91b,HybridGraph_minus_HybridOnly,Trong trường hợp học sinh đã cam kết tham gia đề án đào tạo của thành phố nhưng sau đó tự ý bỏ học hoặc không hoàn thành nghĩa vụ thì sẽ bị xử lý như thế nào?,single_hop,unanswerable,False,0.0,0.0,0.0,0.0,0.0,0.0,-0.0232709873858199,-0.006742061765985203,-0.47878192600182956
vlrag-38965dc91b,HybridOnly_minus_DenseOnly,Trong trường hợp học sinh đã cam kết tham gia đề án đào tạo của thành phố nhưng sau đó tự ý bỏ học hoặc không hoàn thành nghĩa vụ thì sẽ bị xử lý như thế nào?,single_hop,unanswerable,False,0.0,0.0,0.0,0.0,0.0,0.0,0.0232709873858199,0.006742061765985203,26.061748490426176
vlrag-38965dc91b,HybridGraph_minus_DenseGraph,Trong trường hợp học sinh đã cam kết tham gia đề án đào tạo của thành phố nhưng sau đó tự ý bỏ học hoặc không hoàn thành nghĩa vụ thì sẽ bị xử lý như thế nào?,single_hop,unanswerable,False,0.0,0.0,0.0,0.0,0.0,0.0,-0.0022556390977443025,-0.0022556390977443025,24.21959663242405
vlrag-39529deded,DenseGraph_minus_DenseOnly,"Có được phép mở tài khoản giao dịch của Đài Truyền hình Việt Nam tại các ngân hàng thương mại không, hay bắt buộc chỉ được mở tại Kho bạc Nhà nước?",single_hop,boolean,True,0.0,0.0,0.0,0.0,0.0,0.0,-0.0266666666666666,-0.0266666666666666,-2.817449611999564
vlrag-39529deded,HybridGraph_minus_HybridOnly,"Có được phép mở tài khoản giao dịch của Đài Truyền hình Việt Nam tại các ngân hàng thương mại không, hay bắt buộc chỉ được mở tại Kho bạc Nhà nước?",single_hop,boolean,True,0.0,0.0,0.0,0.0,0.0,0.0,-0.0018037518037518005,-0.0018037518037518005,2.5136858250007137
vlrag-39529deded,HybridOnly_minus_DenseOnly,"Có được phép mở tài khoản giao dịch của Đài Truyền hình Việt Nam tại các ngân hàng thương mại không, hay bắt buộc chỉ được mở tại Kho bạc Nhà nước?",single_hop,boolean,True,0.0,0.0,0.0,0.0,0.0,0.0,0.001111111111111101,0.001111111111111101,24.047432026422207
vlrag-39529deded,HybridGraph_minus_DenseGraph,"Có được phép mở tài khoản giao dịch của Đài Truyền hình Việt Nam tại các ngân hàng thương mại không, hay bắt buộc chỉ được mở tại Kho bạc Nhà nước?",single_hop,boolean,True,0.0,0.0,0.0,0.0,0.0,0.0,0.0259740259740259,0.0259740259740259,29.378567463422485
vlrag-395e4fa2e5,DenseGraph_minus_DenseOnly,"Làm sao để biết chính xác tọa độ các điểm cắm biển báo vùng cấm tại đập tràn Trà Sư, xã Nhơn Hưng, huyện Tịnh Biên?",single_hop,extractive,True,0.0,0.0,0.0,0.0,0.0,0.0,0.03522804628999321,0.01599727705922399,-1.8414256429987286
vlrag-395e4fa2e5,HybridGraph_minus_HybridOnly,"Làm sao để biết chính xác tọa độ các điểm cắm biển báo vùng cấm tại đập tràn Trà Sư, xã Nhơn Hưng, huyện Tịnh Biên?",single_hop,extractive,True,0.0,0.0,0.0,0.0,0.0,0.0,0.0310155920775389,0.0310155920775389,0.9105773459996271
vlrag-395e4fa2e5,HybridOnly_minus_DenseOnly,"Làm sao để biết chính xác tọa độ các điểm cắm biển báo vùng cấm tại đập tràn Trà Sư, xã Nhơn Hưng, huyện Tịnh Biên?",single_hop,extractive,True,0.0,0.0,0.0,0.0,0.0,0.0,0.0,0.0,27.201361969421384
vlrag-395e4fa2e5,HybridGraph_minus_DenseGraph,"Làm sao để biết chính xác tọa độ các điểm cắm biển báo vùng cấm tại đập tràn Trà Sư, xã Nhơn Hưng, huyện Tịnh Biên?",single_hop,extractive,True,0.0,0.0,0.0,0.0,0.0,0.0,-0.0042124542124543085,0.01501831501831491,29.95336495841974
vlrag-39ef775a9f,DenseGraph_minus_DenseOnly,Tôi muốn sử dụng loại hóa đơn chỉ có 2 liên cho cửa hàng của mình thì cần làm gì và các liên đó được sử dụng vào mục đích gì?,multi_hop,abstractive,True,0.0,0.0,0.0,0.0,0.0,0.0,0.042688801600830106,0.0664048024901801,0.3013915819999511
vlrag-39ef775a9f,HybridGraph_minus_HybridOnly,Tôi muốn sử dụng loại hóa đơn chỉ có 2 liên cho cửa hàng của mình thì cần làm gì và các liên đó được sử dụng vào mục đích gì?,multi_hop,abstractive,True,-0.5,-1.0,-0.1428571428571428,-0.2043823975884861,-0.1,0.0,-0.07179041829497751,-0.0228687219568679,-1.6292865529994707
vlrag-39ef775a9f,HybridOnly_minus_DenseOnly,Tôi muốn sử dụng loại hóa đơn chỉ có 2 liên cho cửa hàng của mình thì cần làm gì và các liên đó được sử dụng vào mục đích gì?,multi_hop,abstractive,True,0.0,0.0,-0.3571428571428572,-0.1824704096460555,0.0,0.0,-0.01721617670943648,-0.017324454550376317,25.252907779419445
vlrag-39ef775a9f,HybridGraph_minus_DenseGraph,Tôi muốn sử dụng loại hóa đơn chỉ có 2 liên cho cửa hàng của mình thì cần làm gì và các liên đó được sử dụng vào mục đích gì?,multi_hop,abstractive,True,-0.5,-1.0,-0.5,-0.3868528072345416,-0.1,0.0,-0.1316953966052441,-0.10659797899742432,23.322229644420023
vlrag-3c8aedd844,DenseGraph_minus_DenseOnly,"Chúng tôi là người nước ngoài đang làm việc tại Việt Nam, nếu không may có vi phạm về giao thông đường bộ, liệu chúng tôi có bị xử phạt theo Nghị định 15/2003/NĐ-CP không?",legal_validity,boolean,True,0.0,0.0,0.0,0.0,0.0,0.0,0.0,0.0,-2.7694237640000665
vlrag-3c8aedd844,HybridGraph_minus_HybridOnly,"Chúng tôi là người nước ngoài đang làm việc tại Việt Nam, nếu không may có vi phạm về giao thông đường bộ, liệu chúng tôi có bị xử phạt theo Nghị định 15/2003/NĐ-CP không?",legal_validity,boolean,True,0.0,0.0,0.0,0.0,0.0,0.0,0.005456095481671003,0.005456095481671003,-0.5401308940017806
vlrag-3c8aedd844,HybridOnly_minus_DenseOnly,"Chúng tôi là người nước ngoài đang làm việc tại Việt Nam, nếu không may có vi phạm về giao thông đường bộ, liệu chúng tôi có bị xử phạt theo Nghị định 15/2003/NĐ-CP không?",legal_validity,boolean,True,0.0,0.0,-0.16666666666666669,-0.13092975357145753,0.0,0.0,-0.001470588235294102,-0.001470588235294102,25.296576682423794
vlrag-3c8aedd844,HybridGraph_minus_DenseGraph,"Chúng tôi là người nước ngoài đang làm việc tại Việt Nam, nếu không may có vi phạm về giao thông đường bộ, liệu chúng tôi có bị xử phạt theo Nghị định 15/2003/NĐ-CP không?",legal_validity,boolean,True,0.0,0.0,-0.16666666666666669,-0.13092975357145753,0.0,0.0,0.003985507246376901,0.003985507246376901,27.52586955242208
vlrag-3e8c04ac9e,DenseGraph_minus_DenseOnly,Có được áp dụng mức thu lệ phí 20.000 đồng cho việc cấp lại sổ hộ khẩu tại các xã thuộc huyện của tỉnh Ninh Thuận không?,legal_validity,boolean,True,0.0,0.0,0.0,0.0,0.0,0.0,0.0,0.0,-5.024939765999989
vlrag-3e8c04ac9e,HybridGraph_minus_HybridOnly,Có được áp dụng mức thu lệ phí 20.000 đồng cho việc cấp lại sổ hộ khẩu tại các xã thuộc huyện của tỉnh Ninh Thuận không?,legal_validity,boolean,True,-1.0,-1.0,-0.1666666666666666,-0.3562071871080222,-0.1,0.0,0.0,0.0,-0.26239614199948136
vlrag-3e8c04ac9e,HybridOnly_minus_DenseOnly,Có được áp dụng mức thu lệ phí 20.000 đồng cho việc cấp lại sổ hộ khẩu tại các xã thuộc huyện của tỉnh Ninh Thuận không?,legal_validity,boolean,True,0.0,0.0,-0.1666666666666667,-0.14379281289197782,0.0,0.0,0.1666666666666666,0.1666666666666666,18.4607071644229
vlrag-3e8c04ac9e,HybridGraph_minus_DenseGraph,Có được áp dụng mức thu lệ phí 20.000 đồng cho việc cấp lại sổ hộ khẩu tại các xã thuộc huyện của tỉnh Ninh Thuận không?,legal_validity,boolean,True,-1.0,-1.0,-0.3333333333333333,-0.5,-0.1,0.0,0.1666666666666666,0.1666666666666666,23.223250788423407
vlrag-403cfe9c69,DenseGraph_minus_DenseOnly,Có được xem là đúng quy định không nếu doanh nghiệp tôi yêu cầu cơ quan nhà nước chỉ rõ căn cứ pháp lý về chế độ mở và sử dụng tài khoản tại Kho bạc Nhà nước để đối chiếu khi làm việc?,citation,boolean,True,-1.0,-1.0,-0.1428571428571428,-0.3333333333333333,-0.1,0.0,-0.0005949724825227015,-0.0005949724825227015,1.289626490000046
vlrag-403cfe9c69,HybridGraph_minus_HybridOnly,Có được xem là đúng quy định không nếu doanh nghiệp tôi yêu cầu cơ quan nhà nước chỉ rõ căn cứ pháp lý về chế độ mở và sử dụng tài khoản tại Kho bạc Nhà nước để đối chiếu khi làm việc?,citation,boolean,True,0.0,0.0,0.0,0.0,0.0,0.0,-0.001277791975466399,-0.001277791975466399,0.05776909000087471
vlrag-403cfe9c69,HybridOnly_minus_DenseOnly,Có được xem là đúng quy định không nếu doanh nghiệp tôi yêu cầu cơ quan nhà nước chỉ rõ căn cứ pháp lý về chế độ mở và sử dụng tài khoản tại Kho bạc Nhà nước để đối chiếu khi làm việc?,citation,boolean,True,-1.0,-1.0,-0.1428571428571428,-0.3333333333333333,-0.1,0.0,-0.0014355440712030022,-0.0014355440712030022,27.57846082841951
vlrag-403cfe9c69,HybridGraph_minus_DenseGraph,Có được xem là đúng quy định không nếu doanh nghiệp tôi yêu cầu cơ quan nhà nước chỉ rõ căn cứ pháp lý về chế độ mở và sử dụng tài khoản tại Kho bạc Nhà nước để đối chiếu khi làm việc?,citation,boolean,True,0.0,0.0,0.0,0.0,0.0,0.0,-0.0021183635641466997,-0.0021183635641466997,26.346603428420337
vlrag-41829cf00b,DenseGraph_minus_DenseOnly,Tôi muốn thực hiện nhập khẩu song song một loại thuốc chữa bệnh về Việt Nam để bán thì cần làm theo trình tự thủ tục như thế nào và phải gửi hồ sơ đến cơ quan nào?,single_hop,unanswerable,False,0.0,0.0,0.0,0.0,0.0,0.0,-0.0008880008880007995,-0.0008880008880007995,-0.9825004960011938
vlrag-41829cf00b,HybridGraph_minus_HybridOnly,Tôi muốn thực hiện nhập khẩu song song một loại thuốc chữa bệnh về Việt Nam để bán thì cần làm theo trình tự thủ tục như thế nào và phải gửi hồ sơ đến cơ quan nào?,single_hop,unanswerable,False,0.0,0.0,0.0,0.0,0.0,0.0,-0.003497615262321202,0.010015898251192298,-0.9060538030025747
vlrag-41829cf00b,HybridOnly_minus_DenseOnly,Tôi muốn thực hiện nhập khẩu song song một loại thuốc chữa bệnh về Việt Nam để bán thì cần làm theo trình tự thủ tục như thế nào và phải gửi hồ sơ đến cơ quan nào?,single_hop,unanswerable,False,0.0,0.0,0.0,0.0,0.0,0.0,0.0160380160380161,0.0025245025245026007,25.269558456422317
vlrag-41829cf00b,HybridGraph_minus_DenseGraph,Tôi muốn thực hiện nhập khẩu song song một loại thuốc chữa bệnh về Việt Nam để bán thì cần làm theo trình tự thủ tục như thế nào và phải gửi hồ sơ đến cơ quan nào?,single_hop,unanswerable,False,0.0,0.0,0.0,0.0,0.0,0.0,0.013428401663695699,0.013428401663695699,25.346005149420936
vlrag-41eb00badb,DenseGraph_minus_DenseOnly,"Sắp tới tôi có dự định xây dựng công trình kinh doanh gần khu vực biên giới tỉnh An Giang, nghe người ta nói có quy định về vành đai biên giới, không biết nội dung này nằm ở văn bản nào để tôi kiểm tra?",citation,abstractive,True,0.0,0.0,0.0,0.0,0.0,0.0,0.04583432800190981,0.04010503700167098,-0.9504370650001879
vlrag-41eb00badb,HybridGraph_minus_HybridOnly,"Sắp tới tôi có dự định xây dựng công trình kinh doanh gần khu vực biên giới tỉnh An Giang, nghe người ta nói có quy định về vành đai biên giới, không biết nội dung này nằm ở văn bản nào để tôi kiểm tra?",citation,abstractive,True,0.0,0.0,0.0,0.0,0.0,0.0,0.014192785334121799,0.0127735068007096,-0.7319138320053753
vlrag-41eb00badb,HybridOnly_minus_DenseOnly,"Sắp tới tôi có dự định xây dựng công trình kinh doanh gần khu vực biên giới tỉnh An Giang, nghe người ta nói có quy định về vành đai biên giới, không biết nội dung này nằm ở văn bản nào để tôi kiểm tra?",citation,abstractive,True,0.0,0.0,0.0,0.0,0.0,0.0,-0.014825796886582698,-0.0077094143810230165,27.270668828428544
vlrag-41eb00badb,HybridGraph_minus_DenseGraph,"Sắp tới tôi có dự định xây dựng công trình kinh doanh gần khu vực biên giới tỉnh An Giang, nghe người ta nói có quy định về vành đai biên giới, không biết nội dung này nằm ở văn bản nào để tôi kiểm tra?",citation,abstractive,True,0.0,0.0,0.0,0.0,0.0,0.0,-0.04646733955437071,-0.035040944581984396,27.489192061423356
vlrag-421cf6bd9e,DenseGraph_minus_DenseOnly,"Sắp tới tôi được phân công tham gia lực lượng phòng cháy chữa cháy cơ sở, vậy tôi có nghĩa vụ gì liên quan đến việc sử dụng phương tiện được trang bị không?",single_hop,unanswerable,False,0.0,0.0,0.0,0.0,0.0,0.0,0.0051230649292794,0.0051230649292794,3.1736107980013912
vlrag-421cf6bd9e,HybridGraph_minus_HybridOnly,"Sắp tới tôi được phân công tham gia lực lượng phòng cháy chữa cháy cơ sở, vậy tôi có nghĩa vụ gì liên quan đến việc sử dụng phương tiện được trang bị không?",single_hop,unanswerable,False,0.0,0.0,0.0,0.0,0.0,0.0,-0.002222222222222195,-0.002222222222222195,-0.4112699709985428
vlrag-421cf6bd9e,HybridOnly_minus_DenseOnly,"Sắp tới tôi được phân công tham gia lực lượng phòng cháy chữa cháy cơ sở, vậy tôi có nghĩa vụ gì liên quan đến việc sử dụng phương tiện được trang bị không?",single_hop,unanswerable,False,0.0,0.0,0.0,0.0,0.0,0.0,0.028158295281582896,0.028158295281582896,27.017339486426582
vlrag-421cf6bd9e,HybridGraph_minus_DenseGraph,"Sắp tới tôi được phân công tham gia lực lượng phòng cháy chữa cháy cơ sở, vậy tôi có nghĩa vụ gì liên quan đến việc sử dụng phương tiện được trang bị không?",single_hop,unanswerable,False,0.0,0.0,0.0,0.0,0.0,0.0,0.0208130081300813,0.0208130081300813,23.43245871742665
vlrag-430decb685,DenseGraph_minus_DenseOnly,"Doanh nghiệp của tôi có nghe nói về quy định bảo vệ bí mật nhà nước tại Đắk Lắk, không biết có văn bản nào quy định cụ thể về vấn đề này không?",citation,extractive,True,-1.0,-1.0,-0.1428571428571428,-0.3333333333333333,-0.1,0.0,0.007735697018533501,0.007735697018533501,0.1713652500002354
vlrag-430decb685,HybridGraph_minus_HybridOnly,"Doanh nghiệp của tôi có nghe nói về quy định bảo vệ bí mật nhà nước tại Đắk Lắk, không biết có văn bản nào quy định cụ thể về vấn đề này không?",citation,extractive,True,0.0,0.0,0.0,0.0,0.0,0.0,0.001642036124794806,0.001642036124794806,-0.3195267570008582
vlrag-430decb685,HybridOnly_minus_DenseOnly,"Doanh nghiệp của tôi có nghe nói về quy định bảo vệ bí mật nhà nước tại Đắk Lắk, không biết có văn bản nào quy định cụ thể về vấn đề này không?",citation,extractive,True,-1.0,-1.0,-0.1428571428571428,-0.3333333333333333,-0.1,0.0,-0.001081812035158905,-0.001081812035158905,26.07969875942371
vlrag-430decb685,HybridGraph_minus_DenseGraph,"Doanh nghiệp của tôi có nghe nói về quy định bảo vệ bí mật nhà nước tại Đắk Lắk, không biết có văn bản nào quy định cụ thể về vấn đề này không?",citation,extractive,True,0.0,0.0,0.0,0.0,0.0,0.0,-0.0071754729288976,-0.0071754729288976,25.588806752422617
vlrag-4367175a6f,DenseGraph_minus_DenseOnly,"Gia đình tôi được một người quen nói rằng tỉnh Hà Nam đã có văn bản riêng quy định về việc soạn thảo và ban hành văn bản pháp luật, tôi muốn kiểm tra xem có đúng là tỉnh đã ban hành Quyết định 07/2008/QĐ-UBND hay không?",citation,boolean,True,0.0,0.0,0.0,0.0,0.0,0.0,0.0,0.0,-0.18156351399966297
vlrag-4367175a6f,HybridGraph_minus_HybridOnly,"Gia đình tôi được một người quen nói rằng tỉnh Hà Nam đã có văn bản riêng quy định về việc soạn thảo và ban hành văn bản pháp luật, tôi muốn kiểm tra xem có đúng là tỉnh đã ban hành Quyết định 07/2008/QĐ-UBND hay không?",citation,boolean,True,0.0,0.0,0.0,0.0,0.0,0.0,0.0,0.0,-1.8632694879979645
vlrag-4367175a6f,HybridOnly_minus_DenseOnly,"Gia đình tôi được một người quen nói rằng tỉnh Hà Nam đã có văn bản riêng quy định về việc soạn thảo và ban hành văn bản pháp luật, tôi muốn kiểm tra xem có đúng là tỉnh đã ban hành Quyết định 07/2008/QĐ-UBND hay không?",citation,boolean,True,0.0,0.0,0.0,0.0,0.0,0.0,0.0,0.0,28.0855625524211
vlrag-4367175a6f,HybridGraph_minus_DenseGraph,"Gia đình tôi được một người quen nói rằng tỉnh Hà Nam đã có văn bản riêng quy định về việc soạn thảo và ban hành văn bản pháp luật, tôi muốn kiểm tra xem có đúng là tỉnh đã ban hành Quyết định 07/2008/QĐ-UBND hay không?",citation,boolean,True,0.0,0.0,0.0,0.0,0.0,0.0,0.0,0.0,26.403856578422797
vlrag-436bb223b0,DenseGraph_minus_DenseOnly,"Chúng tôi là doanh nghiệp tại Lâm Đồng, hiện tại muốn biết tỉnh có chính sách hay quy định nào về việc cử cán bộ, công chức, viên chức đi đào tạo, bồi dưỡng ở nước ngoài hay không?",single_hop,boolean,True,0.0,0.0,0.0,0.0,0.0,0.0,0.008958396598846001,0.008958396598846001,-2.8399852260001808
vlrag-436bb223b0,HybridGraph_minus_HybridOnly,"Chúng tôi là doanh nghiệp tại Lâm Đồng, hiện tại muốn biết tỉnh có chính sách hay quy định nào về việc cử cán bộ, công chức, viên chức đi đào tạo, bồi dưỡng ở nước ngoài hay không?",single_hop,boolean,True,0.0,0.0,0.0,0.0,0.0,0.0,0.0024202420242024,0.0024202420242024,-1.6087254809990519
vlrag-436bb223b0,HybridOnly_minus_DenseOnly,"Chúng tôi là doanh nghiệp tại Lâm Đồng, hiện tại muốn biết tỉnh có chính sách hay quy định nào về việc cử cán bộ, công chức, viên chức đi đào tạo, bồi dưỡng ở nước ngoài hay không?",single_hop,boolean,True,0.0,0.0,0.0,0.0,0.0,0.0,0.006288466684506298,0.006288466684506298,24.671600847421303
vlrag-436bb223b0,HybridGraph_minus_DenseGraph,"Chúng tôi là doanh nghiệp tại Lâm Đồng, hiện tại muốn biết tỉnh có chính sách hay quy định nào về việc cử cán bộ, công chức, viên chức đi đào tạo, bồi dưỡng ở nước ngoài hay không?",single_hop,boolean,True,0.0,0.0,0.0,0.0,0.0,0.0,-0.0002496878901373026,-0.0002496878901373026,25.90286059242243
vlrag-43d7a6ebad,DenseGraph_minus_DenseOnly,"Gia đình tôi có người quen làm trong tổ chức tư vấn ISO, không biết quy định tại Thông tư 26/2014/TT-BKHCN về đối tượng áp dụng là các tổ chức tư vấn hiện tại còn hiệu lực để thực hiện công việc hay không?",legal_validity,unanswerable,False,0.0,0.0,0.0,0.0,0.0,0.0,0.026733500417710908,0.008145363408521303,-1.7145701119989099
vlrag-43d7a6ebad,HybridGraph_minus_HybridOnly,"Gia đình tôi có người quen làm trong tổ chức tư vấn ISO, không biết quy định tại Thông tư 26/2014/TT-BKHCN về đối tượng áp dụng là các tổ chức tư vấn hiện tại còn hiệu lực để thực hiện công việc hay không?",legal_validity,unanswerable,False,0.0,0.0,0.0,0.0,0.0,0.0,-0.017653035306070597,-0.001143002286004599,-1.0637321899994276
vlrag-43d7a6ebad,HybridOnly_minus_DenseOnly,"Gia đình tôi có người quen làm trong tổ chức tư vấn ISO, không biết quy định tại Thông tư 26/2014/TT-BKHCN về đối tượng áp dụng là các tổ chức tư vấn hiện tại còn hiệu lực để thực hiện công việc hay không?",legal_validity,unanswerable,False,0.0,0.0,0.0,0.0,0.0,0.0,0.028013582342954098,0.008913412563667199,26.525054383421494
vlrag-43d7a6ebad,HybridGraph_minus_DenseGraph,"Gia đình tôi có người quen làm trong tổ chức tư vấn ISO, không biết quy định tại Thông tư 26/2014/TT-BKHCN về đối tượng áp dụng là các tổ chức tư vấn hiện tại còn hiệu lực để thực hiện công việc hay không?",legal_validity,unanswerable,False,0.0,0.0,0.0,0.0,0.0,0.0,-0.016372953380827407,-0.00037495313085870313,27.175892305420977
vlrag-45f4114900,DenseGraph_minus_DenseOnly,"Sắp tới tôi dự định mở xưởng may, liệu công ty mới thành lập chưa có thành tích xuất khẩu thì có cơ hội nhận được hạn ngạch dệt may sang thị trường Hoa Kỳ không?",multi_hop,abstractive,True,-0.6666666666666666,-1.0,-0.125,-0.2836929289153804,-0.2,0.0,-0.1696097667320689,-0.1120558098975365,-1.6814757340002866
vlrag-45f4114900,HybridGraph_minus_HybridOnly,"Sắp tới tôi dự định mở xưởng may, liệu công ty mới thành lập chưa có thành tích xuất khẩu thì có cơ hội nhận được hạn ngạch dệt may sang thị trường Hoa Kỳ không?",multi_hop,abstractive,True,0.0,0.0,0.0,0.0,0.0,0.0,0.0812746151092016,0.13390619405657,-0.6663842810012319
vlrag-45f4114900,HybridOnly_minus_DenseOnly,"Sắp tới tôi dự định mở xưởng may, liệu công ty mới thành lập chưa có thành tích xuất khẩu thì có cơ hội nhận được hạn ngạch dệt may sang thị trường Hoa Kỳ không?",multi_hop,abstractive,True,-0.6666666666666666,-1.0,-0.125,-0.2836929289153804,-0.2,0.0,-0.10740880979426991,-0.10248643190710591,26.976819973421875
vlrag-45f4114900,HybridGraph_minus_DenseGraph,"Sắp tới tôi dự định mở xưởng may, liệu công ty mới thành lập chưa có thành tích xuất khẩu thì có cơ hội nhận được hạn ngạch dệt may sang thị trường Hoa Kỳ không?",multi_hop,abstractive,True,0.0,0.0,0.0,0.0,0.0,0.0,0.1434755720470006,0.1434755720470006,27.99191142642093
vlrag-46259cca4a,DenseGraph_minus_DenseOnly,"Tôi là chủ một doanh nghiệp nhỏ, nếu công ty tôi vô tình vi phạm quy định về quốc phòng thì có bị xử phạt không và những đối tượng nào phải chịu trách nhiệm này?",multi_hop,boolean,True,0.0,0.0,0.0,0.0,0.0,0.0,0.0011741682974559,0.0011741682974559,0.38128918199981854
vlrag-46259cca4a,HybridGraph_minus_HybridOnly,"Tôi là chủ một doanh nghiệp nhỏ, nếu công ty tôi vô tình vi phạm quy định về quốc phòng thì có bị xử phạt không và những đối tượng nào phải chịu trách nhiệm này?",multi_hop,boolean,True,0.0,0.0,0.0,0.0,0.0,0.0,-0.0028237192416296977,-0.0028237192416296977,0.1582886989999679
vlrag-46259cca4a,HybridOnly_minus_DenseOnly,"Tôi là chủ một doanh nghiệp nhỏ, nếu công ty tôi vô tình vi phạm quy định về quốc phòng thì có bị xử phạt không và những đối tượng nào phải chịu trách nhiệm này?",multi_hop,boolean,True,0.0,0.0,0.0,0.0,0.0,0.0,0.0024534859946840973,0.0024534859946840973,21.347265400421012
vlrag-46259cca4a,HybridGraph_minus_DenseGraph,"Tôi là chủ một doanh nghiệp nhỏ, nếu công ty tôi vô tình vi phạm quy định về quốc phòng thì có bị xử phạt không và những đối tượng nào phải chịu trách nhiệm này?",multi_hop,boolean,True,0.0,0.0,0.0,0.0,0.0,0.0,-0.0015444015444015004,-0.0015444015444015004,21.12426491742116
vlrag-47d2ec76d2,DenseGraph_minus_DenseOnly,"Trong trường hợp tôi muốn biết mình có thuộc diện phải nộp lệ phí trước bạ theo bảng giá mới nhất của tỉnh hay không, tôi nên dựa vào đâu?",single_hop,abstractive,True,0.0,0.0,0.0,0.0,0.0,0.0,-0.0961538461538462,-0.08119658119658121,1.716189052000118
vlrag-47d2ec76d2,HybridGraph_minus_HybridOnly,"Trong trường hợp tôi muốn biết mình có thuộc diện phải nộp lệ phí trước bạ theo bảng giá mới nhất của tỉnh hay không, tôi nên dựa vào đâu?",single_hop,abstractive,True,0.0,0.0,0.0,0.0,0.0,0.0,0.013553633664644404,0.00903575577642951,1.026496588998267
vlrag-47d2ec76d2,HybridOnly_minus_DenseOnly,"Trong trường hợp tôi muốn biết mình có thuộc diện phải nộp lệ phí trước bạ theo bảng giá mới nhất của tỉnh hay không, tôi nên dựa vào đâu?",single_hop,abstractive,True,0.0,0.0,0.0,0.0,0.0,0.0,-0.073137492428831,-0.04875832828588733,27.140540146413233
vlrag-47d2ec76d2,HybridGraph_minus_DenseGraph,"Trong trường hợp tôi muốn biết mình có thuộc diện phải nộp lệ phí trước bạ theo bảng giá mới nhất của tỉnh hay không, tôi nên dựa vào đâu?",single_hop,abstractive,True,0.0,0.0,0.0,0.0,0.0,0.0,0.03656998738965961,0.04147400868712339,26.450847683411382
vlrag-47f0fd280d,DenseGraph_minus_DenseOnly,"Chúng tôi muốn thực hiện quy trình bổ nhiệm kế toán trưởng cho đơn vị, vậy cần liên hệ cơ quan nào để được hướng dẫn triển khai thực hiện?",single_hop,abstractive,True,0.0,0.0,0.0,0.0,0.0,0.0,-0.043487714720591375,0.0243531202435312,-1.681963968999753
vlrag-47f0fd280d,HybridGraph_minus_HybridOnly,"Chúng tôi muốn thực hiện quy trình bổ nhiệm kế toán trưởng cho đơn vị, vậy cần liên hệ cơ quan nào để được hướng dẫn triển khai thực hiện?",single_hop,abstractive,True,0.0,0.0,0.0,0.0,0.0,0.0,0.003254972875226001,0.003254972875226001,-0.11871728999904008
vlrag-47f0fd280d,HybridOnly_minus_DenseOnly,"Chúng tôi muốn thực hiện quy trình bổ nhiệm kế toán trưởng cho đơn vị, vậy cần liên hệ cơ quan nào để được hướng dẫn triển khai thực hiện?",single_hop,abstractive,True,0.0,0.0,0.0,0.0,0.0,0.0,-0.2921438617641149,-0.1969057665260197,26.214595416422245
vlrag-47f0fd280d,HybridGraph_minus_DenseGraph,"Chúng tôi muốn thực hiện quy trình bổ nhiệm kế toán trưởng cho đơn vị, vậy cần liên hệ cơ quan nào để được hướng dẫn triển khai thực hiện?",single_hop,abstractive,True,0.0,0.0,0.0,0.0,0.0,0.0,-0.24540117416829751,-0.2180039138943249,27.777842095422958
vlrag-487fa5b1e1,DenseGraph_minus_DenseOnly,"Trong trường hợp doanh nghiệp của tôi muốn phối hợp tổ chức các hoạt động nuôi dạy trẻ em khó khăn tại thành phố Đà Nẵng, tôi cần tuân thủ những quy định tổ chức nào?",single_hop,abstractive,True,-1.0,-1.0,-0.1666666666666666,-0.3562071871080222,-0.1,0.0,0.1324189315045297,0.1324189315045297,-0.5867337689987835
vlrag-487fa5b1e1,HybridGraph_minus_HybridOnly,"Trong trường hợp doanh nghiệp của tôi muốn phối hợp tổ chức các hoạt động nuôi dạy trẻ em khó khăn tại thành phố Đà Nẵng, tôi cần tuân thủ những quy định tổ chức nào?",single_hop,abstractive,True,0.0,0.0,0.0,0.0,0.0,0.0,0.055445544554455384,0.055445544554455384,-0.5001893989974597
vlrag-487fa5b1e1,HybridOnly_minus_DenseOnly,"Trong trường hợp doanh nghiệp của tôi muốn phối hợp tổ chức các hoạt động nuôi dạy trẻ em khó khăn tại thành phố Đà Nẵng, tôi cần tuân thủ những quy định tổ chức nào?",single_hop,abstractive,True,0.0,0.0,0.33333333333333337,0.27472256646343535,0.0,0.0,0.037795275590551236,0.037795275590551236,25.97309402342006
vlrag-487fa5b1e1,HybridGraph_minus_DenseGraph,"Trong trường hợp doanh nghiệp của tôi muốn phối hợp tổ chức các hoạt động nuôi dạy trẻ em khó khăn tại thành phố Đà Nẵng, tôi cần tuân thủ những quy định tổ chức nào?",single_hop,abstractive,True,1.0,1.0,0.5,0.6309297535714575,0.1,0.0,-0.03917811135952309,-0.03917811135952309,26.059638393421384
vlrag-48b48f3cc4,DenseGraph_minus_DenseOnly,"Gia đình tôi hiện đang ở nước ngoài, việc đăng ký giám hộ cho cháu tôi có còn áp dụng theo quy định của Thông tư liên tịch 06/2012/TTLT-BTP-BNG không?",legal_validity,boolean,True,-1.0,-1.0,-0.2,-0.3868528072345416,-0.1,0.0,-0.1666666666666666,-0.1666666666666666,1.095385062999867
vlrag-48b48f3cc4,HybridGraph_minus_HybridOnly,"Gia đình tôi hiện đang ở nước ngoài, việc đăng ký giám hộ cho cháu tôi có còn áp dụng theo quy định của Thông tư liên tịch 06/2012/TTLT-BTP-BNG không?",legal_validity,boolean,True,0.0,0.0,0.0,0.0,0.0,0.0,0.0425531914893616,0.0425531914893616,-0.9760361359985836
vlrag-48b48f3cc4,HybridOnly_minus_DenseOnly,"Gia đình tôi hiện đang ở nước ngoài, việc đăng ký giám hộ cho cháu tôi có còn áp dụng theo quy định của Thông tư liên tịch 06/2012/TTLT-BTP-BNG không?",legal_validity,boolean,True,0.0,0.0,0.3,0.24407694633691596,0.0,0.0,-0.1666666666666666,-0.1666666666666666,27.088162129420827
vlrag-48b48f3cc4,HybridGraph_minus_DenseGraph,"Gia đình tôi hiện đang ở nước ngoài, việc đăng ký giám hộ cho cháu tôi có còn áp dụng theo quy định của Thông tư liên tịch 06/2012/TTLT-BTP-BNG không?",legal_validity,boolean,True,1.0,1.0,0.5,0.6309297535714575,0.1,0.0,0.0425531914893616,0.0425531914893616,25.016740930422376
vlrag-4a041d41ee,DenseGraph_minus_DenseOnly,"Trong trường hợp tôi muốn tìm văn bản quy định cụ thể về mức chi tiền họp ngoài giờ cho Ban Chỉ đạo chống buôn lậu tỉnh Quảng Nam, tôi nên tra cứu văn bản nào?",citation,abstractive,True,-1.0,-1.0,-0.1666666666666666,-0.3562071871080222,-0.1,0.0,0.021758241758241786,0.021758241758241786,0.27822693300004175
vlrag-4a041d41ee,HybridGraph_minus_HybridOnly,"Trong trường hợp tôi muốn tìm văn bản quy định cụ thể về mức chi tiền họp ngoài giờ cho Ban Chỉ đạo chống buôn lậu tỉnh Quảng Nam, tôi nên tra cứu văn bản nào?",citation,abstractive,True,-1.0,-1.0,-0.1,-0.2890648263178879,-0.1,0.0,0.004980192416525198,0.004980192416525198,-0.12566679500014288
vlrag-4a041d41ee,HybridOnly_minus_DenseOnly,"Trong trường hợp tôi muốn tìm văn bản quy định cụ thể về mức chi tiền họp ngoài giờ cho Ban Chỉ đạo chống buôn lậu tỉnh Quảng Nam, tôi nên tra cứu văn bản nào?",citation,abstractive,True,0.0,0.0,-0.0666666666666666,-0.0671423607901343,0.0,0.0,0.011578947368420994,0.011578947368420994,24.039038510424067
vlrag-4a041d41ee,HybridGraph_minus_DenseGraph,"Trong trường hợp tôi muốn tìm văn bản quy định cụ thể về mức chi tiền họp ngoài giờ cho Ban Chỉ đạo chống buôn lậu tỉnh Quảng Nam, tôi nên tra cứu văn bản nào?",citation,abstractive,True,0.0,0.0,0.0,0.0,0.0,0.0,-0.0051991019732955945,-0.0051991019732955945,23.635144782423883
vlrag-4a990c4e26,DenseGraph_minus_DenseOnly,Có cần phải xin giấy phép gì đặc biệt nếu gia đình tôi muốn đánh bắt thủy sản bằng nghề Lưới Đáy hàng khơi tại vùng biển ven bờ tỉnh Trà Vinh không?,single_hop,boolean,True,0.0,0.0,-0.03333333333333341,-0.03064562012651939,0.0,0.0,0.0,0.0,4.892955633000383
vlrag-4a990c4e26,HybridGraph_minus_HybridOnly,Có cần phải xin giấy phép gì đặc biệt nếu gia đình tôi muốn đánh bắt thủy sản bằng nghề Lưới Đáy hàng khơi tại vùng biển ven bờ tỉnh Trà Vinh không?,single_hop,boolean,True,0.0,0.0,0.0,0.0,0.0,0.0,0.0,0.0,-0.23058881500037387
vlrag-4a990c4e26,HybridOnly_minus_DenseOnly,Có cần phải xin giấy phép gì đặc biệt nếu gia đình tôi muốn đánh bắt thủy sản bằng nghề Lưới Đáy hàng khơi tại vùng biển ven bờ tỉnh Trà Vinh không?,single_hop,boolean,True,-1.0,-1.0,-0.2,-0.3868528072345416,-0.1,0.0,0.0,0.0,27.121290676420987
vlrag-4a990c4e26,HybridGraph_minus_DenseGraph,Có cần phải xin giấy phép gì đặc biệt nếu gia đình tôi muốn đánh bắt thủy sản bằng nghề Lưới Đáy hàng khơi tại vùng biển ven bờ tỉnh Trà Vinh không?,single_hop,boolean,True,-1.0,-1.0,-0.1666666666666666,-0.3562071871080222,-0.1,0.0,0.0,0.0,21.99774622842023
vlrag-4ab284af3b,DenseGraph_minus_DenseOnly,"Nếu bên tôi thực hiện việc nghiệm thu khối lượng đất đá bóc trong khai thác than lộ thiên thì thời hạn để hoàn thành các thủ tục này là bao lâu, liệu có quy định cụ thể về thời gian không?",single_hop,unanswerable,False,0.0,0.0,0.0,0.0,0.0,0.0,0.0,0.0,0.2618516850002379
vlrag-4ab284af3b,HybridGraph_minus_HybridOnly,"Nếu bên tôi thực hiện việc nghiệm thu khối lượng đất đá bóc trong khai thác than lộ thiên thì thời hạn để hoàn thành các thủ tục này là bao lâu, liệu có quy định cụ thể về thời gian không?",single_hop,unanswerable,False,0.0,0.0,0.0,0.0,0.0,0.0,0.0,0.0,-0.2578837129949534
vlrag-4ab284af3b,HybridOnly_minus_DenseOnly,"Nếu bên tôi thực hiện việc nghiệm thu khối lượng đất đá bóc trong khai thác than lộ thiên thì thời hạn để hoàn thành các thủ tục này là bao lâu, liệu có quy định cụ thể về thời gian không?",single_hop,unanswerable,False,0.0,0.0,0.0,0.0,0.0,0.0,0.6023818670764503,0.6169804072224356,22.523216617422523
vlrag-4ab284af3b,HybridGraph_minus_DenseGraph,"Nếu bên tôi thực hiện việc nghiệm thu khối lượng đất đá bóc trong khai thác than lộ thiên thì thời hạn để hoàn thành các thủ tục này là bao lâu, liệu có quy định cụ thể về thời gian không?",single_hop,unanswerable,False,0.0,0.0,0.0,0.0,0.0,0.0,0.6023818670764503,0.6169804072224356,22.003481219427332
vlrag-4ae7b2b542,DenseGraph_minus_DenseOnly,Có cần phải lo lắng về việc xử lý hồ sơ nếu thủ tục công nhận thị trấn Đức Hòa mở rộng đạt tiêu chuẩn đô thị loại IV không kịp trình Bộ Xây dựng theo đúng yêu cầu không?,single_hop,unanswerable,False,0.0,0.0,0.0,0.0,0.0,0.0,-0.0157450796626054,-0.0157450796626054,2.723076355000103
vlrag-4ae7b2b542,HybridGraph_minus_HybridOnly,Có cần phải lo lắng về việc xử lý hồ sơ nếu thủ tục công nhận thị trấn Đức Hòa mở rộng đạt tiêu chuẩn đô thị loại IV không kịp trình Bộ Xây dựng theo đúng yêu cầu không?,single_hop,unanswerable,False,0.0,0.0,0.0,0.0,0.0,0.0,-0.016902515723270402,-0.016902515723270402,-0.7398194819998025
vlrag-4ae7b2b542,HybridOnly_minus_DenseOnly,Có cần phải lo lắng về việc xử lý hồ sơ nếu thủ tục công nhận thị trấn Đức Hòa mở rộng đạt tiêu chuẩn đô thị loại IV không kịp trình Bộ Xây dựng theo đúng yêu cầu không?,single_hop,unanswerable,False,0.0,0.0,0.0,0.0,0.0,0.0,0.0013722126929674033,0.0013722126929674033,24.69717676041927
vlrag-4ae7b2b542,HybridGraph_minus_DenseGraph,Có cần phải lo lắng về việc xử lý hồ sơ nếu thủ tục công nhận thị trấn Đức Hòa mở rộng đạt tiêu chuẩn đô thị loại IV không kịp trình Bộ Xây dựng theo đúng yêu cầu không?,single_hop,unanswerable,False,0.0,0.0,0.0,0.0,0.0,0.0,0.00021477663230240127,0.00021477663230240127,21.234280923419366
vlrag-4b392c0200,DenseGraph_minus_DenseOnly,Doanh nghiệp của tôi muốn thực hiện chương trình xúc tiến thương mại thì thông tư này hướng dẫn những nội dung gì?,single_hop,extractive,True,0.0,0.0,0.0,0.0,0.0,0.0,0.021078612859434687,0.0018758484511909035,3.5137068610001734
vlrag-4b392c0200,HybridGraph_minus_HybridOnly,Doanh nghiệp của tôi muốn thực hiện chương trình xúc tiến thương mại thì thông tư này hướng dẫn những nội dung gì?,single_hop,extractive,True,0.0,0.0,0.0,0.0,0.0,0.0,0.011439714007149798,-0.0377640558986026,-0.4488817359997519
vlrag-4b392c0200,HybridOnly_minus_DenseOnly,Doanh nghiệp của tôi muốn thực hiện chương trình xúc tiến thương mại thì thông tư này hướng dẫn những nội dung gì?,single_hop,extractive,True,0.0,0.0,0.0,0.0,0.0,0.0,0.0032795983753373947,0.015792527561240194,25.688978466419208
vlrag-4b392c0200,HybridGraph_minus_DenseGraph,Doanh nghiệp của tôi muốn thực hiện chương trình xúc tiến thương mại thì thông tư này hướng dẫn những nội dung gì?,single_hop,extractive,True,0.0,0.0,0.0,0.0,0.0,0.0,-0.006359300476947494,-0.02384737678855331,21.726389869419283
vlrag-4b65d1820b,DenseGraph_minus_DenseOnly,"Sắp tới tôi dự định kinh doanh giống cây trồng nhập khẩu, tôi muốn biết mình có thuộc đối tượng phải chịu sự điều chỉnh của các quy định về quản lý chất lượng giống cây trồng không và tôi có nghĩa vụ gì khi làm việc này?",multi_hop,abstractive,True,0.0,0.0,0.0,0.0,0.0,0.0,0.011314113308749596,0.007123700972175684,-0.7698234499998762
vlrag-4b65d1820b,HybridGraph_minus_HybridOnly,"Sắp tới tôi dự định kinh doanh giống cây trồng nhập khẩu, tôi muốn biết mình có thuộc đối tượng phải chịu sự điều chỉnh của các quy định về quản lý chất lượng giống cây trồng không và tôi có nghĩa vụ gì khi làm việc này?",multi_hop,abstractive,True,0.0,0.0,0.0,0.0,0.0,0.0,-0.0023795926137445966,-0.001808490386445788,0.19177891299841576
vlrag-4b65d1820b,HybridOnly_minus_DenseOnly,"Sắp tới tôi dự định kinh doanh giống cây trồng nhập khẩu, tôi muốn biết mình có thuộc đối tượng phải chịu sự điều chỉnh của các quy định về quản lý chất lượng giống cây trồng không và tôi có nghĩa vụ gì khi làm việc này?",multi_hop,abstractive,True,0.0,0.0,0.0,0.0,0.0,0.0,-0.09885100537030089,-0.030285999750218617,26.916405187419002
vlrag-4b65d1820b,HybridGraph_minus_DenseGraph,"Sắp tới tôi dự định kinh doanh giống cây trồng nhập khẩu, tôi muốn biết mình có thuộc đối tượng phải chịu sự điều chỉnh của các quy định về quản lý chất lượng giống cây trồng không và tôi có nghĩa vụ gì khi làm việc này?",multi_hop,abstractive,True,0.0,0.0,0.0,0.0,0.0,0.0,-0.11254471129279509,-0.03921819110884009,27.878007550417294
vlrag-4bbe0a2986,DenseGraph_minus_DenseOnly,Gia đình tôi có nghe thông tin rằng mọi hoạt động tiếp xúc với người nước ngoài đều phải xin phép UBND Tỉnh bằng văn bản. Không biết điều này có đúng theo văn bản quy định nào của tỉnh không?,citation,boolean,True,0.0,0.0,0.0,0.0,0.0,0.0,-0.0012138188608776003,-0.0012138188608776003,-2.0080445109997527
vlrag-4bbe0a2986,HybridGraph_minus_HybridOnly,Gia đình tôi có nghe thông tin rằng mọi hoạt động tiếp xúc với người nước ngoài đều phải xin phép UBND Tỉnh bằng văn bản. Không biết điều này có đúng theo văn bản quy định nào của tỉnh không?,citation,boolean,True,0.0,0.0,0.0,0.0,0.0,0.0,0.00022878059940520043,0.00022878059940520043,-3.015938633998296
vlrag-4bbe0a2986,HybridOnly_minus_DenseOnly,Gia đình tôi có nghe thông tin rằng mọi hoạt động tiếp xúc với người nước ngoài đều phải xin phép UBND Tỉnh bằng văn bản. Không biết điều này có đúng theo văn bản quy định nào của tỉnh không?,citation,boolean,True,0.0,0.0,0.0,0.0,0.0,0.0,0.006990881458966598,0.006990881458966598,27.530188518417788
vlrag-4bbe0a2986,HybridGraph_minus_DenseGraph,Gia đình tôi có nghe thông tin rằng mọi hoạt động tiếp xúc với người nước ngoài đều phải xin phép UBND Tỉnh bằng văn bản. Không biết điều này có đúng theo văn bản quy định nào của tỉnh không?,citation,boolean,True,0.0,0.0,0.0,0.0,0.0,0.0,0.008433480919249399,0.008433480919249399,26.522294395419244
vlrag-4c2202e5d8,DenseGraph_minus_DenseOnly,Nếu tôi muốn tra cứu văn bản nào đang là căn cứ để tỉnh Thái Nguyên giao kế hoạch tạm ứng vốn cho các dự án hạ tầng du lịch năm 2007 thì tôi có thể tìm ở đâu?,citation,abstractive,True,0.0,0.0,0.0,0.0,0.0,0.0,-0.0012396694214875936,-0.000964187327823704,-2.224833039999794
vlrag-4c2202e5d8,HybridGraph_minus_HybridOnly,Nếu tôi muốn tra cứu văn bản nào đang là căn cứ để tỉnh Thái Nguyên giao kế hoạch tạm ứng vốn cho các dự án hạ tầng du lịch năm 2007 thì tôi có thể tìm ở đâu?,citation,abstractive,True,0.0,0.0,0.0,0.0,0.0,0.0,0.0697802197802197,0.0371794871794872,-0.1514678519997652
vlrag-4c2202e5d8,HybridOnly_minus_DenseOnly,Nếu tôi muốn tra cứu văn bản nào đang là căn cứ để tỉnh Thái Nguyên giao kế hoạch tạm ứng vốn cho các dự án hạ tầng du lịch năm 2007 thì tôi có thể tìm ở đâu?,citation,abstractive,True,0.0,0.0,0.6666666666666667,0.5,0.0,0.0,0.0,0.0,24.60395604842751
vlrag-4c2202e5d8,HybridGraph_minus_DenseGraph,Nếu tôi muốn tra cứu văn bản nào đang là căn cứ để tỉnh Thái Nguyên giao kế hoạch tạm ứng vốn cho các dự án hạ tầng du lịch năm 2007 thì tôi có thể tìm ở đâu?,citation,abstractive,True,0.0,0.0,0.6666666666666667,0.5,0.0,0.0,0.07101988920170729,0.038143674507310904,26.677321236427538
vlrag-4c32915bdf,DenseGraph_minus_DenseOnly,"Trong trường hợp gia đình tôi muốn tham gia hiến máu tình nguyện, liệu có quy định nào bắt buộc người cho máu phải trả tiền hay được miễn phí không?",single_hop,boolean,True,0.0,0.0,0.0,0.0,0.0,0.0,-0.0238095238095238,-0.0238095238095238,0.06368773500071256
vlrag-4c32915bdf,HybridGraph_minus_HybridOnly,"Trong trường hợp gia đình tôi muốn tham gia hiến máu tình nguyện, liệu có quy định nào bắt buộc người cho máu phải trả tiền hay được miễn phí không?",single_hop,boolean,True,0.0,0.0,0.0,0.0,0.0,0.0,-0.0246913580246913,-0.0246913580246913,-0.15389361399502377
vlrag-4c32915bdf,HybridOnly_minus_DenseOnly,"Trong trường hợp gia đình tôi muốn tham gia hiến máu tình nguyện, liệu có quy định nào bắt buộc người cho máu phải trả tiền hay được miễn phí không?",single_hop,boolean,True,0.0,0.0,0.0,0.0,0.0,0.0,0.0008818342151674999,0.0008818342151674999,28.03607879241889
vlrag-4c32915bdf,HybridGraph_minus_DenseGraph,"Trong trường hợp gia đình tôi muốn tham gia hiến máu tình nguyện, liệu có quy định nào bắt buộc người cho máu phải trả tiền hay được miễn phí không?",single_hop,boolean,True,0.0,0.0,0.0,0.0,0.0,0.0,0.0,0.0,27.818497443423155
vlrag-4ca09b3024,DenseGraph_minus_DenseOnly,Có cần phải đánh giá đề tài dựa trên các tiêu chuẩn cụ thể hay có thể đánh giá chung chung không?,single_hop,boolean,True,0.0,0.0,0.0,0.0,0.0,0.0,0.0,0.0,-4.501193177999085
vlrag-4ca09b3024,HybridGraph_minus_HybridOnly,Có cần phải đánh giá đề tài dựa trên các tiêu chuẩn cụ thể hay có thể đánh giá chung chung không?,single_hop,boolean,True,0.0,0.0,0.0,0.0,0.0,0.0,0.0,0.0,-1.5846213509976224
vlrag-4ca09b3024,HybridOnly_minus_DenseOnly,Có cần phải đánh giá đề tài dựa trên các tiêu chuẩn cụ thể hay có thể đánh giá chung chung không?,single_hop,boolean,True,0.0,0.0,0.0,0.0,0.0,0.0,0.0,0.0,23.14535431242138
vlrag-4ca09b3024,HybridGraph_minus_DenseGraph,Có cần phải đánh giá đề tài dựa trên các tiêu chuẩn cụ thể hay có thể đánh giá chung chung không?,single_hop,boolean,True,0.0,0.0,0.0,0.0,0.0,0.0,0.0,0.0,26.06192613942284
vlrag-4d27996130,DenseGraph_minus_DenseOnly,"Sắp tới tôi chuyển hộ khẩu từ xã Sa Bình về xã Hơ Moong, có quy định nào về việc điều chỉnh nhân khẩu giữa hai khu vực này không?",single_hop,abstractive,True,-1.0,-1.0,-0.1111111111111111,-0.3010299956639812,-0.1,0.0,0.0,0.0,-1.115698458001134
vlrag-4d27996130,HybridGraph_minus_HybridOnly,"Sắp tới tôi chuyển hộ khẩu từ xã Sa Bình về xã Hơ Moong, có quy định nào về việc điều chỉnh nhân khẩu giữa hai khu vực này không?",single_hop,abstractive,True,0.0,0.0,0.0,0.0,0.0,0.0,0.015734265734265673,-0.033216783216783285,-1.506852619000707
vlrag-4d27996130,HybridOnly_minus_DenseOnly,"Sắp tới tôi chuyển hộ khẩu từ xã Sa Bình về xã Hơ Moong, có quy định nào về việc điều chỉnh nhân khẩu giữa hai khu vực này không?",single_hop,abstractive,True,0.0,0.0,0.8888888888888888,0.6989700043360187,0.0,0.0,0.3504273504273504,0.3311965811965812,27.05396951641768
vlrag-4d27996130,HybridGraph_minus_DenseGraph,"Sắp tới tôi chuyển hộ khẩu từ xã Sa Bình về xã Hơ Moong, có quy định nào về việc điều chỉnh nhân khẩu giữa hai khu vực này không?",single_hop,abstractive,True,1.0,1.0,1.0,1.0,0.1,0.0,0.3661616161616161,0.2979797979797979,26.662815355418108
vlrag-4dd098a4de,DenseGraph_minus_DenseOnly,"Sắp tới tôi tổ chức hội chợ hàng nông sản, nhà nước hỗ trợ bao nhiêu phần trăm chi phí gian hàng?",single_hop,extractive,True,0.0,0.0,0.0,0.0,0.0,0.0,0.0,0.0,1.8311937280000166
vlrag-4dd098a4de,HybridGraph_minus_HybridOnly,"Sắp tới tôi tổ chức hội chợ hàng nông sản, nhà nước hỗ trợ bao nhiêu phần trăm chi phí gian hàng?",single_hop,extractive,True,0.0,0.0,0.0,0.0,0.0,0.0,0.0036585365853658847,0.0036585365853658847,0.30329232800249883
vlrag-4dd098a4de,HybridOnly_minus_DenseOnly,"Sắp tới tôi tổ chức hội chợ hàng nông sản, nhà nước hỗ trợ bao nhiêu phần trăm chi phí gian hàng?",single_hop,extractive,True,0.0,0.0,0.0,0.0,0.0,0.0,-0.0441347270615563,-0.0441347270615563,26.472851776422605
vlrag-4dd098a4de,HybridGraph_minus_DenseGraph,"Sắp tới tôi tổ chức hội chợ hàng nông sản, nhà nước hỗ trợ bao nhiêu phần trăm chi phí gian hàng?",single_hop,extractive,True,0.0,0.0,0.0,0.0,0.0,0.0,-0.040476190476190416,-0.040476190476190416,24.944950376425087
vlrag-4df54f8510,DenseGraph_minus_DenseOnly,"Có cần phải làm theo quy định về quản lý cửa khẩu biên giới trong các nghị định về xuất nhập cảnh từ năm 2007 không, hay có văn bản nào mới hơn đã sửa đổi nội dung này rồi?",legal_validity,boolean,True,0.0,0.0,0.0,0.0,0.0,0.0,0.0289855072463768,0.0289855072463768,-2.530048738000005
vlrag-4df54f8510,HybridGraph_minus_HybridOnly,"Có cần phải làm theo quy định về quản lý cửa khẩu biên giới trong các nghị định về xuất nhập cảnh từ năm 2007 không, hay có văn bản nào mới hơn đã sửa đổi nội dung này rồi?",legal_validity,boolean,True,0.0,0.0,0.0,0.0,0.0,0.0,0.0,0.0,-0.5423431169947435
vlrag-4df54f8510,HybridOnly_minus_DenseOnly,"Có cần phải làm theo quy định về quản lý cửa khẩu biên giới trong các nghị định về xuất nhập cảnh từ năm 2007 không, hay có văn bản nào mới hơn đã sửa đổi nội dung này rồi?",legal_validity,boolean,True,0.0,0.0,0.0,0.0,0.0,0.0,0.0235294117647058,0.0235294117647058,25.284969425425235
vlrag-4df54f8510,HybridGraph_minus_DenseGraph,"Có cần phải làm theo quy định về quản lý cửa khẩu biên giới trong các nghị định về xuất nhập cảnh từ năm 2007 không, hay có văn bản nào mới hơn đã sửa đổi nội dung này rồi?",legal_validity,boolean,True,0.0,0.0,0.0,0.0,0.0,0.0,-0.005456095481671003,-0.005456095481671003,27.272675046430496
vlrag-4edb9c9ed4,DenseGraph_minus_DenseOnly,"Làm sao để biết cơ quan nào có trách nhiệm chính trong việc phổ biến pháp luật thi hành án dân sự tại các thôn, buôn ở địa phương tôi theo chỉ thị của tỉnh?",citation,abstractive,True,0.0,0.0,0.0,0.0,0.0,0.0,0.05555555555555547,0.052564102564102544,-0.7393979580001542
vlrag-4edb9c9ed4,HybridGraph_minus_HybridOnly,"Làm sao để biết cơ quan nào có trách nhiệm chính trong việc phổ biến pháp luật thi hành án dân sự tại các thôn, buôn ở địa phương tôi theo chỉ thị của tỉnh?",citation,abstractive,True,0.0,0.0,0.0,0.0,0.0,0.0,0.027808136004857487,0.10030358227079539,-1.7025118850015097
vlrag-4edb9c9ed4,HybridOnly_minus_DenseOnly,"Làm sao để biết cơ quan nào có trách nhiệm chính trong việc phổ biến pháp luật thi hành án dân sự tại các thôn, buôn ở địa phương tôi theo chỉ thị của tỉnh?",citation,abstractive,True,0.0,0.0,0.0,0.0,0.0,0.0,-0.08518518518518531,-0.15484330484330489,27.540499206420407
vlrag-4edb9c9ed4,HybridGraph_minus_DenseGraph,"Làm sao để biết cơ quan nào có trách nhiệm chính trong việc phổ biến pháp luật thi hành án dân sự tại các thôn, buôn ở địa phương tôi theo chỉ thị của tỉnh?",citation,abstractive,True,0.0,0.0,0.0,0.0,0.0,0.0,-0.11293260473588329,-0.10710382513661204,26.57738527941905
vlrag-4ee85f41f0,DenseGraph_minus_DenseOnly,Có được sự khác biệt nào giữa việc lưu mẫu giống cây trồng nhân giống bằng hạt với giống cây trồng nhân giống bằng phương pháp vô tính không?,cross_document,abstractive,True,0.0,0.0,0.0,0.0,0.0,0.0,-0.021513445903689865,-0.024015009380862984,-0.18961211100031505
vlrag-4ee85f41f0,HybridGraph_minus_HybridOnly,Có được sự khác biệt nào giữa việc lưu mẫu giống cây trồng nhân giống bằng hạt với giống cây trồng nhân giống bằng phương pháp vô tính không?,cross_document,abstractive,True,0.0,0.0,0.0,0.0,0.0,0.0,0.04601958814665996,0.007219989954796613,0.4528578890003736
vlrag-4ee85f41f0,HybridOnly_minus_DenseOnly,Có được sự khác biệt nào giữa việc lưu mẫu giống cây trồng nhân giống bằng hạt với giống cây trồng nhân giống bằng phương pháp vô tính không?,cross_document,abstractive,True,0.25,0.0,0.0,0.1510196182278053,0.09999999999999998,0.0,0.039401697884382136,-0.07756367066433101,25.710363773422102
vlrag-4ee85f41f0,HybridGraph_minus_DenseGraph,Có được sự khác biệt nào giữa việc lưu mẫu giống cây trồng nhân giống bằng hạt với giống cây trồng nhân giống bằng phương pháp vô tính không?,cross_document,abstractive,True,0.25,0.0,0.0,0.1510196182278053,0.09999999999999998,0.0,0.10693473193473196,-0.04632867132867141,26.35283377342279
vlrag-500483712d,DenseGraph_minus_DenseOnly,"Sắp tới tôi phải phối hợp tuyên truyền về hiến máu nhân đạo, vậy các bộ ngành liên quan có trách nhiệm gì trong việc này không?",single_hop,abstractive,True,0.0,0.0,0.0,0.0,0.0,0.0,-0.06321619556913671,-0.2300738477209065,-2.1224046049992467
vlrag-500483712d,HybridGraph_minus_HybridOnly,"Sắp tới tôi phải phối hợp tuyên truyền về hiến máu nhân đạo, vậy các bộ ngành liên quan có trách nhiệm gì trong việc này không?",single_hop,abstractive,True,-1.0,-1.0,-0.1428571428571428,-0.3333333333333333,-0.1,0.0,-0.2503326597999113,-0.0834606475777438,0.8020824490013183
vlrag-500483712d,HybridOnly_minus_DenseOnly,"Sắp tới tôi phải phối hợp tuyên truyền về hiến máu nhân đạo, vậy các bộ ngành liên quan có trách nhiệm gì trong việc này không?",single_hop,abstractive,True,0.0,0.0,-0.1071428571428572,-0.09734322474005969,0.0,0.0,-0.0913162680854529,-0.2483237872906431,24.145494557414793
vlrag-500483712d,HybridGraph_minus_DenseGraph,"Sắp tới tôi phải phối hợp tuyên truyền về hiến máu nhân đạo, vậy các bộ ngành liên quan có trách nhiệm gì trong việc này không?",single_hop,abstractive,True,-1.0,-1.0,-0.25,-0.430676558073393,-0.1,0.0,-0.2784327323162275,-0.10171058714748041,27.069981611415358
vlrag-5014e70c07,DenseGraph_minus_DenseOnly,"Có được biết các cơ quan nào tại tỉnh Lâm Đồng có trách nhiệm thi hành Quyết định về đào tạo, bồi dưỡng cán bộ ở nước ngoài hay không?",single_hop,abstractive,True,-1.0,-1.0,-0.1428571428571428,-0.3333333333333333,-0.1,0.0,-0.13688182402055227,-0.1322254335260116,1.8030107560000488
vlrag-5014e70c07,HybridGraph_minus_HybridOnly,"Có được biết các cơ quan nào tại tỉnh Lâm Đồng có trách nhiệm thi hành Quyết định về đào tạo, bồi dưỡng cán bộ ở nước ngoài hay không?",single_hop,abstractive,True,0.0,0.0,0.0,0.0,0.0,0.0,-0.017836065573770488,-0.017836065573770488,-1.0696378100001311
vlrag-5014e70c07,HybridOnly_minus_DenseOnly,"Có được biết các cơ quan nào tại tỉnh Lâm Đồng có trách nhiệm thi hành Quyết định về đào tạo, bồi dưỡng cán bộ ở nước ngoài hay không?",single_hop,abstractive,True,0.0,0.0,0.8571428571428572,0.6666666666666667,0.0,0.0,0.2052222222222223,0.23299999999999998,26.177186118420597
vlrag-5014e70c07,HybridGraph_minus_DenseGraph,"Có được biết các cơ quan nào tại tỉnh Lâm Đồng có trách nhiệm thi hành Quyết định về đào tạo, bồi dưỡng cán bộ ở nước ngoài hay không?",single_hop,abstractive,True,1.0,1.0,1.0,1.0,0.1,0.0,0.3242679806690041,0.34738936795224107,23.304537552420417
vlrag-50501fc46a,DenseGraph_minus_DenseOnly,Nếu tôi cần căn cứ pháp lý để xác định các văn bản về nhà tang lễ tại tỉnh Đắk Lắk từ năm 2009 và 2012 còn giá trị áp dụng không thì tôi phải dựa vào văn bản nào?,citation,extractive,True,0.0,0.0,0.0,0.0,0.0,0.0,0.027027027027027,0.05405405405405411,-1.9039911199997732
vlrag-50501fc46a,HybridGraph_minus_HybridOnly,Nếu tôi cần căn cứ pháp lý để xác định các văn bản về nhà tang lễ tại tỉnh Đắk Lắk từ năm 2009 và 2012 còn giá trị áp dụng không thì tôi phải dựa vào văn bản nào?,citation,extractive,True,-1.0,-1.0,-0.1428571428571428,-0.3333333333333333,-0.1,0.0,0.0,0.0,-0.5112042340006155
vlrag-50501fc46a,HybridOnly_minus_DenseOnly,Nếu tôi cần căn cứ pháp lý để xác định các văn bản về nhà tang lễ tại tỉnh Đắk Lắk từ năm 2009 và 2012 còn giá trị áp dụng không thì tôi phải dựa vào văn bản nào?,citation,extractive,True,0.0,0.0,-0.1071428571428572,-0.09734322474005969,0.0,0.0,0.0,0.0,26.79290945942347
vlrag-50501fc46a,HybridGraph_minus_DenseGraph,Nếu tôi cần căn cứ pháp lý để xác định các văn bản về nhà tang lễ tại tỉnh Đắk Lắk từ năm 2009 và 2012 còn giá trị áp dụng không thì tôi phải dựa vào văn bản nào?,citation,extractive,True,-1.0,-1.0,-0.25,-0.430676558073393,-0.1,0.0,-0.027027027027027,-0.05405405405405411,28.185696345422627
vlrag-5084d77826,DenseGraph_minus_DenseOnly,Nếu hiện tại tôi muốn tham khảo quy định về việc phối hợp công tác với Đoàn Thanh niên tỉnh Lào Cai thì Quyết định 30/2018/QĐ-UBND có áp dụng được không?,legal_validity,abstractive,True,0.0,0.0,0.0,0.0,0.0,0.0,0.03955319538546054,0.06836354757980839,-0.851314943000034
vlrag-5084d77826,HybridGraph_minus_HybridOnly,Nếu hiện tại tôi muốn tham khảo quy định về việc phối hợp công tác với Đoàn Thanh niên tỉnh Lào Cai thì Quyết định 30/2018/QĐ-UBND có áp dụng được không?,legal_validity,abstractive,True,0.0,0.0,0.0,0.0,0.0,0.0,0.3325490196078431,0.2541176470588235,0.05123342599836178
vlrag-5084d77826,HybridOnly_minus_DenseOnly,Nếu hiện tại tôi muốn tham khảo quy định về việc phối hợp công tác với Đoàn Thanh niên tỉnh Lào Cai thì Quyết định 30/2018/QĐ-UBND có áp dụng được không?,legal_validity,abstractive,True,0.0,0.0,0.3,0.24407694633691596,0.0,0.0,-0.4716279069767441,-0.3010852713178294,24.551326270421843
vlrag-5084d77826,HybridGraph_minus_DenseGraph,Nếu hiện tại tôi muốn tham khảo quy định về việc phối hợp công tác với Đoàn Thanh niên tỉnh Lào Cai thì Quyết định 30/2018/QĐ-UBND có áp dụng được không?,legal_validity,abstractive,True,0.0,0.0,0.3,0.24407694633691596,0.0,0.0,-0.17863208275436154,-0.1153311718388143,25.45387463942024
vlrag-50e8199f0c,DenseGraph_minus_DenseOnly,"Trong trường hợp tôi muốn khai thác công trình thủy lợi, tôi có cần quan tâm đến Nghị định 143/2003/NĐ-CP không?",single_hop,boolean,True,0.0,0.0,0.0,0.0,0.0,0.0,0.0017504376094023,0.0017504376094023,2.342540430000099
vlrag-50e8199f0c,HybridGraph_minus_HybridOnly,"Trong trường hợp tôi muốn khai thác công trình thủy lợi, tôi có cần quan tâm đến Nghị định 143/2003/NĐ-CP không?",single_hop,boolean,True,0.0,0.0,0.0,0.0,0.0,0.0,-0.021505376344086,-0.021505376344086,-1.3440245910005615
vlrag-50e8199f0c,HybridOnly_minus_DenseOnly,"Trong trường hợp tôi muốn khai thác công trình thủy lợi, tôi có cần quan tâm đến Nghị định 143/2003/NĐ-CP không?",single_hop,boolean,True,0.0,0.0,0.0,0.0,0.0,0.0,0.0,0.0,27.136296186421706
vlrag-50e8199f0c,HybridGraph_minus_DenseGraph,"Trong trường hợp tôi muốn khai thác công trình thủy lợi, tôi có cần quan tâm đến Nghị định 143/2003/NĐ-CP không?",single_hop,boolean,True,0.0,0.0,0.0,0.0,0.0,0.0,-0.0232558139534883,-0.0232558139534883,23.449731165421046
vlrag-51657210e8,DenseGraph_minus_DenseOnly,"Nếu tôi muốn thực hiện một đề tài nghiên cứu về thủy sản, tôi có được tự ý đưa vào kế hoạch cấp bộ giai đoạn 2008-2010 không?",single_hop,abstractive,True,0.0,0.0,0.0,0.0,0.0,0.0,0.2669666291713536,0.20397450318710167,1.4353175549999833
vlrag-51657210e8,HybridGraph_minus_HybridOnly,"Nếu tôi muốn thực hiện một đề tài nghiên cứu về thủy sản, tôi có được tự ý đưa vào kế hoạch cấp bộ giai đoạn 2008-2010 không?",single_hop,abstractive,True,0.0,0.0,0.0,0.0,0.0,0.0,0.0,0.0,-0.4985811940005078
vlrag-51657210e8,HybridOnly_minus_DenseOnly,"Nếu tôi muốn thực hiện một đề tài nghiên cứu về thủy sản, tôi có được tự ý đưa vào kế hoạch cấp bộ giai đoạn 2008-2010 không?",single_hop,abstractive,True,0.0,0.0,0.0,0.0,0.0,0.0,0.0,0.0,27.64269798942104
vlrag-51657210e8,HybridGraph_minus_DenseGraph,"Nếu tôi muốn thực hiện một đề tài nghiên cứu về thủy sản, tôi có được tự ý đưa vào kế hoạch cấp bộ giai đoạn 2008-2010 không?",single_hop,abstractive,True,0.0,0.0,0.0,0.0,0.0,0.0,-0.2669666291713536,-0.20397450318710167,25.70879924042055
vlrag-516dd29031,DenseGraph_minus_DenseOnly,"Trong trường hợp tôi muốn chuyển đổi đất lúa sang xây dựng nhà xưởng tại Cần Thơ, ngoài việc nộp tiền theo quy định về diện tích đất mất đi, tôi còn phải lưu ý gì về loại hình dự án của mình không?",multi_hop,abstractive,True,-0.6666666666666667,0.0,0.0,-0.3084274278260313,-0.19999999999999998,0.0,0.02564655172413799,0.014655172413793105,-3.905798414999481
vlrag-516dd29031,HybridGraph_minus_HybridOnly,"Trong trường hợp tôi muốn chuyển đổi đất lúa sang xây dựng nhà xưởng tại Cần Thơ, ngoài việc nộp tiền theo quy định về diện tích đất mất đi, tôi còn phải lưu ý gì về loại hình dự án của mình không?",multi_hop,abstractive,True,-0.3333333333333333,0.0,0.0,-0.15642624200758554,-0.1,0.0,-0.03078106964217009,-0.06130563037065531,-0.3916067859991088
vlrag-516dd29031,HybridOnly_minus_DenseOnly,"Trong trường hợp tôi muốn chuyển đổi đất lúa sang xây dựng nhà xưởng tại Cần Thơ, ngoài việc nộp tiền theo quy định về diện tích đất mất đi, tôi còn phải lưu ý gì về loại hình dự án của mình không?",multi_hop,abstractive,True,-0.33333333333333337,0.0,0.6666666666666667,0.08263817719293243,-0.09999999999999998,0.0,0.06776611694152929,0.09255372313843072,22.56506909342142
vlrag-516dd29031,HybridGraph_minus_DenseGraph,"Trong trường hợp tôi muốn chuyển đổi đất lúa sang xây dựng nhà xưởng tại Cần Thơ, ngoài việc nộp tiền theo quy định về diện tích đất mất đi, tôi còn phải lưu ý gì về loại hình dự án của mình không?",multi_hop,abstractive,True,0.0,0.0,0.6666666666666667,0.2346393630113782,0.0,0.0,0.011338495575221208,0.0165929203539823,26.079260722421793
vlrag-5199ca57cd,DenseGraph_minus_DenseOnly,"Gia đình tôi nghe nói có quy định mới về việc phải tăng cường các biện pháp phòng chống bệnh dại tại tỉnh Bà Rịa - Vũng Tàu, không biết thông tin này có chính xác không và dựa trên văn bản nào?",citation,abstractive,True,0.0,0.0,0.0,0.0,0.0,0.0,0.019532137179195996,-0.05859641153758799,-0.8276120899995476
vlrag-5199ca57cd,HybridGraph_minus_HybridOnly,"Gia đình tôi nghe nói có quy định mới về việc phải tăng cường các biện pháp phòng chống bệnh dại tại tỉnh Bà Rịa - Vũng Tàu, không biết thông tin này có chính xác không và dựa trên văn bản nào?",citation,abstractive,True,0.0,0.0,0.0,0.0,0.0,0.0,0.05445871559633031,-0.014678899082568864,-1.6836432370000622
vlrag-5199ca57cd,HybridOnly_minus_DenseOnly,"Gia đình tôi nghe nói có quy định mới về việc phải tăng cường các biện pháp phòng chống bệnh dại tại tỉnh Bà Rịa - Vũng Tàu, không biết thông tin này có chính xác không và dựa trên văn bản nào?",citation,abstractive,True,0.0,0.0,0.0,0.0,0.0,0.0,-0.025008403361344578,-0.03697478991596631,26.829743729421978
vlrag-5199ca57cd,HybridGraph_minus_DenseGraph,"Gia đình tôi nghe nói có quy định mới về việc phải tăng cường các biện pháp phòng chống bệnh dại tại tỉnh Bà Rịa - Vũng Tàu, không biết thông tin này có chính xác không và dựa trên văn bản nào?",citation,abstractive,True,0.0,0.0,0.0,0.0,0.0,0.0,0.009918175055789735,0.006942722539052815,25.973712582421463
vlrag-519edd821a,DenseGraph_minus_DenseOnly,"Sắp tới tôi dự định tìm hiểu về các quy định liên quan đến việc thấu chi và cho vay qua đêm trong thanh toán điện tử liên ngân hàng, tôi muốn xác minh xem Thông tư 29/2016/TT-NHNN có phải văn bản đang điều chỉnh vấn đề này hay không?",citation,abstractive,True,0.0,0.0,0.0,0.0,0.0,0.0,-0.011916264090177209,-0.024798711755233405,0.7731047709999075
vlrag-519edd821a,HybridGraph_minus_HybridOnly,"Sắp tới tôi dự định tìm hiểu về các quy định liên quan đến việc thấu chi và cho vay qua đêm trong thanh toán điện tử liên ngân hàng, tôi muốn xác minh xem Thông tư 29/2016/TT-NHNN có phải văn bản đang điều chỉnh vấn đề này hay không?",citation,abstractive,True,0.0,0.0,0.0,0.0,0.0,0.0,-0.05913978494623662,-0.0981182795698925,-4.856902620000252
vlrag-519edd821a,HybridOnly_minus_DenseOnly,"Sắp tới tôi dự định tìm hiểu về các quy định liên quan đến việc thấu chi và cho vay qua đêm trong thanh toán điện tử liên ngân hàng, tôi muốn xác minh xem Thông tư 29/2016/TT-NHNN có phải văn bản đang điều chỉnh vấn đề này hay không?",citation,abstractive,True,0.0,0.0,0.08333333333333331,0.069323441926607,0.0,0.0,0.077658303464755,0.06571087216248511,30.909334073424077
vlrag-519edd821a,HybridGraph_minus_DenseGraph,"Sắp tới tôi dự định tìm hiểu về các quy định liên quan đến việc thấu chi và cho vay qua đêm trong thanh toán điện tử liên ngân hàng, tôi muốn xác minh xem Thông tư 29/2016/TT-NHNN có phải văn bản đang điều chỉnh vấn đề này hay không?",citation,abstractive,True,0.0,0.0,0.08333333333333331,0.069323441926607,0.0,0.0,0.030434782608695587,-0.00760869565217398,25.279326682423918
vlrag-5213eaed2b,DenseGraph_minus_DenseOnly,Trong trường hợp tôi muốn tìm hiểu văn bản nào của tỉnh quy định về việc tăng cường quản lý chất lượng nông sản và vật tư nông nghiệp để đảm bảo an toàn thực phẩm thì tôi có thể tham khảo văn bản nào?,citation,abstractive,True,0.0,0.0,0.0,0.0,0.0,0.0,0.0104575163398693,0.0104575163398693,-1.4885294069999873
vlrag-5213eaed2b,HybridGraph_minus_HybridOnly,Trong trường hợp tôi muốn tìm hiểu văn bản nào của tỉnh quy định về việc tăng cường quản lý chất lượng nông sản và vật tư nông nghiệp để đảm bảo an toàn thực phẩm thì tôi có thể tham khảo văn bản nào?,citation,abstractive,True,0.0,0.0,0.0,0.0,0.0,0.0,-0.01505376344086018,-0.015770609318996487,-0.5575068970065331
vlrag-5213eaed2b,HybridOnly_minus_DenseOnly,Trong trường hợp tôi muốn tìm hiểu văn bản nào của tỉnh quy định về việc tăng cường quản lý chất lượng nông sản và vật tư nông nghiệp để đảm bảo an toàn thực phẩm thì tôi có thể tham khảo văn bản nào?,citation,abstractive,True,1.0,1.0,0.3333333333333333,0.5,0.1,0.0,0.03727598566308249,0.015770609318996487,26.291665390424615
vlrag-5213eaed2b,HybridGraph_minus_DenseGraph,Trong trường hợp tôi muốn tìm hiểu văn bản nào của tỉnh quy định về việc tăng cường quản lý chất lượng nông sản và vật tư nông nghiệp để đảm bảo an toàn thực phẩm thì tôi có thể tham khảo văn bản nào?,citation,abstractive,True,1.0,1.0,0.3333333333333333,0.5,0.1,0.0,0.01176470588235301,-0.0104575163398693,27.22268790041807
vlrag-549dcbe3ae,DenseGraph_minus_DenseOnly,Gia đình tôi đang muốn áp dụng quy trình sản xuất nông nghiệp tốt theo tiêu chuẩn chung của tỉnh Điện Biên để xuất khẩu nông sản. Xin hỏi tôi có thể tự ý làm theo cách của mình hay có quy định nào cấm hoặc hạn chế việc này không?,single_hop,unanswerable,False,0.0,0.0,0.0,0.0,0.0,0.0,0.0490828589500316,0.025553447185325703,-0.43063897699994413
vlrag-549dcbe3ae,HybridGraph_minus_HybridOnly,Gia đình tôi đang muốn áp dụng quy trình sản xuất nông nghiệp tốt theo tiêu chuẩn chung của tỉnh Điện Biên để xuất khẩu nông sản. Xin hỏi tôi có thể tự ý làm theo cách của mình hay có quy định nào cấm hoặc hạn chế việc này không?,single_hop,unanswerable,False,0.0,0.0,0.0,0.0,0.0,0.0,-0.008252427184466102,0.011165048543689299,0.2614399809972383
vlrag-549dcbe3ae,HybridOnly_minus_DenseOnly,Gia đình tôi đang muốn áp dụng quy trình sản xuất nông nghiệp tốt theo tiêu chuẩn chung của tỉnh Điện Biên để xuất khẩu nông sản. Xin hỏi tôi có thể tự ý làm theo cách của mình hay có quy định nào cấm hoặc hạn chế việc này không?,single_hop,unanswerable,False,0.0,0.0,0.0,0.0,0.0,0.0,0.036747050840380005,0.0173295751122246,26.08118776442797
vlrag-549dcbe3ae,HybridGraph_minus_DenseGraph,Gia đình tôi đang muốn áp dụng quy trình sản xuất nông nghiệp tốt theo tiêu chuẩn chung của tỉnh Điện Biên để xuất khẩu nông sản. Xin hỏi tôi có thể tự ý làm theo cách của mình hay có quy định nào cấm hoặc hạn chế việc này không?,single_hop,unanswerable,False,0.0,0.0,0.0,0.0,0.0,0.0,-0.020588235294117706,0.002941176470588197,26.773266722425152
vlrag-554e77b643,DenseGraph_minus_DenseOnly,"Gia đình tôi đang phối hợp làm dự án thủy sản theo danh mục của Bộ, nếu phía đơn vị thực hiện không làm đúng quy định của quyết định phê duyệt thì họ có bị xử phạt hay bị xử lý gì không?",single_hop,unanswerable,False,0.0,0.0,0.0,0.0,0.0,0.0,0.010713090056913295,0.010713090056913295,-1.177302817999589
vlrag-554e77b643,HybridGraph_minus_HybridOnly,"Gia đình tôi đang phối hợp làm dự án thủy sản theo danh mục của Bộ, nếu phía đơn vị thực hiện không làm đúng quy định của quyết định phê duyệt thì họ có bị xử phạt hay bị xử lý gì không?",single_hop,unanswerable,False,0.0,0.0,0.0,0.0,0.0,0.0,0.0333333333333333,0.0333333333333333,1.3793723210019344
vlrag-554e77b643,HybridOnly_minus_DenseOnly,"Gia đình tôi đang phối hợp làm dự án thủy sản theo danh mục của Bộ, nếu phía đơn vị thực hiện không làm đúng quy định của quyết định phê duyệt thì họ có bị xử phạt hay bị xử lý gì không?",single_hop,unanswerable,False,0.0,0.0,0.0,0.0,0.0,0.0,0.008414239482200596,0.008414239482200596,22.452945669420107
vlrag-554e77b643,HybridGraph_minus_DenseGraph,"Gia đình tôi đang phối hợp làm dự án thủy sản theo danh mục của Bộ, nếu phía đơn vị thực hiện không làm đúng quy định của quyết định phê duyệt thì họ có bị xử phạt hay bị xử lý gì không?",single_hop,unanswerable,False,0.0,0.0,0.0,0.0,0.0,0.0,0.0310344827586206,0.0310344827586206,25.00962080842163
vlrag-556f219a82,DenseGraph_minus_DenseOnly,"Làm sao để biết các quy định chung về việc tổ chức lễ tang cho cán bộ, công chức, viên chức được căn cứ dựa trên văn bản nào của Chính phủ?",single_hop,extractive,True,0.0,0.0,0.0,0.0,0.0,0.0,0.020460358056266004,0.020460358056266004,0.06803951199935909
vlrag-556f219a82,HybridGraph_minus_HybridOnly,"Làm sao để biết các quy định chung về việc tổ chức lễ tang cho cán bộ, công chức, viên chức được căn cứ dựa trên văn bản nào của Chính phủ?",single_hop,extractive,True,0.0,0.0,0.0,0.0,0.0,0.0,-0.017221584385763503,-0.017221584385763503,-0.018756417999608033
vlrag-556f219a82,HybridOnly_minus_DenseOnly,"Làm sao để biết các quy định chung về việc tổ chức lễ tang cho cán bộ, công chức, viên chức được căn cứ dựa trên văn bản nào của Chính phủ?",single_hop,extractive,True,1.0,1.0,0.5,0.6309297535714575,0.1,0.0,0.018952062430323297,0.018952062430323297,26.427572818421314
vlrag-556f219a82,HybridGraph_minus_DenseGraph,"Làm sao để biết các quy định chung về việc tổ chức lễ tang cho cán bộ, công chức, viên chức được căn cứ dựa trên văn bản nào của Chính phủ?",single_hop,extractive,True,1.0,1.0,0.5,0.6309297535714575,0.1,0.0,-0.01872988001170621,-0.01872988001170621,26.340776888422347
vlrag-56ecd77824,DenseGraph_minus_DenseOnly,"Làm sao để chúng tôi bố trí chỗ nghỉ cho đối tác nước ngoài khi họ đến làm việc tại đơn vị, có được cho họ nghỉ lại tại văn phòng công ty không?",single_hop,abstractive,True,0.0,0.0,0.0,0.0,0.0,0.0,0.0,0.0,0.0025502700000288314
vlrag-56ecd77824,HybridGraph_minus_HybridOnly,"Làm sao để chúng tôi bố trí chỗ nghỉ cho đối tác nước ngoài khi họ đến làm việc tại đơn vị, có được cho họ nghỉ lại tại văn phòng công ty không?",single_hop,abstractive,True,0.0,0.0,0.0,0.0,0.0,0.0,0.0,0.0,0.797146717999567
vlrag-56ecd77824,HybridOnly_minus_DenseOnly,"Làm sao để chúng tôi bố trí chỗ nghỉ cho đối tác nước ngoài khi họ đến làm việc tại đơn vị, có được cho họ nghỉ lại tại văn phòng công ty không?",single_hop,abstractive,True,0.0,0.0,0.0,0.0,0.0,0.0,0.0,0.0,26.213053170423056
vlrag-56ecd77824,HybridGraph_minus_DenseGraph,"Làm sao để chúng tôi bố trí chỗ nghỉ cho đối tác nước ngoài khi họ đến làm việc tại đơn vị, có được cho họ nghỉ lại tại văn phòng công ty không?",single_hop,abstractive,True,0.0,0.0,0.0,0.0,0.0,0.0,0.0,0.0,27.007649618422594
vlrag-578a934aa5,DenseGraph_minus_DenseOnly,Nếu các cơ quan nhà nước không thực hiện đúng việc chi trả cước điện thoại di động theo đúng các quyết định đã ban hành thì sẽ bị xử lý thế nào?,single_hop,unanswerable,False,0.0,0.0,0.0,0.0,0.0,0.0,0.002298850574712699,0.002298850574712699,-1.5348001079992173
vlrag-578a934aa5,HybridGraph_minus_HybridOnly,Nếu các cơ quan nhà nước không thực hiện đúng việc chi trả cước điện thoại di động theo đúng các quyết định đã ban hành thì sẽ bị xử lý thế nào?,single_hop,unanswerable,False,0.0,0.0,0.0,0.0,0.0,0.0,0.021222679759265096,-0.003167564143173901,1.0156632310008717
vlrag-578a934aa5,HybridOnly_minus_DenseOnly,Nếu các cơ quan nhà nước không thực hiện đúng việc chi trả cước điện thoại di động theo đúng các quyết định đã ban hành thì sẽ bị xử lý thế nào?,single_hop,unanswerable,False,0.0,0.0,0.0,0.0,0.0,0.0,-0.014718614718614693,-0.014718614718614693,24.666614491421285
vlrag-578a934aa5,HybridGraph_minus_DenseGraph,Nếu các cơ quan nhà nước không thực hiện đúng việc chi trả cước điện thoại di động theo đúng các quyết định đã ban hành thì sẽ bị xử lý thế nào?,single_hop,unanswerable,False,0.0,0.0,0.0,0.0,0.0,0.0,0.004205214465937704,-0.020185029436501294,27.217077830421374
vlrag-5a009ebf22,DenseGraph_minus_DenseOnly,Có được thời gian ân hạn nào nếu tôi chưa kịp hoàn thiện hồ sơ nuôi con nuôi có yếu tố nước ngoài trước khi quy định mới của tỉnh áp dụng không?,single_hop,unanswerable,False,0.0,0.0,0.0,0.0,0.0,0.0,0.0,0.0,-0.820343533999675
vlrag-5a009ebf22,HybridGraph_minus_HybridOnly,Có được thời gian ân hạn nào nếu tôi chưa kịp hoàn thiện hồ sơ nuôi con nuôi có yếu tố nước ngoài trước khi quy định mới của tỉnh áp dụng không?,single_hop,unanswerable,False,0.0,0.0,0.0,0.0,0.0,0.0,0.0,0.0,-0.1902936150017922
vlrag-5a009ebf22,HybridOnly_minus_DenseOnly,Có được thời gian ân hạn nào nếu tôi chưa kịp hoàn thiện hồ sơ nuôi con nuôi có yếu tố nước ngoài trước khi quy định mới của tỉnh áp dụng không?,single_hop,unanswerable,False,0.0,0.0,0.0,0.0,0.0,0.0,0.0,0.0,23.88068574342441
vlrag-5a009ebf22,HybridGraph_minus_DenseGraph,Có được thời gian ân hạn nào nếu tôi chưa kịp hoàn thiện hồ sơ nuôi con nuôi có yếu tố nước ngoài trước khi quy định mới của tỉnh áp dụng không?,single_hop,unanswerable,False,0.0,0.0,0.0,0.0,0.0,0.0,0.0,0.0,24.510735662422295
vlrag-5a28eaf0fb,DenseGraph_minus_DenseOnly,"Trong trường hợp tôi muốn xin cấp hộ chiếu công vụ, tôi nên dựa theo hướng dẫn của văn bản nào để thực hiện cho đúng?",single_hop,abstractive,True,0.0,0.0,0.0,0.0,0.0,0.0,0.008335906143871613,0.008335906143871613,-4.4755856649990164
vlrag-5a28eaf0fb,HybridGraph_minus_HybridOnly,"Trong trường hợp tôi muốn xin cấp hộ chiếu công vụ, tôi nên dựa theo hướng dẫn của văn bản nào để thực hiện cho đúng?",single_hop,abstractive,True,0.0,0.0,0.0,0.0,0.0,0.0,0.010996563573883206,0.010996563573883206,-0.7295412610001186
vlrag-5a28eaf0fb,HybridOnly_minus_DenseOnly,"Trong trường hợp tôi muốn xin cấp hộ chiếu công vụ, tôi nên dựa theo hướng dẫn của văn bản nào để thực hiện cho đúng?",single_hop,abstractive,True,0.0,0.0,0.0,0.0,0.0,0.0,-0.08617886178861789,-0.08617886178861789,21.62221850642408
vlrag-5a28eaf0fb,HybridGraph_minus_DenseGraph,"Trong trường hợp tôi muốn xin cấp hộ chiếu công vụ, tôi nên dựa theo hướng dẫn của văn bản nào để thực hiện cho đúng?",single_hop,abstractive,True,0.0,0.0,0.0,0.0,0.0,0.0,-0.0835182043586063,-0.0835182043586063,25.368262910422978
vlrag-5a492376bd,DenseGraph_minus_DenseOnly,"Tôi đang xử lý hồ sơ cho một hộ gia đình thuê đất trả tiền hàng năm, trường hợp này có thuộc đối tượng áp dụng hệ số điều chỉnh giá đất năm 2023 theo Quyết định 50/2022/QĐ-UBND không?",multi_hop,boolean,True,0.0,0.0,0.0,0.0,0.0,0.0,0.0,0.0,0.484044689999791
vlrag-5a492376bd,HybridGraph_minus_HybridOnly,"Tôi đang xử lý hồ sơ cho một hộ gia đình thuê đất trả tiền hàng năm, trường hợp này có thuộc đối tượng áp dụng hệ số điều chỉnh giá đất năm 2023 theo Quyết định 50/2022/QĐ-UBND không?",multi_hop,boolean,True,0.0,0.0,0.0,0.0,0.0,0.0,0.0,0.0,-3.7706952860007696
vlrag-5a492376bd,HybridOnly_minus_DenseOnly,"Tôi đang xử lý hồ sơ cho một hộ gia đình thuê đất trả tiền hàng năm, trường hợp này có thuộc đối tượng áp dụng hệ số điều chỉnh giá đất năm 2023 theo Quyết định 50/2022/QĐ-UBND không?",multi_hop,boolean,True,0.0,0.0,0.0,0.0,0.0,0.0,0.0,0.0,30.53418045242546
vlrag-5a492376bd,HybridGraph_minus_DenseGraph,"Tôi đang xử lý hồ sơ cho một hộ gia đình thuê đất trả tiền hàng năm, trường hợp này có thuộc đối tượng áp dụng hệ số điều chỉnh giá đất năm 2023 theo Quyết định 50/2022/QĐ-UBND không?",multi_hop,boolean,True,0.0,0.0,0.0,0.0,0.0,0.0,0.0,0.0,26.2794404764249
vlrag-5b20bcd0a2,DenseGraph_minus_DenseOnly,"Chúng tôi là đơn vị chuyên môn đang thực hiện phương án phòng chống bệnh dại, nếu kinh phí phát sinh ngoài kế hoạch đã được phê duyệt thì phải làm sao?",single_hop,extractive,True,0.0,0.0,0.0,0.0,0.0,0.0,0.0,0.0,2.0504235960002006
vlrag-5b20bcd0a2,HybridGraph_minus_HybridOnly,"Chúng tôi là đơn vị chuyên môn đang thực hiện phương án phòng chống bệnh dại, nếu kinh phí phát sinh ngoài kế hoạch đã được phê duyệt thì phải làm sao?",single_hop,extractive,True,0.0,0.0,0.0,0.0,0.0,0.0,0.0,0.0,-0.5098419269997976
vlrag-5b20bcd0a2,HybridOnly_minus_DenseOnly,"Chúng tôi là đơn vị chuyên môn đang thực hiện phương án phòng chống bệnh dại, nếu kinh phí phát sinh ngoài kế hoạch đã được phê duyệt thì phải làm sao?",single_hop,extractive,True,0.0,0.0,0.0,0.0,0.0,0.0,0.0,0.0,26.795703256421522
vlrag-5b20bcd0a2,HybridGraph_minus_DenseGraph,"Chúng tôi là đơn vị chuyên môn đang thực hiện phương án phòng chống bệnh dại, nếu kinh phí phát sinh ngoài kế hoạch đã được phê duyệt thì phải làm sao?",single_hop,extractive,True,0.0,0.0,0.0,0.0,0.0,0.0,0.0,0.0,24.235437733421524
vlrag-5c4a8dfb1a,DenseGraph_minus_DenseOnly,Có được hỗ trợ kinh phí khi gia đình tôi áp dụng quy trình sản xuất nông nghiệp tốt trên địa bàn tỉnh Điện Biên theo Quyết định số 04/2017/QĐ-UBND không?,citation,boolean,True,0.0,0.0,0.0,0.0,0.0,0.0,0.0,0.0,-0.8275591099991289
vlrag-5c4a8dfb1a,HybridGraph_minus_HybridOnly,Có được hỗ trợ kinh phí khi gia đình tôi áp dụng quy trình sản xuất nông nghiệp tốt trên địa bàn tỉnh Điện Biên theo Quyết định số 04/2017/QĐ-UBND không?,citation,boolean,True,0.0,0.0,0.0,0.0,0.0,0.0,0.010055626872058198,0.010055626872058198,-3.056866189999706
vlrag-5c4a8dfb1a,HybridOnly_minus_DenseOnly,Có được hỗ trợ kinh phí khi gia đình tôi áp dụng quy trình sản xuất nông nghiệp tốt trên địa bàn tỉnh Điện Biên theo Quyết định số 04/2017/QĐ-UBND không?,citation,boolean,True,0.0,0.0,0.1333333333333333,0.11314719276545843,0.0,0.0,-0.010055626872058198,-0.010055626872058198,28.56975780842339
vlrag-5c4a8dfb1a,HybridGraph_minus_DenseGraph,Có được hỗ trợ kinh phí khi gia đình tôi áp dụng quy trình sản xuất nông nghiệp tốt trên địa bàn tỉnh Điện Biên theo Quyết định số 04/2017/QĐ-UBND không?,citation,boolean,True,0.0,0.0,0.1333333333333333,0.11314719276545843,0.0,0.0,0.0,0.0,26.340450728422812
vlrag-5c6a1b61fc,DenseGraph_minus_DenseOnly,Có được đăng ký khám chữa bệnh bảo hiểm y tế ban đầu tại cơ sở thuộc Bộ Quốc phòng nếu tôi không thuộc đối tượng quản lý của Bộ này không?,multi_hop,boolean,True,-1.0,-1.0,-0.1428571428571428,-0.3333333333333333,-0.1,0.0,0.0,0.0,-1.10143729299989
vlrag-5c6a1b61fc,HybridGraph_minus_HybridOnly,Có được đăng ký khám chữa bệnh bảo hiểm y tế ban đầu tại cơ sở thuộc Bộ Quốc phòng nếu tôi không thuộc đối tượng quản lý của Bộ này không?,multi_hop,boolean,True,0.0,0.0,0.0,0.0,0.0,0.0,0.1451612903225806,0.1451612903225806,-0.881739106998797
vlrag-5c6a1b61fc,HybridOnly_minus_DenseOnly,Có được đăng ký khám chữa bệnh bảo hiểm y tế ban đầu tại cơ sở thuộc Bộ Quốc phòng nếu tôi không thuộc đối tượng quản lý của Bộ này không?,multi_hop,boolean,True,0.0,0.0,0.1071428571428572,0.09734322474005969,0.0,0.0,-0.1451612903225806,-0.1451612903225806,25.90276866842232
vlrag-5c6a1b61fc,HybridGraph_minus_DenseGraph,Có được đăng ký khám chữa bệnh bảo hiểm y tế ban đầu tại cơ sở thuộc Bộ Quốc phòng nếu tôi không thuộc đối tượng quản lý của Bộ này không?,multi_hop,boolean,True,1.0,1.0,0.25,0.430676558073393,0.1,0.0,0.0,0.0,26.12246685442341
vlrag-5ca3350cae,DenseGraph_minus_DenseOnly,"Sắp tới tôi được bổ nhiệm làm kế toán trưởng, vậy tôi cần đáp ứng tiêu chuẩn về thời gian công tác thực tế như thế nào?",single_hop,abstractive,True,0.0,0.0,0.0,0.0,0.0,0.0,0.023791185280273908,0.023791185280273908,-1.759449868999127
vlrag-5ca3350cae,HybridGraph_minus_HybridOnly,"Sắp tới tôi được bổ nhiệm làm kế toán trưởng, vậy tôi cần đáp ứng tiêu chuẩn về thời gian công tác thực tế như thế nào?",single_hop,abstractive,True,0.0,0.0,0.0,0.0,0.0,0.0,0.0625,0.020833333333333315,-1.3849926989987544
vlrag-5ca3350cae,HybridOnly_minus_DenseOnly,"Sắp tới tôi được bổ nhiệm làm kế toán trưởng, vậy tôi cần đáp ứng tiêu chuẩn về thời gian công tác thực tế như thế nào?",single_hop,abstractive,True,0.0,0.0,0.0,0.0,0.0,0.0,0.059868421052631626,0.059868421052631626,27.477061262420364
vlrag-5ca3350cae,HybridGraph_minus_DenseGraph,"Sắp tới tôi được bổ nhiệm làm kế toán trưởng, vậy tôi cần đáp ứng tiêu chuẩn về thời gian công tác thực tế như thế nào?",single_hop,abstractive,True,0.0,0.0,0.0,0.0,0.0,0.0,0.09857723577235772,0.05691056910569103,27.851518432420736
vlrag-5cda1ff266,DenseGraph_minus_DenseOnly,"Tôi nghe nói thành phố Đà Nẵng có chính sách hỗ trợ học phí cho học sinh học đại học, không biết thông tin này có chính xác theo văn bản nào của UBND thành phố không?",citation,abstractive,True,0.0,0.0,0.0,0.0,0.0,0.0,-0.10056610056610055,-0.2274392274392275,-2.596474317999764
vlrag-5cda1ff266,HybridGraph_minus_HybridOnly,"Tôi nghe nói thành phố Đà Nẵng có chính sách hỗ trợ học phí cho học sinh học đại học, không biết thông tin này có chính xác theo văn bản nào của UBND thành phố không?",citation,abstractive,True,0.0,0.0,0.0,0.0,0.0,0.0,0.1358735784965292,0.17888051986412656,-0.27347727800042776
vlrag-5cda1ff266,HybridOnly_minus_DenseOnly,"Tôi nghe nói thành phố Đà Nẵng có chính sách hỗ trợ học phí cho học sinh học đại học, không biết thông tin này có chính xác theo văn bản nào của UBND thành phố không?",citation,abstractive,True,0.0,0.0,0.0,0.0,0.0,0.0,-0.06207306207306201,-0.07199287199287213,23.11217012642391
vlrag-5cda1ff266,HybridGraph_minus_DenseGraph,"Tôi nghe nói thành phố Đà Nẵng có chính sách hỗ trợ học phí cho học sinh học đại học, không biết thông tin này có chính xác theo văn bản nào của UBND thành phố không?",citation,abstractive,True,0.0,0.0,0.0,0.0,0.0,0.0,0.17436661698956774,0.33432687531048194,25.435167166423245
vlrag-5d7567ec1e,DenseGraph_minus_DenseOnly,Làm sao để biết được những quy định chung về tổ chức Chính phủ hiện nay là gì để doanh nghiệp tôi nắm bắt?,single_hop,unanswerable,False,0.0,0.0,0.0,0.0,0.0,0.0,-0.0015384615384615025,0.013846153846153897,1.8438483279996944
vlrag-5d7567ec1e,HybridGraph_minus_HybridOnly,Làm sao để biết được những quy định chung về tổ chức Chính phủ hiện nay là gì để doanh nghiệp tôi nắm bắt?,single_hop,unanswerable,False,0.0,0.0,0.0,0.0,0.0,0.0,0.0004740834386851994,0.0004740834386851994,-0.4763831100008282
vlrag-5d7567ec1e,HybridOnly_minus_DenseOnly,Làm sao để biết được những quy định chung về tổ chức Chính phủ hiện nay là gì để doanh nghiệp tôi nắm bắt?,single_hop,unanswerable,False,0.0,0.0,0.0,0.0,0.0,0.0,-0.0084411164057182,0.006943498978897199,27.520104804420672
vlrag-5d7567ec1e,HybridGraph_minus_DenseGraph,Làm sao để biết được những quy định chung về tổ chức Chính phủ hiện nay là gì để doanh nghiệp tôi nắm bắt?,single_hop,unanswerable,False,0.0,0.0,0.0,0.0,0.0,0.0,-0.006428571428571499,-0.006428571428571499,25.19987336642015
vlrag-5ed02d42f3,DenseGraph_minus_DenseOnly,"Nếu tôi muốn thực hiện một thủ tục hành chính tại địa phương, liệu có quy định nào cấm tôi thực hiện các giao dịch nếu văn bản hướng dẫn chưa được ban hành đầy đủ không?",single_hop,unanswerable,False,0.0,0.0,0.0,0.0,0.0,0.0,0.0,0.0,-1.5567866339997636
vlrag-5ed02d42f3,HybridGraph_minus_HybridOnly,"Nếu tôi muốn thực hiện một thủ tục hành chính tại địa phương, liệu có quy định nào cấm tôi thực hiện các giao dịch nếu văn bản hướng dẫn chưa được ban hành đầy đủ không?",single_hop,unanswerable,False,0.0,0.0,0.0,0.0,0.0,0.0,0.0,0.0,0.253605010999312
vlrag-5ed02d42f3,HybridOnly_minus_DenseOnly,"Nếu tôi muốn thực hiện một thủ tục hành chính tại địa phương, liệu có quy định nào cấm tôi thực hiện các giao dịch nếu văn bản hướng dẫn chưa được ban hành đầy đủ không?",single_hop,unanswerable,False,0.0,0.0,0.0,0.0,0.0,0.0,0.0,0.0,25.232301263424862
vlrag-5ed02d42f3,HybridGraph_minus_DenseGraph,"Nếu tôi muốn thực hiện một thủ tục hành chính tại địa phương, liệu có quy định nào cấm tôi thực hiện các giao dịch nếu văn bản hướng dẫn chưa được ban hành đầy đủ không?",single_hop,unanswerable,False,0.0,0.0,0.0,0.0,0.0,0.0,0.0,0.0,27.042692908423938
vlrag-5f77658143,DenseGraph_minus_DenseOnly,"Doanh nghiệp của tôi có phương tiện vận tải bị xử phạt hành chính, nếu tôi chấp hành nộp phạt theo Nghị định 15/2003/NĐ-CP thì việc này có ảnh hưởng hay gây khó khăn gì cho việc tôi thực hiện các nghĩa vụ kinh doanh khác không?",cross_document,unanswerable,False,0.0,0.0,0.0,0.0,0.0,0.0,0.0,0.0,0.5878185429999121
vlrag-5f77658143,HybridGraph_minus_HybridOnly,"Doanh nghiệp của tôi có phương tiện vận tải bị xử phạt hành chính, nếu tôi chấp hành nộp phạt theo Nghị định 15/2003/NĐ-CP thì việc này có ảnh hưởng hay gây khó khăn gì cho việc tôi thực hiện các nghĩa vụ kinh doanh khác không?",cross_document,unanswerable,False,0.0,0.0,0.0,0.0,0.0,0.0,0.0,0.0,-0.8401694270014559
vlrag-5f77658143,HybridOnly_minus_DenseOnly,"Doanh nghiệp của tôi có phương tiện vận tải bị xử phạt hành chính, nếu tôi chấp hành nộp phạt theo Nghị định 15/2003/NĐ-CP thì việc này có ảnh hưởng hay gây khó khăn gì cho việc tôi thực hiện các nghĩa vụ kinh doanh khác không?",cross_document,unanswerable,False,0.0,0.0,0.0,0.0,0.0,0.0,0.0,0.0,24.568145586422308
vlrag-5f77658143,HybridGraph_minus_DenseGraph,"Doanh nghiệp của tôi có phương tiện vận tải bị xử phạt hành chính, nếu tôi chấp hành nộp phạt theo Nghị định 15/2003/NĐ-CP thì việc này có ảnh hưởng hay gây khó khăn gì cho việc tôi thực hiện các nghĩa vụ kinh doanh khác không?",cross_document,unanswerable,False,0.0,0.0,0.0,0.0,0.0,0.0,0.0,0.0,23.14015761642094
vlrag-603dd3640f,DenseGraph_minus_DenseOnly,"Nếu tôi đang là cán bộ thụ lý hồ sơ xin thực hiện xã hội hóa lĩnh vực giáo dục, tôi cần hướng dẫn người dân chuẩn bị những loại giấy tờ gì theo quy định mới nhất tại tỉnh Cà Mau?",single_hop,unanswerable,False,0.0,0.0,0.0,0.0,0.0,0.0,0.0,0.0,-0.10043106199918839
vlrag-603dd3640f,HybridGraph_minus_HybridOnly,"Nếu tôi đang là cán bộ thụ lý hồ sơ xin thực hiện xã hội hóa lĩnh vực giáo dục, tôi cần hướng dẫn người dân chuẩn bị những loại giấy tờ gì theo quy định mới nhất tại tỉnh Cà Mau?",single_hop,unanswerable,False,0.0,0.0,0.0,0.0,0.0,0.0,0.0,0.0,1.1664152389985247
vlrag-603dd3640f,HybridOnly_minus_DenseOnly,"Nếu tôi đang là cán bộ thụ lý hồ sơ xin thực hiện xã hội hóa lĩnh vực giáo dục, tôi cần hướng dẫn người dân chuẩn bị những loại giấy tờ gì theo quy định mới nhất tại tỉnh Cà Mau?",single_hop,unanswerable,False,0.0,0.0,0.0,0.0,0.0,0.0,0.0,0.0,23.598658632422204
vlrag-603dd3640f,HybridGraph_minus_DenseGraph,"Nếu tôi đang là cán bộ thụ lý hồ sơ xin thực hiện xã hội hóa lĩnh vực giáo dục, tôi cần hướng dẫn người dân chuẩn bị những loại giấy tờ gì theo quy định mới nhất tại tỉnh Cà Mau?",single_hop,unanswerable,False,0.0,0.0,0.0,0.0,0.0,0.0,0.0,0.0,24.865504933419917
vlrag-60b4a6b766,DenseGraph_minus_DenseOnly,"Tôi là chủ doanh nghiệp, tôi muốn đóng góp vào Quỹ bảo trợ trẻ em tỉnh thì cần làm theo trình tự hay hình thức nào?",single_hop,abstractive,True,0.0,0.0,0.0,0.0,0.0,0.0,0.0011695906432749037,-0.0187134502923976,0.2235233369992784
vlrag-60b4a6b766,HybridGraph_minus_HybridOnly,"Tôi là chủ doanh nghiệp, tôi muốn đóng góp vào Quỹ bảo trợ trẻ em tỉnh thì cần làm theo trình tự hay hình thức nào?",single_hop,abstractive,True,0.0,0.0,0.0,0.0,0.0,0.0,0.0,0.0,0.35419666800043714
vlrag-60b4a6b766,HybridOnly_minus_DenseOnly,"Tôi là chủ doanh nghiệp, tôi muốn đóng góp vào Quỹ bảo trợ trẻ em tỉnh thì cần làm theo trình tự hay hình thức nào?",single_hop,abstractive,True,0.0,0.0,0.0,0.0,0.0,0.0,-0.1988304093567251,-0.1520467836257309,22.811597783421977
vlrag-60b4a6b766,HybridGraph_minus_DenseGraph,"Tôi là chủ doanh nghiệp, tôi muốn đóng góp vào Quỹ bảo trợ trẻ em tỉnh thì cần làm theo trình tự hay hình thức nào?",single_hop,abstractive,True,0.0,0.0,0.0,0.0,0.0,0.0,-0.2,-0.1333333333333333,22.942271114423136
vlrag-60e9cd49d4,DenseGraph_minus_DenseOnly,Làm sao để biết các quy định về phí và lệ phí hiện nay của Bộ Tài chính có còn được áp dụng cho các quyết định của tỉnh hay không?,single_hop,unanswerable,False,0.0,0.0,0.0,0.0,0.0,0.0,-0.0157583307380878,-0.003924011211460604,-2.393970007000007
vlrag-60e9cd49d4,HybridGraph_minus_HybridOnly,Làm sao để biết các quy định về phí và lệ phí hiện nay của Bộ Tài chính có còn được áp dụng cho các quyết định của tỉnh hay không?,single_hop,unanswerable,False,0.0,0.0,0.0,0.0,0.0,0.0,0.0268382098637339,0.0159092481151,-0.4684859270018933
vlrag-60e9cd49d4,HybridOnly_minus_DenseOnly,Làm sao để biết các quy định về phí và lệ phí hiện nay của Bộ Tài chính có còn được áp dụng cho các quyết định của tỉnh hay không?,single_hop,unanswerable,False,0.0,0.0,0.0,0.0,0.0,0.0,-0.0304596409757072,-0.018625321449080003,23.97680827142375
vlrag-60e9cd49d4,HybridGraph_minus_DenseGraph,Làm sao để biết các quy định về phí và lệ phí hiện nay của Bộ Tài chính có còn được áp dụng cho các quyết định của tỉnh hay không?,single_hop,unanswerable,False,0.0,0.0,0.0,0.0,0.0,0.0,0.0121368996261145,0.0012079378774806013,25.902292351421863
vlrag-61535eac04,DenseGraph_minus_DenseOnly,"Gia đình tôi đang thắc mắc, dựa vào căn cứ pháp lý nào để xác định mức thù lao hỗ trợ cho cộng tác viên dân số ở khu phố hiện nay?",citation,abstractive,True,0.0,0.0,0.0,0.0,0.0,0.0,0.010424070125562707,0.010424070125562707,-1.2526868399997966
vlrag-61535eac04,HybridGraph_minus_HybridOnly,"Gia đình tôi đang thắc mắc, dựa vào căn cứ pháp lý nào để xác định mức thù lao hỗ trợ cho cộng tác viên dân số ở khu phố hiện nay?",citation,abstractive,True,-1.0,-1.0,-0.1428571428571428,-0.3333333333333333,-0.1,0.0,0.03639447914257071,0.03639447914257071,-0.9379083839994564
vlrag-61535eac04,HybridOnly_minus_DenseOnly,"Gia đình tôi đang thắc mắc, dựa vào căn cứ pháp lý nào để xác định mức thù lao hỗ trợ cho cộng tác viên dân số ở khu phố hiện nay?",citation,abstractive,True,0.0,0.0,-0.8571428571428572,-0.6666666666666667,0.0,0.0,-0.06316900346751089,-0.06316900346751089,25.931869763419797
vlrag-61535eac04,HybridGraph_minus_DenseGraph,"Gia đình tôi đang thắc mắc, dựa vào căn cứ pháp lý nào để xác định mức thù lao hỗ trợ cho cộng tác viên dân số ở khu phố hiện nay?",citation,abstractive,True,-1.0,-1.0,-1.0,-1.0,-0.1,0.0,-0.037198594450502886,-0.037198594450502886,26.246648219420138
vlrag-62073cb3a6,DenseGraph_minus_DenseOnly,"Trong trường hợp tôi muốn hiểu rõ thế nào là 'xung đột lợi ích' trong nghiên cứu y sinh học theo quy định mới nhất, tôi có thể căn cứ vào định nghĩa nào?",legal_validity,extractive,True,0.0,0.0,0.0,0.0,0.0,0.0,0.07447189402076615,0.07303974221267451,-5.947345438999948
vlrag-62073cb3a6,HybridGraph_minus_HybridOnly,"Trong trường hợp tôi muốn hiểu rõ thế nào là 'xung đột lợi ích' trong nghiên cứu y sinh học theo quy định mới nhất, tôi có thể căn cứ vào định nghĩa nào?",legal_validity,extractive,True,0.0,0.0,-0.1333333333333333,-0.11314719276545843,0.0,0.0,0.006156806156806027,-0.0845598845598845,0.05052492700269795
vlrag-62073cb3a6,HybridOnly_minus_DenseOnly,"Trong trường hợp tôi muốn hiểu rõ thế nào là 'xung đột lợi ích' trong nghiên cứu y sinh học theo quy định mới nhất, tôi có thể căn cứ vào định nghĩa nào?",legal_validity,extractive,True,0.0,0.0,-0.6666666666666667,-0.5,0.0,0.0,-0.03215831787260359,-0.03153988868274593,20.089171478422656
vlrag-62073cb3a6,HybridGraph_minus_DenseGraph,"Trong trường hợp tôi muốn hiểu rõ thế nào là 'xung đột lợi ích' trong nghiên cứu y sinh học theo quy định mới nhất, tôi có thể căn cứ vào định nghĩa nào?",legal_validity,extractive,True,0.0,0.0,-0.8,-0.6131471927654584,0.0,0.0,-0.10047340573656371,-0.18913951545530494,26.087041844425304
vlrag-62f6df6f83,DenseGraph_minus_DenseOnly,"Có được thu phí từ các đơn vị khai thác than khi thực hiện kiểm tra, nghiệm thu khối lượng đất đá bóc hay không?",single_hop,unanswerable,False,0.0,0.0,0.0,0.0,0.0,0.0,0.0,0.0,-2.0908682490007777
vlrag-62f6df6f83,HybridGraph_minus_HybridOnly,"Có được thu phí từ các đơn vị khai thác than khi thực hiện kiểm tra, nghiệm thu khối lượng đất đá bóc hay không?",single_hop,unanswerable,False,0.0,0.0,0.0,0.0,0.0,0.0,0.0,0.0,-0.13761727699966286
vlrag-62f6df6f83,HybridOnly_minus_DenseOnly,"Có được thu phí từ các đơn vị khai thác than khi thực hiện kiểm tra, nghiệm thu khối lượng đất đá bóc hay không?",single_hop,unanswerable,False,0.0,0.0,0.0,0.0,0.0,0.0,0.0,0.0,25.567020722421777
vlrag-62f6df6f83,HybridGraph_minus_DenseGraph,"Có được thu phí từ các đơn vị khai thác than khi thực hiện kiểm tra, nghiệm thu khối lượng đất đá bóc hay không?",single_hop,unanswerable,False,0.0,0.0,0.0,0.0,0.0,0.0,0.0,0.0,27.520271694422892
vlrag-6324cb8674,DenseGraph_minus_DenseOnly,"Chúng tôi đang kinh doanh cá thể, vậy đối với việc lập kế hoạch phát triển kinh tế - xã hội hàng năm ở cấp xã, tôi có nghĩa vụ gì cụ thể theo quy định không?",single_hop,unanswerable,False,0.0,0.0,0.0,0.0,0.0,0.0,0.0,0.0,-2.2978396670005172
vlrag-6324cb8674,HybridGraph_minus_HybridOnly,"Chúng tôi đang kinh doanh cá thể, vậy đối với việc lập kế hoạch phát triển kinh tế - xã hội hàng năm ở cấp xã, tôi có nghĩa vụ gì cụ thể theo quy định không?",single_hop,unanswerable,False,0.0,0.0,0.0,0.0,0.0,0.0,0.0,0.0,0.772069594999266
vlrag-6324cb8674,HybridOnly_minus_DenseOnly,"Chúng tôi đang kinh doanh cá thể, vậy đối với việc lập kế hoạch phát triển kinh tế - xã hội hàng năm ở cấp xã, tôi có nghĩa vụ gì cụ thể theo quy định không?",single_hop,unanswerable,False,0.0,0.0,0.0,0.0,0.0,0.0,0.0,0.0,24.50087346942445
vlrag-6324cb8674,HybridGraph_minus_DenseGraph,"Chúng tôi đang kinh doanh cá thể, vậy đối với việc lập kế hoạch phát triển kinh tế - xã hội hàng năm ở cấp xã, tôi có nghĩa vụ gì cụ thể theo quy định không?",single_hop,unanswerable,False,0.0,0.0,0.0,0.0,0.0,0.0,0.0,0.0,27.570782731424234
vlrag-63a7d1a7cf,DenseGraph_minus_DenseOnly,"Gia đình tôi đang có tranh chấp về thủ tục an ninh hàng không, xin hỏi văn bản pháp lý nào đang quy định về việc bảo đảm an ninh hàng không dân dụng để chúng tôi có căn cứ làm việc với cơ quan chức năng?",citation,extractive,True,-1.0,-1.0,-0.125,-0.3154648767857287,-0.1,0.0,-0.010322580645161304,-0.010322580645161304,-3.494844287000207
vlrag-63a7d1a7cf,HybridGraph_minus_HybridOnly,"Gia đình tôi đang có tranh chấp về thủ tục an ninh hàng không, xin hỏi văn bản pháp lý nào đang quy định về việc bảo đảm an ninh hàng không dân dụng để chúng tôi có căn cứ làm việc với cơ quan chức năng?",citation,extractive,True,0.0,0.0,0.0,0.0,0.0,0.0,0.024076607387140903,0.024076607387140903,0.450588470999719
vlrag-63a7d1a7cf,HybridOnly_minus_DenseOnly,"Gia đình tôi đang có tranh chấp về thủ tục an ninh hàng không, xin hỏi văn bản pháp lý nào đang quy định về việc bảo đảm an ninh hàng không dân dụng để chúng tôi có căn cứ làm việc với cơ quan chức năng?",citation,extractive,True,-1.0,-1.0,-0.125,-0.3154648767857287,-0.1,0.0,-0.0068217054263566,-0.0068217054263566,22.25150697042062
vlrag-63a7d1a7cf,HybridGraph_minus_DenseGraph,"Gia đình tôi đang có tranh chấp về thủ tục an ninh hàng không, xin hỏi văn bản pháp lý nào đang quy định về việc bảo đảm an ninh hàng không dân dụng để chúng tôi có căn cứ làm việc với cơ quan chức năng?",citation,extractive,True,0.0,0.0,0.0,0.0,0.0,0.0,0.027577482605945607,0.027577482605945607,26.19693972842055
vlrag-63e7d73647,DenseGraph_minus_DenseOnly,"Doanh nghiệp của tôi chuẩn bị thực hiện đề tài khoa học xã hội và nhân văn cấp tỉnh, cho tôi hỏi chi phí để cơ quan nhà nước thực hiện thủ tục đánh giá, nghiệm thu đề tài này là bao nhiêu?",single_hop,unanswerable,False,0.0,0.0,0.0,0.0,0.0,0.0,-0.4907338769458858,-0.4907338769458858,1.3325614969990056
vlrag-63e7d73647,HybridGraph_minus_HybridOnly,"Doanh nghiệp của tôi chuẩn bị thực hiện đề tài khoa học xã hội và nhân văn cấp tỉnh, cho tôi hỏi chi phí để cơ quan nhà nước thực hiện thủ tục đánh giá, nghiệm thu đề tài này là bao nhiêu?",single_hop,unanswerable,False,0.0,0.0,0.0,0.0,0.0,0.0,0.0,0.0,1.8440069559983385
vlrag-63e7d73647,HybridOnly_minus_DenseOnly,"Doanh nghiệp của tôi chuẩn bị thực hiện đề tài khoa học xã hội và nhân văn cấp tỉnh, cho tôi hỏi chi phí để cơ quan nhà nước thực hiện thủ tục đánh giá, nghiệm thu đề tài này là bao nhiêu?",single_hop,unanswerable,False,0.0,0.0,0.0,0.0,0.0,0.0,0.0,0.0,27.004348265417036
vlrag-63e7d73647,HybridGraph_minus_DenseGraph,"Doanh nghiệp của tôi chuẩn bị thực hiện đề tài khoa học xã hội và nhân văn cấp tỉnh, cho tôi hỏi chi phí để cơ quan nhà nước thực hiện thủ tục đánh giá, nghiệm thu đề tài này là bao nhiêu?",single_hop,unanswerable,False,0.0,0.0,0.0,0.0,0.0,0.0,0.4907338769458858,0.4907338769458858,27.51579372441637
vlrag-643e0fe13b,DenseGraph_minus_DenseOnly,"Trong trường hợp tôi là người quản lý doanh nghiệp nhà nước tại tỉnh Điện Biên, tôi cần thực hiện trách nhiệm gì theo quyết định mới ban hành về tổ chức bộ máy?",single_hop,abstractive,True,0.0,0.0,0.0,0.0,0.0,0.0,0.0041558441558441905,0.0031168831168831013,-1.7907737240002461
vlrag-643e0fe13b,HybridGraph_minus_HybridOnly,"Trong trường hợp tôi là người quản lý doanh nghiệp nhà nước tại tỉnh Điện Biên, tôi cần thực hiện trách nhiệm gì theo quyết định mới ban hành về tổ chức bộ máy?",single_hop,abstractive,True,-1.0,-1.0,-0.2,-0.3868528072345416,-0.1,0.0,-0.012273730684326689,0.000794701986754992,0.7014675919981492
vlrag-643e0fe13b,HybridOnly_minus_DenseOnly,"Trong trường hợp tôi là người quản lý doanh nghiệp nhà nước tại tỉnh Điện Biên, tôi cần thực hiện trách nhiệm gì theo quyết định mới ban hành về tổ chức bộ máy?",single_hop,abstractive,True,0.0,0.0,-0.1333333333333333,-0.11314719276545843,0.0,0.0,0.0030962415068374882,0.0023221811301281092,23.9833963014234
vlrag-643e0fe13b,HybridGraph_minus_DenseGraph,"Trong trường hợp tôi là người quản lý doanh nghiệp nhà nước tại tỉnh Điện Biên, tôi cần thực hiện trách nhiệm gì theo quyết định mới ban hành về tổ chức bộ máy?",single_hop,abstractive,True,-1.0,-1.0,-0.3333333333333333,-0.5,-0.1,0.0,-0.013333333333333391,0.0,26.475637617421796
vlrag-6476b848ca,DenseGraph_minus_DenseOnly,Tôi muốn biết quy định tại Nghị định 35/2005/NĐ-CP về việc xử lý kỷ luật công chức hiện nay còn áp dụng được không hay đã bị thay đổi?,legal_validity,unanswerable,False,0.0,0.0,0.0,0.0,0.0,0.0,0.0060606060606059955,0.0060606060606059955,-3.6914152870001544
vlrag-6476b848ca,HybridGraph_minus_HybridOnly,Tôi muốn biết quy định tại Nghị định 35/2005/NĐ-CP về việc xử lý kỷ luật công chức hiện nay còn áp dụng được không hay đã bị thay đổi?,legal_validity,unanswerable,False,0.0,0.0,0.0,0.0,0.0,0.0,0.569078947368421,0.569078947368421,-2.2137113929984444
vlrag-6476b848ca,HybridOnly_minus_DenseOnly,Tôi muốn biết quy định tại Nghị định 35/2005/NĐ-CP về việc xử lý kỷ luật công chức hiện nay còn áp dụng được không hay đã bị thay đổi?,legal_validity,unanswerable,False,0.0,0.0,0.0,0.0,0.0,0.0,0.0018939393939393992,0.0018939393939393992,24.633302686422837
vlrag-6476b848ca,HybridGraph_minus_DenseGraph,Tôi muốn biết quy định tại Nghị định 35/2005/NĐ-CP về việc xử lý kỷ luật công chức hiện nay còn áp dụng được không hay đã bị thay đổi?,legal_validity,unanswerable,False,0.0,0.0,0.0,0.0,0.0,0.0,0.5649122807017544,0.5649122807017544,26.111006580424547
vlrag-6509bb01ad,DenseGraph_minus_DenseOnly,Tôi muốn biết nếu ngân hàng định lắp thêm cây ATM mới thì họ phải thông báo cho cơ quan nhà nước trước bao lâu?,single_hop,extractive,True,0.0,0.0,0.0,0.0,0.0,0.0,-0.023892483822797406,-0.023892483822797406,-0.017073730999072723
vlrag-6509bb01ad,HybridGraph_minus_HybridOnly,Tôi muốn biết nếu ngân hàng định lắp thêm cây ATM mới thì họ phải thông báo cho cơ quan nhà nước trước bao lâu?,single_hop,extractive,True,0.0,0.0,0.0,0.0,0.0,0.0,-0.046777546777546794,-0.046777546777546794,-0.267659225002717
vlrag-6509bb01ad,HybridOnly_minus_DenseOnly,Tôi muốn biết nếu ngân hàng định lắp thêm cây ATM mới thì họ phải thông báo cho cơ quan nhà nước trước bao lâu?,single_hop,extractive,True,0.0,0.0,0.0,0.0,0.0,0.0,0.015820698747527978,0.015820698747527978,26.52565444642432
vlrag-6509bb01ad,HybridGraph_minus_DenseGraph,Tôi muốn biết nếu ngân hàng định lắp thêm cây ATM mới thì họ phải thông báo cho cơ quan nhà nước trước bao lâu?,single_hop,extractive,True,0.0,0.0,0.0,0.0,0.0,0.0,-0.00706436420722141,-0.00706436420722141,26.275068952420675
vlrag-65515d6803,DenseGraph_minus_DenseOnly,Có được sử dụng ngân sách nhà nước để chi trả cho các hoạt động xúc tiến thương mại thị trường trong nước năm 2009 không?,single_hop,boolean,True,0.0,0.0,0.0,0.0,0.0,0.0,0.0,0.0,4.839720181999837
vlrag-65515d6803,HybridGraph_minus_HybridOnly,Có được sử dụng ngân sách nhà nước để chi trả cho các hoạt động xúc tiến thương mại thị trường trong nước năm 2009 không?,single_hop,boolean,True,0.0,0.0,0.0,0.0,0.0,0.0,0.0,0.0,-0.5185414780025894
vlrag-65515d6803,HybridOnly_minus_DenseOnly,Có được sử dụng ngân sách nhà nước để chi trả cho các hoạt động xúc tiến thương mại thị trường trong nước năm 2009 không?,single_hop,boolean,True,0.0,0.0,-0.6666666666666667,-0.5,0.0,0.0,0.0,0.0,26.411640512423848
vlrag-65515d6803,HybridGraph_minus_DenseGraph,Có được sử dụng ngân sách nhà nước để chi trả cho các hoạt động xúc tiến thương mại thị trường trong nước năm 2009 không?,single_hop,boolean,True,0.0,0.0,-0.6666666666666667,-0.5,0.0,0.0,0.0,0.0,21.05337885242142
vlrag-65539bbc64,DenseGraph_minus_DenseOnly,"Làm sao để doanh nghiệp của chúng tôi nắm được chức năng chính của Hội đồng phối hợp công tác phổ biến, giáo dục pháp luật tỉnh để có hướng phối hợp khi cần?",single_hop,abstractive,True,0.0,0.0,0.0,0.0,0.0,0.0,0.0,0.0,-5.0413553739990675
vlrag-65539bbc64,HybridGraph_minus_HybridOnly,"Làm sao để doanh nghiệp của chúng tôi nắm được chức năng chính của Hội đồng phối hợp công tác phổ biến, giáo dục pháp luật tỉnh để có hướng phối hợp khi cần?",single_hop,abstractive,True,0.0,0.0,0.0,0.0,0.0,0.0,-0.010061261905826513,-0.008272593122568561,-0.31321519100311335
vlrag-65539bbc64,HybridOnly_minus_DenseOnly,"Làm sao để doanh nghiệp của chúng tôi nắm được chức năng chính của Hội đồng phối hợp công tác phổ biến, giáo dục pháp luật tỉnh để có hướng phối hợp khi cần?",single_hop,abstractive,True,-1.0,-1.0,-1.0,-1.0,-0.1,0.0,-0.10204130701353664,-0.17859633093698157,21.411235301423126
vlrag-65539bbc64,HybridGraph_minus_DenseGraph,"Làm sao để doanh nghiệp của chúng tôi nắm được chức năng chính của Hội đồng phối hợp công tác phổ biến, giáo dục pháp luật tỉnh để có hướng phối hợp khi cần?",single_hop,abstractive,True,-1.0,-1.0,-1.0,-1.0,-0.1,0.0,-0.11210256891936315,-0.18686892405955013,26.13937548441908
vlrag-667a015ee4,DenseGraph_minus_DenseOnly,Gia đình tôi muốn biết quy định cụ thể về việc thành lập Hội đồng đạo đức trong nghiên cứu y sinh học hiện nay nằm ở văn bản nào để tôi làm căn cứ tham khảo?,citation,abstractive,True,0.0,0.0,0.0,0.0,0.0,0.0,0.04271559633027522,0.051669724770642134,-4.3202030020001985
vlrag-667a015ee4,HybridGraph_minus_HybridOnly,Gia đình tôi muốn biết quy định cụ thể về việc thành lập Hội đồng đạo đức trong nghiên cứu y sinh học hiện nay nằm ở văn bản nào để tôi làm căn cứ tham khảo?,citation,abstractive,True,0.0,0.0,0.0,0.0,0.0,0.0,-0.04260299625468167,-0.018492509363295828,-3.236535824999006
vlrag-667a015ee4,HybridOnly_minus_DenseOnly,Gia đình tôi muốn biết quy định cụ thể về việc thành lập Hội đồng đạo đức trong nghiên cứu y sinh học hiện nay nằm ở văn bản nào để tôi làm căn cứ tham khảo?,citation,abstractive,True,0.0,0.0,0.0,0.0,0.0,0.0,0.16826966292134843,0.18732584269662922,23.955100394420413
vlrag-667a015ee4,HybridGraph_minus_DenseGraph,Gia đình tôi muốn biết quy định cụ thể về việc thành lập Hội đồng đạo đức trong nghiên cứu y sinh học hiện nay nằm ở văn bản nào để tôi làm căn cứ tham khảo?,citation,abstractive,True,0.0,0.0,0.0,0.0,0.0,0.0,0.08295107033639154,0.11716360856269126,25.038767571421605
vlrag-66c32c6ea2,DenseGraph_minus_DenseOnly,"Tôi muốn gửi cháu tôi vào Trung tâm Bảo trợ cô nhi khuyết tật thì ngoài việc cháu thuộc diện trẻ em mồ côi, tôi còn cần phải đáp ứng các điều kiện gì khác hoặc hoàn tất thủ tục nào để cháu được hưởng mức trợ cấp 900.000 đồng/tháng không?",multi_hop,unanswerable,False,0.0,0.0,0.0,0.0,0.0,0.0,0.0496415770609319,0.0496415770609319,-2.07695159099967
vlrag-66c32c6ea2,HybridGraph_minus_HybridOnly,"Tôi muốn gửi cháu tôi vào Trung tâm Bảo trợ cô nhi khuyết tật thì ngoài việc cháu thuộc diện trẻ em mồ côi, tôi còn cần phải đáp ứng các điều kiện gì khác hoặc hoàn tất thủ tục nào để cháu được hưởng mức trợ cấp 900.000 đồng/tháng không?",multi_hop,unanswerable,False,0.0,0.0,0.0,0.0,0.0,0.0,0.001440124072227801,0.009194638307300398,-0.5228359149987192
vlrag-66c32c6ea2,HybridOnly_minus_DenseOnly,"Tôi muốn gửi cháu tôi vào Trung tâm Bảo trợ cô nhi khuyết tật thì ngoài việc cháu thuộc diện trẻ em mồ côi, tôi còn cần phải đáp ứng các điều kiện gì khác hoặc hoàn tất thủ tục nào để cháu được hưởng mức trợ cấp 900.000 đồng/tháng không?",multi_hop,unanswerable,False,0.0,0.0,0.0,0.0,0.0,0.0,0.0230696798493409,-0.010828625235404898,23.14810539042054
vlrag-66c32c6ea2,HybridGraph_minus_DenseGraph,"Tôi muốn gửi cháu tôi vào Trung tâm Bảo trợ cô nhi khuyết tật thì ngoài việc cháu thuộc diện trẻ em mồ côi, tôi còn cần phải đáp ứng các điều kiện gì khác hoặc hoàn tất thủ tục nào để cháu được hưởng mức trợ cấp 900.000 đồng/tháng không?",multi_hop,unanswerable,False,0.0,0.0,0.0,0.0,0.0,0.0,-0.025131773139363198,-0.0512755639890364,24.70222106642149
vlrag-676ad4aad5,DenseGraph_minus_DenseOnly,"Tôi làm việc liên quan đến động vật hoang dã, cụ thể là CITES, vậy tôi cần liên hệ với cơ quan nào để được hỗ trợ thủ tục?",single_hop,abstractive,True,0.0,0.0,0.0,0.0,0.0,0.0,0.022928834090417405,0.022928834090417405,-0.5796242680003161
vlrag-676ad4aad5,HybridGraph_minus_HybridOnly,"Tôi làm việc liên quan đến động vật hoang dã, cụ thể là CITES, vậy tôi cần liên hệ với cơ quan nào để được hỗ trợ thủ tục?",single_hop,abstractive,True,0.0,0.0,0.0,0.0,0.0,0.0,-0.01891715590345719,-0.022504892367905982,-0.9049474849998624
vlrag-676ad4aad5,HybridOnly_minus_DenseOnly,"Tôi làm việc liên quan đến động vật hoang dã, cụ thể là CITES, vậy tôi cần liên hệ với cơ quan nào để được hỗ trợ thủ tục?",single_hop,abstractive,True,0.0,0.0,0.0,0.0,0.0,0.0,0.02914001421464099,0.005330490405117183,26.91062568542219
vlrag-676ad4aad5,HybridGraph_minus_DenseGraph,"Tôi làm việc liên quan đến động vật hoang dã, cụ thể là CITES, vậy tôi cần liên hệ với cơ quan nào để được hỗ trợ thủ tục?",single_hop,abstractive,True,0.0,0.0,0.0,0.0,0.0,0.0,-0.012705975779233603,-0.040103236053206204,26.585302468422643
vlrag-67d3c4259b,DenseGraph_minus_DenseOnly,"Doanh nghiệp của tôi có thắc mắc, nếu các cơ quan nhà nước không thực hiện đúng trình tự ban hành văn bản quy phạm pháp luật thì sẽ bị xử lý như thế nào?",single_hop,unanswerable,False,0.0,0.0,0.0,0.0,0.0,0.0,-0.010370370370370401,0.001975308641975298,-5.203714876000049
vlrag-67d3c4259b,HybridGraph_minus_HybridOnly,"Doanh nghiệp của tôi có thắc mắc, nếu các cơ quan nhà nước không thực hiện đúng trình tự ban hành văn bản quy phạm pháp luật thì sẽ bị xử lý như thế nào?",single_hop,unanswerable,False,0.0,0.0,0.0,0.0,0.0,0.0,0.0006926406926406996,0.0006926406926406996,0.5624954389986669
vlrag-67d3c4259b,HybridOnly_minus_DenseOnly,"Doanh nghiệp của tôi có thắc mắc, nếu các cơ quan nhà nước không thực hiện đúng trình tự ban hành văn bản quy phạm pháp luật thì sẽ bị xử lý như thế nào?",single_hop,unanswerable,False,0.0,0.0,0.0,0.0,0.0,0.0,-0.011063011063011101,0.0012826679493345983,18.7573787294229
vlrag-67d3c4259b,HybridGraph_minus_DenseGraph,"Doanh nghiệp của tôi có thắc mắc, nếu các cơ quan nhà nước không thực hiện đúng trình tự ban hành văn bản quy phạm pháp luật thì sẽ bị xử lý như thế nào?",single_hop,unanswerable,False,0.0,0.0,0.0,0.0,0.0,0.0,0.0,0.0,24.523589044421616
vlrag-6884f64ffe,DenseGraph_minus_DenseOnly,Làm sao để biết xã Đak Năng được thành lập trên cơ sở diện tích và nhân khẩu của xã nào?,single_hop,extractive,True,0.0,0.0,0.0,0.0,0.0,0.0,0.13322368421052622,0.13322368421052622,-0.9834552860002077
vlrag-6884f64ffe,HybridGraph_minus_HybridOnly,Làm sao để biết xã Đak Năng được thành lập trên cơ sở diện tích và nhân khẩu của xã nào?,single_hop,extractive,True,0.0,0.0,0.0,0.0,0.0,0.0,0.12741312741312727,0.12741312741312727,-0.47906844499811996
vlrag-6884f64ffe,HybridOnly_minus_DenseOnly,Làm sao để biết xã Đak Năng được thành lập trên cơ sở diện tích và nhân khẩu của xã nào?,single_hop,extractive,True,0.0,0.0,0.0,0.0,0.0,0.0,0.019203413940256153,0.019203413940256153,25.854587967423587
vlrag-6884f64ffe,HybridGraph_minus_DenseGraph,Làm sao để biết xã Đak Năng được thành lập trên cơ sở diện tích và nhân khẩu của xã nào?,single_hop,extractive,True,0.0,0.0,0.0,0.0,0.0,0.0,0.013392857142857206,0.013392857142857206,26.358974808425675
vlrag-68c0b49fd7,DenseGraph_minus_DenseOnly,"Doanh nghiệp của tôi trước đây có làm việc theo Quyết định 48/2021/QĐ-UBND của tỉnh Cà Mau về quản lý công chức, vậy giờ tôi vẫn làm theo cách đó hay phải đổi theo quy định mới?",legal_validity,abstractive,True,0.0,0.0,0.0,0.0,0.0,0.0,0.0,0.0,9.581206662999989
vlrag-68c0b49fd7,HybridGraph_minus_HybridOnly,"Doanh nghiệp của tôi trước đây có làm việc theo Quyết định 48/2021/QĐ-UBND của tỉnh Cà Mau về quản lý công chức, vậy giờ tôi vẫn làm theo cách đó hay phải đổi theo quy định mới?",legal_validity,abstractive,True,0.0,0.0,0.0,0.0,0.0,0.0,0.0,0.0,0.8451154670001415
vlrag-68c0b49fd7,HybridOnly_minus_DenseOnly,"Doanh nghiệp của tôi trước đây có làm việc theo Quyết định 48/2021/QĐ-UBND của tỉnh Cà Mau về quản lý công chức, vậy giờ tôi vẫn làm theo cách đó hay phải đổi theo quy định mới?",legal_validity,abstractive,True,0.0,0.0,0.0,0.0,0.0,0.0,0.001955671447196883,-0.03194263363754893,24.290581907423476
vlrag-68c0b49fd7,HybridGraph_minus_DenseGraph,"Doanh nghiệp của tôi trước đây có làm việc theo Quyết định 48/2021/QĐ-UBND của tỉnh Cà Mau về quản lý công chức, vậy giờ tôi vẫn làm theo cách đó hay phải đổi theo quy định mới?",legal_validity,abstractive,True,0.0,0.0,0.0,0.0,0.0,0.0,0.001955671447196883,-0.03194263363754893,15.554490711423629
vlrag-68ec3438a7,DenseGraph_minus_DenseOnly,"Gia đình tôi có người đang làm diễn viên tại một đơn vị nghệ thuật chuyên nghiệp của tỉnh, vậy ngoài lương cơ bản thì người đó được hỗ trợ thêm những khoản nào và cần chuẩn bị hồ sơ gì để nhận hỗ trợ?",single_hop,abstractive,True,0.0,0.0,0.0,0.0,0.0,0.0,-0.0005760368663593751,0.008064516129032195,-1.5690634460000865
vlrag-68ec3438a7,HybridGraph_minus_HybridOnly,"Gia đình tôi có người đang làm diễn viên tại một đơn vị nghệ thuật chuyên nghiệp của tỉnh, vậy ngoài lương cơ bản thì người đó được hỗ trợ thêm những khoản nào và cần chuẩn bị hồ sơ gì để nhận hỗ trợ?",single_hop,abstractive,True,0.0,0.0,0.0,0.0,0.0,0.0,0.009478672985781922,0.009478672985781977,-1.8044499679999717
vlrag-68ec3438a7,HybridOnly_minus_DenseOnly,"Gia đình tôi có người đang làm diễn viên tại một đơn vị nghệ thuật chuyên nghiệp của tỉnh, vậy ngoài lương cơ bản thì người đó được hỗ trợ thêm những khoản nào và cần chuẩn bị hồ sơ gì để nhận hỗ trợ?",single_hop,abstractive,True,0.0,0.0,0.0,0.0,0.0,0.0,0.007024373730534883,0.005924170616113722,24.99930468242127
vlrag-68ec3438a7,HybridGraph_minus_DenseGraph,"Gia đình tôi có người đang làm diễn viên tại một đơn vị nghệ thuật chuyên nghiệp của tỉnh, vậy ngoài lương cơ bản thì người đó được hỗ trợ thêm những khoản nào và cần chuẩn bị hồ sơ gì để nhận hỗ trợ?",single_hop,abstractive,True,0.0,0.0,0.0,0.0,0.0,0.0,0.01707908358267618,0.007338327472863504,24.763918160421383
vlrag-690e673596,DenseGraph_minus_DenseOnly,"Chúng tôi hiện không có bảo hiểm y tế và muốn đi khám bệnh tại bệnh viện công ở Cà Mau, xin hỏi có trường hợp nào được miễn trừ hoặc không phải thực hiện theo mức giá quy định của tỉnh không?",single_hop,boolean,True,0.0,0.0,0.0,0.0,0.0,0.0,0.0,0.0,-2.9048250159999043
vlrag-690e673596,HybridGraph_minus_HybridOnly,"Chúng tôi hiện không có bảo hiểm y tế và muốn đi khám bệnh tại bệnh viện công ở Cà Mau, xin hỏi có trường hợp nào được miễn trừ hoặc không phải thực hiện theo mức giá quy định của tỉnh không?",single_hop,boolean,True,0.0,0.0,0.0,0.0,0.0,0.0,0.1483180428134556,0.1483180428134556,-1.577960937998796
vlrag-690e673596,HybridOnly_minus_DenseOnly,"Chúng tôi hiện không có bảo hiểm y tế và muốn đi khám bệnh tại bệnh viện công ở Cà Mau, xin hỏi có trường hợp nào được miễn trừ hoặc không phải thực hiện theo mức giá quy định của tỉnh không?",single_hop,boolean,True,0.0,0.0,0.0,0.0,0.0,0.0,-0.1483180428134556,-0.1483180428134556,26.420032617424287
vlrag-690e673596,HybridGraph_minus_DenseGraph,"Chúng tôi hiện không có bảo hiểm y tế và muốn đi khám bệnh tại bệnh viện công ở Cà Mau, xin hỏi có trường hợp nào được miễn trừ hoặc không phải thực hiện theo mức giá quy định của tỉnh không?",single_hop,boolean,True,0.0,0.0,0.0,0.0,0.0,0.0,0.0,0.0,27.746896695425395
vlrag-6972ddd02a,DenseGraph_minus_DenseOnly,"Doanh nghiệp của tôi có liên quan đến các thủ tục tín ngưỡng, tôn giáo được phân cấp, vậy tôi có thể tìm hiểu các trách nhiệm của cơ quan giải quyết thủ tục này ở đâu để nắm rõ quy trình làm việc của họ?",single_hop,abstractive,True,0.0,0.0,0.0,0.0,0.0,0.0,0.04464066715722348,0.005592347314201607,-0.2805068380002913
vlrag-6972ddd02a,HybridGraph_minus_HybridOnly,"Doanh nghiệp của tôi có liên quan đến các thủ tục tín ngưỡng, tôn giáo được phân cấp, vậy tôi có thể tìm hiểu các trách nhiệm của cơ quan giải quyết thủ tục này ở đâu để nắm rõ quy trình làm việc của họ?",single_hop,abstractive,True,-1.0,-1.0,-0.1428571428571428,-0.3333333333333333,-0.1,0.0,0.041748251748251725,0.017832167832167817,-1.3797803490051557
vlrag-6972ddd02a,HybridOnly_minus_DenseOnly,"Doanh nghiệp của tôi có liên quan đến các thủ tục tín ngưỡng, tôn giáo được phân cấp, vậy tôi có thể tìm hiểu các trách nhiệm của cơ quan giải quyết thủ tục này ở đâu để nắm rõ quy trình làm việc của họ?",single_hop,abstractive,True,0.0,0.0,-0.3571428571428572,-0.2975964202381242,0.0,0.0,-0.04165562913907281,-0.0221854304635761,27.63322593642232
vlrag-6972ddd02a,HybridGraph_minus_DenseGraph,"Doanh nghiệp của tôi có liên quan đến các thủ tục tín ngưỡng, tôn giáo được phân cấp, vậy tôi có thể tìm hiểu các trách nhiệm của cơ quan giải quyết thủ tục này ở đâu để nắm rõ quy trình làm việc của họ?",single_hop,abstractive,True,-1.0,-1.0,-0.5,-0.6309297535714575,-0.1,0.0,-0.04454804454804456,-0.00994560994560989,26.533952425417457
vlrag-69965240a8,DenseGraph_minus_DenseOnly,"Gia đình tôi đang cần tìm căn cứ pháp lý để hiểu rõ về cơ cấu tổ chức và hoạt động của Trung tâm nuôi dạy trẻ em khó khăn tại Đà Nẵng để gửi đơn kiến nghị, xin hỏi văn bản nào quy định về việc này?",citation,extractive,True,-1.0,-1.0,-0.125,-0.3154648767857287,-0.1,0.0,0.01949317738791423,0.039311241065627,0.4867501309990985
vlrag-69965240a8,HybridGraph_minus_HybridOnly,"Gia đình tôi đang cần tìm căn cứ pháp lý để hiểu rõ về cơ cấu tổ chức và hoạt động của Trung tâm nuôi dạy trẻ em khó khăn tại Đà Nẵng để gửi đơn kiến nghị, xin hỏi văn bản nào quy định về việc này?",citation,extractive,True,0.0,0.0,0.0,0.0,0.0,0.0,0.06700775705561973,0.029707872586235418,0.38858976500341313
vlrag-69965240a8,HybridOnly_minus_DenseOnly,"Gia đình tôi đang cần tìm căn cứ pháp lý để hiểu rõ về cơ cấu tổ chức và hoạt động của Trung tâm nuôi dạy trẻ em khó khăn tại Đà Nẵng để gửi đơn kiến nghị, xin hỏi văn bản nào quy định về việc này?",citation,extractive,True,0.0,0.0,0.875,0.6845351232142713,0.0,0.0,-0.007139669790272196,0.019336605681987196,26.497914902422686
vlrag-69965240a8,HybridGraph_minus_DenseGraph,"Gia đình tôi đang cần tìm căn cứ pháp lý để hiểu rõ về cơ cấu tổ chức và hoạt động của Trung tâm nuôi dạy trẻ em khó khăn tại Đà Nẵng để gửi đơn kiến nghị, xin hỏi văn bản nào quy định về việc này?",citation,extractive,True,1.0,1.0,1.0,1.0,0.1,0.0,0.04037490987743331,0.009733237202595613,26.399754536427
vlrag-69dbbcd3df,DenseGraph_minus_DenseOnly,"Doanh nghiệp của tôi có nghe thông tin về Quyết định 06/2010/QĐ-UBND của UBND tỉnh Lâm Đồng liên quan đến việc đào tạo cán bộ ở nước ngoài, không biết quy định này có thật không và căn cứ vào văn bản nào của Bộ Nội vụ để ban hành?",citation,abstractive,True,0.0,0.0,0.0,0.0,0.0,0.0,0.0,0.0,-0.01722331300015867
vlrag-69dbbcd3df,HybridGraph_minus_HybridOnly,"Doanh nghiệp của tôi có nghe thông tin về Quyết định 06/2010/QĐ-UBND của UBND tỉnh Lâm Đồng liên quan đến việc đào tạo cán bộ ở nước ngoài, không biết quy định này có thật không và căn cứ vào văn bản nào của Bộ Nội vụ để ban hành?",citation,abstractive,True,-1.0,-1.0,-0.1428571428571428,-0.3333333333333333,-0.1,0.0,-0.05457875457875461,-0.11227106227106232,-2.068829130001177
vlrag-69dbbcd3df,HybridOnly_minus_DenseOnly,"Doanh nghiệp của tôi có nghe thông tin về Quyết định 06/2010/QĐ-UBND của UBND tỉnh Lâm Đồng liên quan đến việc đào tạo cán bộ ở nước ngoài, không biết quy định này có thật không và căn cứ vào văn bản nào của Bộ Nội vụ để ban hành?",citation,abstractive,True,0.0,0.0,-0.19047619047619052,-0.16666666666666669,0.0,0.0,-0.0196248196248196,-0.0196248196248196,28.412037444419127
vlrag-69dbbcd3df,HybridGraph_minus_DenseGraph,"Doanh nghiệp của tôi có nghe thông tin về Quyết định 06/2010/QĐ-UBND của UBND tỉnh Lâm Đồng liên quan đến việc đào tạo cán bộ ở nước ngoài, không biết quy định này có thật không và căn cứ vào văn bản nào của Bộ Nội vụ để ban hành?",citation,abstractive,True,-1.0,-1.0,-0.3333333333333333,-0.5,-0.1,0.0,-0.07420357420357421,-0.13189588189588192,26.36043162741811
vlrag-6a04d5dd54,DenseGraph_minus_DenseOnly,Nếu tôi có nhiều thành tích trong công tác tại ngành Tư pháp thì có trường hợp nào được xét tặng Kỷ niệm chương mà không cần phải thỏa mãn đủ các tiêu chuẩn thông thường không?,single_hop,unanswerable,False,0.0,0.0,0.0,0.0,0.0,0.0,0.012341615928912295,0.0098732927431298,-0.299327439000308
vlrag-6a04d5dd54,HybridGraph_minus_HybridOnly,Nếu tôi có nhiều thành tích trong công tác tại ngành Tư pháp thì có trường hợp nào được xét tặng Kỷ niệm chương mà không cần phải thỏa mãn đủ các tiêu chuẩn thông thường không?,single_hop,unanswerable,False,0.0,0.0,0.0,0.0,0.0,0.0,-0.0063113604488079095,-0.0050490883590463,0.8645570039989217
vlrag-6a04d5dd54,HybridOnly_minus_DenseOnly,Nếu tôi có nhiều thành tích trong công tác tại ngành Tư pháp thì có trường hợp nào được xét tặng Kỷ niệm chương mà không cần phải thỏa mãn đủ các tiêu chuẩn thông thường không?,single_hop,unanswerable,False,0.0,0.0,0.0,0.0,0.0,0.0,0.0022107590272660016,0.0017686072218127957,26.669149599422727
vlrag-6a04d5dd54,HybridGraph_minus_DenseGraph,Nếu tôi có nhiều thành tích trong công tác tại ngành Tư pháp thì có trường hợp nào được xét tặng Kỷ niệm chương mà không cần phải thỏa mãn đủ các tiêu chuẩn thông thường không?,single_hop,unanswerable,False,0.0,0.0,0.0,0.0,0.0,0.0,-0.016442217350454202,-0.013153773880363304,27.833034042421957
vlrag-6a345299b8,DenseGraph_minus_DenseOnly,Làm sao để tôi biết các quy định hiện hành về kế toán dành cho hợp tác xã tiểu công nghiệp và thủ công nghiệp để tránh làm sai?,single_hop,abstractive,True,-1.0,-1.0,-0.1666666666666666,-0.3562071871080222,-0.1,0.0,-0.021014272699665992,0.0044336471302763025,-1.061034755000037
vlrag-6a345299b8,HybridGraph_minus_HybridOnly,Làm sao để tôi biết các quy định hiện hành về kế toán dành cho hợp tác xã tiểu công nghiệp và thủ công nghiệp để tránh làm sai?,single_hop,abstractive,True,0.0,0.0,0.0,0.0,0.0,0.0,-0.0029037654262538126,-0.001893760060600408,-0.388006784000023
vlrag-6a345299b8,HybridOnly_minus_DenseOnly,Làm sao để tôi biết các quy định hiện hành về kế toán dành cho hợp tác xã tiểu công nghiệp và thủ công nghiệp để tránh làm sai?,single_hop,abstractive,True,0.0,0.0,0.8333333333333334,0.6437928128919779,0.0,0.0,-0.009775915698597093,0.0009521995810322093,25.556141659420692
vlrag-6a345299b8,HybridGraph_minus_DenseGraph,Làm sao để tôi biết các quy định hiện hành về kế toán dành cho hợp tác xã tiểu công nghiệp và thủ công nghiệp để tránh làm sai?,single_hop,abstractive,True,1.0,1.0,1.0,1.0,0.1,0.0,0.008334591574815087,-0.005375207609844501,26.229169630420706
vlrag-6ae307709f,DenseGraph_minus_DenseOnly,"Trong trường hợp doanh nghiệp của tôi muốn tham gia phát triển đào tạo nghề vùng đồng bằng sông Cửu Long theo quyết định của Thủ tướng, chúng tôi có nghĩa vụ phải thực hiện theo văn bản nào không?",single_hop,unanswerable,False,0.0,0.0,0.0,0.0,0.0,0.0,-0.0025702811244979994,-0.0025702811244979994,-1.5213163290009106
vlrag-6ae307709f,HybridGraph_minus_HybridOnly,"Trong trường hợp doanh nghiệp của tôi muốn tham gia phát triển đào tạo nghề vùng đồng bằng sông Cửu Long theo quyết định của Thủ tướng, chúng tôi có nghĩa vụ phải thực hiện theo văn bản nào không?",single_hop,unanswerable,False,0.0,0.0,0.0,0.0,0.0,0.0,0.0008818342151674999,0.0008818342151674999,-1.8393248840002272
vlrag-6ae307709f,HybridOnly_minus_DenseOnly,"Trong trường hợp doanh nghiệp của tôi muốn tham gia phát triển đào tạo nghề vùng đồng bằng sông Cửu Long theo quyết định của Thủ tướng, chúng tôi có nghĩa vụ phải thực hiện theo văn bản nào không?",single_hop,unanswerable,False,0.0,0.0,0.0,0.0,0.0,0.0,-0.0028571428571427977,-0.0028571428571427977,26.785887097420243
vlrag-6ae307709f,HybridGraph_minus_DenseGraph,"Trong trường hợp doanh nghiệp của tôi muốn tham gia phát triển đào tạo nghề vùng đồng bằng sông Cửu Long theo quyết định của Thủ tướng, chúng tôi có nghĩa vụ phải thực hiện theo văn bản nào không?",single_hop,unanswerable,False,0.0,0.0,0.0,0.0,0.0,0.0,0.0005949724825227015,0.0005949724825227015,26.467878542420927
vlrag-6b504cea3c,DenseGraph_minus_DenseOnly,Tôi muốn biết quy định pháp luật nào đang hướng dẫn về cơ chế quản lý tài chính áp dụng cho Đài Truyền hình Việt Nam để làm căn cứ trình bày trong văn bản gửi cơ quan chức năng?,citation,abstractive,True,0.0,0.0,0.0,0.0,0.0,0.0,-0.014730158730158704,-0.0152380952380953,4.429817936999825
vlrag-6b504cea3c,HybridGraph_minus_HybridOnly,Tôi muốn biết quy định pháp luật nào đang hướng dẫn về cơ chế quản lý tài chính áp dụng cho Đài Truyền hình Việt Nam để làm căn cứ trình bày trong văn bản gửi cơ quan chức năng?,citation,abstractive,True,0.0,0.0,0.0,0.0,0.0,0.0,0.016835016835016786,0.011784511784511814,3.036694069998699
vlrag-6b504cea3c,HybridOnly_minus_DenseOnly,Tôi muốn biết quy định pháp luật nào đang hướng dẫn về cơ chế quản lý tài chính áp dụng cho Đài Truyền hình Việt Nam để làm căn cứ trình bày trong văn bản gửi cơ quan chức năng?,citation,abstractive,True,0.0,0.0,0.0,0.0,0.0,0.0,0.02645502645502651,0.03439153439153439,24.24107843842302
vlrag-6b504cea3c,HybridGraph_minus_DenseGraph,Tôi muốn biết quy định pháp luật nào đang hướng dẫn về cơ chế quản lý tài chính áp dụng cho Đài Truyền hình Việt Nam để làm căn cứ trình bày trong văn bản gửi cơ quan chức năng?,citation,abstractive,True,0.0,0.0,0.0,0.0,0.0,0.0,0.058020202020202,0.061414141414141504,22.847954571421894
vlrag-6bfe090dff,DenseGraph_minus_DenseOnly,Làm sao để biết các quy định về bảo vệ công trình kè trên địa bàn tỉnh Bình Thuận mà tôi tìm thấy từ năm 2009 còn hiệu lực hay đã bị bãi bỏ?,legal_validity,abstractive,True,0.0,0.0,0.0,0.0,0.0,0.0,-0.027854132307128493,-0.027854132307128493,-6.151646574999631
vlrag-6bfe090dff,HybridGraph_minus_HybridOnly,Làm sao để biết các quy định về bảo vệ công trình kè trên địa bàn tỉnh Bình Thuận mà tôi tìm thấy từ năm 2009 còn hiệu lực hay đã bị bãi bỏ?,legal_validity,abstractive,True,0.0,0.0,0.0,0.0,0.0,0.0,-0.09400087578455708,-0.09400087578455708,0.9011175049999984
vlrag-6bfe090dff,HybridOnly_minus_DenseOnly,Làm sao để biết các quy định về bảo vệ công trình kè trên địa bàn tỉnh Bình Thuận mà tôi tìm thấy từ năm 2009 còn hiệu lực hay đã bị bãi bỏ?,legal_validity,abstractive,True,0.0,0.0,0.5,0.36907024642854247,0.0,0.0,-0.002530044275774801,-0.002530044275774801,20.135773794421485
vlrag-6bfe090dff,HybridGraph_minus_DenseGraph,Làm sao để biết các quy định về bảo vệ công trình kè trên địa bàn tỉnh Bình Thuận mà tôi tìm thấy từ năm 2009 còn hiệu lực hay đã bị bãi bỏ?,legal_validity,abstractive,True,0.0,0.0,0.5,0.36907024642854247,0.0,0.0,-0.06867678775320339,-0.06867678775320339,27.188537874421115
vlrag-6ca20a6a4f,DenseGraph_minus_DenseOnly,Nếu tôi muốn thực hiện các hoạt động trong khu vực vành đai biên giới tỉnh An Giang thì tôi cần liên hệ cơ quan nào để được hướng dẫn quản lý?,single_hop,abstractive,True,0.0,0.0,0.0,0.0,0.0,0.0,0.0030864197530864057,0.0030864197530864057,-0.4002341659988815
vlrag-6ca20a6a4f,HybridGraph_minus_HybridOnly,Nếu tôi muốn thực hiện các hoạt động trong khu vực vành đai biên giới tỉnh An Giang thì tôi cần liên hệ cơ quan nào để được hướng dẫn quản lý?,single_hop,abstractive,True,0.0,0.0,0.0,0.0,0.0,0.0,-0.0192307692307693,-0.0192307692307693,0.8734857690033131
vlrag-6ca20a6a4f,HybridOnly_minus_DenseOnly,Nếu tôi muốn thực hiện các hoạt động trong khu vực vành đai biên giới tỉnh An Giang thì tôi cần liên hệ cơ quan nào để được hướng dẫn quản lý?,single_hop,abstractive,True,0.0,0.0,-0.5,-0.36907024642854247,0.0,0.0,0.0030864197530864057,0.0030864197530864057,26.227025582422982
vlrag-6ca20a6a4f,HybridGraph_minus_DenseGraph,Nếu tôi muốn thực hiện các hoạt động trong khu vực vành đai biên giới tỉnh An Giang thì tôi cần liên hệ cơ quan nào để được hướng dẫn quản lý?,single_hop,abstractive,True,0.0,0.0,-0.5,-0.36907024642854247,0.0,0.0,-0.0192307692307693,-0.0192307692307693,27.500745517425177
vlrag-6ccf049f50,DenseGraph_minus_DenseOnly,Làm sao để biết quyết định cũ về việc tặng Kỷ niệm chương từ năm 1995 có còn giá trị sử dụng để giải quyết hồ sơ cho người dân hiện nay không?,legal_validity,boolean,True,0.0,0.0,0.0,0.0,0.0,0.0,0.0,0.0,-0.34530900400000064
vlrag-6ccf049f50,HybridGraph_minus_HybridOnly,Làm sao để biết quyết định cũ về việc tặng Kỷ niệm chương từ năm 1995 có còn giá trị sử dụng để giải quyết hồ sơ cho người dân hiện nay không?,legal_validity,boolean,True,0.0,0.0,0.0,0.0,0.0,0.0,0.003770739064856702,0.003770739064856702,-1.1596093899988738
vlrag-6ccf049f50,HybridOnly_minus_DenseOnly,Làm sao để biết quyết định cũ về việc tặng Kỷ niệm chương từ năm 1995 có còn giá trị sử dụng để giải quyết hồ sơ cho người dân hiện nay không?,legal_validity,boolean,True,0.0,0.0,0.0,0.0,0.0,0.0,-0.008257279443720102,-0.008257279443720102,28.09213422241936
vlrag-6ccf049f50,HybridGraph_minus_DenseGraph,Làm sao để biết quyết định cũ về việc tặng Kỷ niệm chương từ năm 1995 có còn giá trị sử dụng để giải quyết hồ sơ cho người dân hiện nay không?,legal_validity,boolean,True,0.0,0.0,0.0,0.0,0.0,0.0,-0.0044865403788634,-0.0044865403788634,27.277833836420488
vlrag-6d0732e03a,DenseGraph_minus_DenseOnly,"Chúng tôi đang tìm hiểu về cơ chế quản lý tài chính đối với Đài Truyền hình Việt Nam, vậy khi thực hiện các thủ tục theo quy định này thì chúng tôi có phải đóng phí hay lệ phí gì cho Nhà nước không?",single_hop,unanswerable,False,0.0,0.0,0.0,0.0,0.0,0.0,0.0,0.0,0.9566827550002017
vlrag-6d0732e03a,HybridGraph_minus_HybridOnly,"Chúng tôi đang tìm hiểu về cơ chế quản lý tài chính đối với Đài Truyền hình Việt Nam, vậy khi thực hiện các thủ tục theo quy định này thì chúng tôi có phải đóng phí hay lệ phí gì cho Nhà nước không?",single_hop,unanswerable,False,0.0,0.0,0.0,0.0,0.0,0.0,0.0,0.0,-2.396205114000619
vlrag-6d0732e03a,HybridOnly_minus_DenseOnly,"Chúng tôi đang tìm hiểu về cơ chế quản lý tài chính đối với Đài Truyền hình Việt Nam, vậy khi thực hiện các thủ tục theo quy định này thì chúng tôi có phải đóng phí hay lệ phí gì cho Nhà nước không?",single_hop,unanswerable,False,0.0,0.0,0.0,0.0,0.0,0.0,0.0,0.0,30.96067473442116
vlrag-6d0732e03a,HybridGraph_minus_DenseGraph,"Chúng tôi đang tìm hiểu về cơ chế quản lý tài chính đối với Đài Truyền hình Việt Nam, vậy khi thực hiện các thủ tục theo quy định này thì chúng tôi có phải đóng phí hay lệ phí gì cho Nhà nước không?",single_hop,unanswerable,False,0.0,0.0,0.0,0.0,0.0,0.0,0.0,0.0,27.60778686542034
vlrag-6d25245f72,DenseGraph_minus_DenseOnly,"Doanh nghiệp của tôi có liên quan đến việc thi hành Quyết định 91/2002/QĐ-UB, nếu chúng tôi không thực hiện đúng theo các yêu cầu trong quyết định này thì cơ quan nào có trách nhiệm xử lý?",single_hop,unanswerable,False,0.0,0.0,0.0,0.0,0.0,0.0,-0.07333333333333339,-0.0971428571428572,1.1024054570007138
vlrag-6d25245f72,HybridGraph_minus_HybridOnly,"Doanh nghiệp của tôi có liên quan đến việc thi hành Quyết định 91/2002/QĐ-UB, nếu chúng tôi không thực hiện đúng theo các yêu cầu trong quyết định này thì cơ quan nào có trách nhiệm xử lý?",single_hop,unanswerable,False,0.0,0.0,0.0,0.0,0.0,0.0,0.036120401337792596,0.027090301003344502,0.8136637999996275
vlrag-6d25245f72,HybridOnly_minus_DenseOnly,"Doanh nghiệp của tôi có liên quan đến việc thi hành Quyết định 91/2002/QĐ-UB, nếu chúng tôi không thực hiện đúng theo các yêu cầu trong quyết định này thì cơ quan nào có trách nhiệm xử lý?",single_hop,unanswerable,False,0.0,0.0,0.0,0.0,0.0,0.0,-0.1530434782608696,-0.1747826086956522,27.828336025426953
vlrag-6d25245f72,HybridGraph_minus_DenseGraph,"Doanh nghiệp của tôi có liên quan đến việc thi hành Quyết định 91/2002/QĐ-UB, nếu chúng tôi không thực hiện đúng theo các yêu cầu trong quyết định này thì cơ quan nào có trách nhiệm xử lý?",single_hop,unanswerable,False,0.0,0.0,0.0,0.0,0.0,0.0,-0.0435897435897436,-0.050549450549450495,27.539594368425867
vlrag-6dfcc4c773,DenseGraph_minus_DenseOnly,"Trong trường hợp tôi cần làm việc với cơ quan chức năng về giá đất năm 2012 tại tỉnh Lai Châu, tôi có thể trích dẫn văn bản nào để đảm bảo tính pháp lý về việc phê chuẩn giá các loại đất này?",citation,extractive,True,0.0,0.0,0.0,0.0,0.0,0.0,0.11477411477411481,0.0799200799200799,-1.9057445709995586
vlrag-6dfcc4c773,HybridGraph_minus_HybridOnly,"Trong trường hợp tôi cần làm việc với cơ quan chức năng về giá đất năm 2012 tại tỉnh Lai Châu, tôi có thể trích dẫn văn bản nào để đảm bảo tính pháp lý về việc phê chuẩn giá các loại đất này?",citation,extractive,True,0.0,0.0,0.0,0.0,0.0,0.0,0.05417118093174422,0.0310581437342001,-0.364752886001952
vlrag-6dfcc4c773,HybridOnly_minus_DenseOnly,"Trong trường hợp tôi cần làm việc với cơ quan chức năng về giá đất năm 2012 tại tỉnh Lai Châu, tôi có thể trích dẫn văn bản nào để đảm bảo tính pháp lý về việc phê chuẩn giá các loại đất này?",citation,extractive,True,0.0,0.0,0.0,0.0,0.0,0.0,0.08258095582039249,0.07150595882990249,25.66975168642256
vlrag-6dfcc4c773,HybridGraph_minus_DenseGraph,"Trong trường hợp tôi cần làm việc với cơ quan chức năng về giá đất năm 2012 tại tỉnh Lai Châu, tôi có thể trích dẫn văn bản nào để đảm bảo tính pháp lý về việc phê chuẩn giá các loại đất này?",citation,extractive,True,0.0,0.0,0.0,0.0,0.0,0.0,0.0219780219780219,0.022644022644022682,27.21074337142017
vlrag-6e1947eae3,DenseGraph_minus_DenseOnly,Làm sao để biết các quy định cũ về tiêu chuẩn ngành đường sắt năm 2005 của tôi còn hiệu lực hay không?,single_hop,abstractive,True,0.0,0.0,0.0,0.0,0.0,0.0,-0.056417112299465194,-0.0200534759358289,1.6433917920003296
vlrag-6e1947eae3,HybridGraph_minus_HybridOnly,Làm sao để biết các quy định cũ về tiêu chuẩn ngành đường sắt năm 2005 của tôi còn hiệu lực hay không?,single_hop,abstractive,True,0.0,0.0,0.0,0.0,0.0,0.0,-0.02668750375668688,0.00384684738835131,-1.0543887520034296
vlrag-6e1947eae3,HybridOnly_minus_DenseOnly,Làm sao để biết các quy định cũ về tiêu chuẩn ngành đường sắt năm 2005 của tôi còn hiệu lực hay không?,single_hop,abstractive,True,0.0,0.0,0.0,0.0,0.0,0.0,-0.0655100624566273,-0.0596807772380292,27.971464422419274
vlrag-6e1947eae3,HybridGraph_minus_DenseGraph,Làm sao để biết các quy định cũ về tiêu chuẩn ngành đường sắt năm 2005 của tôi còn hiệu lực hay không?,single_hop,abstractive,True,0.0,0.0,0.0,0.0,0.0,0.0,-0.035780453913848986,-0.035780453913848986,25.273683878415515
vlrag-6e1f48be0b,DenseGraph_minus_DenseOnly,"Trong trường hợp tôi đang xem xét lại hồ sơ chi trả cho đội tuyên truyền lưu động tại Hà Giang, thì quy định này dựa trên văn bản pháp lý nào của Nhà nước?",citation,abstractive,True,0.0,0.0,0.0,0.0,0.0,0.0,0.04462406331565211,0.047318346383767,-1.2127232120001281
vlrag-6e1f48be0b,HybridGraph_minus_HybridOnly,"Trong trường hợp tôi đang xem xét lại hồ sơ chi trả cho đội tuyên truyền lưu động tại Hà Giang, thì quy định này dựa trên văn bản pháp lý nào của Nhà nước?",citation,abstractive,True,0.0,0.0,0.0,0.0,0.0,0.0,0.0,0.0,-1.1640165859989793
vlrag-6e1f48be0b,HybridOnly_minus_DenseOnly,"Trong trường hợp tôi đang xem xét lại hồ sơ chi trả cho đội tuyên truyền lưu động tại Hà Giang, thì quy định này dựa trên văn bản pháp lý nào của Nhà nước?",citation,abstractive,True,0.0,0.0,0.8,0.6131471927654584,0.0,0.0,-0.11431382193802267,-0.0816527299557304,26.12851747741883
vlrag-6e1f48be0b,HybridGraph_minus_DenseGraph,"Trong trường hợp tôi đang xem xét lại hồ sơ chi trả cho đội tuyên truyền lưu động tại Hà Giang, thì quy định này dựa trên văn bản pháp lý nào của Nhà nước?",citation,abstractive,True,0.0,0.0,0.8,0.6131471927654584,0.0,0.0,-0.15893788525367478,-0.1289710763394974,26.177224103419977
vlrag-6f3e1c1e6d,DenseGraph_minus_DenseOnly,Nếu tôi muốn áp dụng các quy định cũ về tổ chức nuôi dạy trẻ trước đây tại Đà Nẵng thì hiện nay có được phép không?,single_hop,boolean,True,0.0,0.0,0.0,0.0,0.0,0.0,0.0,0.0,-4.198402664999776
vlrag-6f3e1c1e6d,HybridGraph_minus_HybridOnly,Nếu tôi muốn áp dụng các quy định cũ về tổ chức nuôi dạy trẻ trước đây tại Đà Nẵng thì hiện nay có được phép không?,single_hop,boolean,True,0.0,0.0,0.0,0.0,0.0,0.0,0.0,0.0,0.3445304720007698
vlrag-6f3e1c1e6d,HybridOnly_minus_DenseOnly,Nếu tôi muốn áp dụng các quy định cũ về tổ chức nuôi dạy trẻ trước đây tại Đà Nẵng thì hiện nay có được phép không?,single_hop,boolean,True,0.0,0.0,-0.6666666666666667,-0.5,0.0,0.0,0.1327683615819209,0.1327683615819209,22.881185372418887
vlrag-6f3e1c1e6d,HybridGraph_minus_DenseGraph,Nếu tôi muốn áp dụng các quy định cũ về tổ chức nuôi dạy trẻ trước đây tại Đà Nẵng thì hiện nay có được phép không?,single_hop,boolean,True,0.0,0.0,-0.6666666666666667,-0.5,0.0,0.0,0.1327683615819209,0.1327683615819209,27.424118509419433
vlrag-6f59bbf161,DenseGraph_minus_DenseOnly,"Trong trường hợp tôi muốn phân phối vé xổ số bóc ở khu vực miền Trung, cụ thể là tại tỉnh Quảng Bình, thì có được phép không?",single_hop,boolean,True,0.0,0.0,0.0,0.0,0.0,0.0,0.0,0.0,0.8840294639994681
vlrag-6f59bbf161,HybridGraph_minus_HybridOnly,"Trong trường hợp tôi muốn phân phối vé xổ số bóc ở khu vực miền Trung, cụ thể là tại tỉnh Quảng Bình, thì có được phép không?",single_hop,boolean,True,0.0,0.0,-0.1333333333333333,-0.11314719276545843,0.0,0.0,0.0,0.0,-0.8657124159999583
vlrag-6f59bbf161,HybridOnly_minus_DenseOnly,"Trong trường hợp tôi muốn phân phối vé xổ số bóc ở khu vực miền Trung, cụ thể là tại tỉnh Quảng Bình, thì có được phép không?",single_hop,boolean,True,1.0,1.0,0.3333333333333333,0.5,0.1,0.0,-0.1666666666666666,-0.1666666666666666,25.786271288422263
vlrag-6f59bbf161,HybridGraph_minus_DenseGraph,"Trong trường hợp tôi muốn phân phối vé xổ số bóc ở khu vực miền Trung, cụ thể là tại tỉnh Quảng Bình, thì có được phép không?",single_hop,boolean,True,1.0,1.0,0.2,0.3868528072345416,0.1,0.0,-0.1666666666666666,-0.1666666666666666,24.036529408422837
vlrag-6f87c95c3a,DenseGraph_minus_DenseOnly,"Trong trường hợp tôi muốn tìm hiểu về tổ chức và hoạt động của Hội đồng nhân dân và Ủy ban nhân dân các cấp theo quy định của pháp luật hiện hành, tôi có thể tham khảo văn bản nào?",single_hop,abstractive,True,0.0,0.0,0.0,0.0,0.0,0.0,0.004373305344179124,0.022391323362197124,1.026057650000439
vlrag-6f87c95c3a,HybridGraph_minus_HybridOnly,"Trong trường hợp tôi muốn tìm hiểu về tổ chức và hoạt động của Hội đồng nhân dân và Ủy ban nhân dân các cấp theo quy định của pháp luật hiện hành, tôi có thể tham khảo văn bản nào?",single_hop,abstractive,True,0.0,0.0,0.0,0.0,0.0,0.0,0.0407925407925408,0.0407925407925408,-0.4026729429988336
vlrag-6f87c95c3a,HybridOnly_minus_DenseOnly,"Trong trường hợp tôi muốn tìm hiểu về tổ chức và hoạt động của Hội đồng nhân dân và Ủy ban nhân dân các cấp theo quy định của pháp luật hiện hành, tôi có thể tham khảo văn bản nào?",single_hop,abstractive,True,0.0,0.0,0.0,0.0,0.0,0.0,0.01187551187551189,0.02989352989352989,27.26383706542237
vlrag-6f87c95c3a,HybridGraph_minus_DenseGraph,"Trong trường hợp tôi muốn tìm hiểu về tổ chức và hoạt động của Hội đồng nhân dân và Ủy ban nhân dân các cấp theo quy định của pháp luật hiện hành, tôi có thể tham khảo văn bản nào?",single_hop,abstractive,True,0.0,0.0,0.0,0.0,0.0,0.0,0.048294747323873566,0.048294747323873566,25.835106472423096
vlrag-706fa99ba1,DenseGraph_minus_DenseOnly,"Chúng tôi đang tham gia một dự án liên quan đến trẻ em, liệu có ngoại lệ nào cho phép cơ quan chúng tôi tự ý quyết định việc nuôi con nuôi có yếu tố nước ngoài mà không cần phối hợp với cơ quan nhà nước không?",single_hop,boolean,True,0.0,0.0,0.0,0.0,0.0,0.0,0.0,0.0,0.9869044180004494
vlrag-706fa99ba1,HybridGraph_minus_HybridOnly,"Chúng tôi đang tham gia một dự án liên quan đến trẻ em, liệu có ngoại lệ nào cho phép cơ quan chúng tôi tự ý quyết định việc nuôi con nuôi có yếu tố nước ngoài mà không cần phối hợp với cơ quan nhà nước không?",single_hop,boolean,True,0.0,0.0,0.0,0.0,0.0,0.0,0.0,0.0,-0.19644946799963137
vlrag-706fa99ba1,HybridOnly_minus_DenseOnly,"Chúng tôi đang tham gia một dự án liên quan đến trẻ em, liệu có ngoại lệ nào cho phép cơ quan chúng tôi tự ý quyết định việc nuôi con nuôi có yếu tố nước ngoài mà không cần phối hợp với cơ quan nhà nước không?",single_hop,boolean,True,0.0,0.0,0.0,0.0,0.0,0.0,0.0,0.0,25.543000100421242
vlrag-706fa99ba1,HybridGraph_minus_DenseGraph,"Chúng tôi đang tham gia một dự án liên quan đến trẻ em, liệu có ngoại lệ nào cho phép cơ quan chúng tôi tự ý quyết định việc nuôi con nuôi có yếu tố nước ngoài mà không cần phối hợp với cơ quan nhà nước không?",single_hop,boolean,True,0.0,0.0,0.0,0.0,0.0,0.0,0.0,0.0,24.35964621442116
vlrag-70ec52cb17,DenseGraph_minus_DenseOnly,"Gia đình tôi đang có người làm kế toán trưởng cho một đơn vị sự nghiệp nhà nước, nếu người này không thực hiện đúng quy định về bổ nhiệm hoặc bãi miễn thì có bị xử lý gì không?",single_hop,unanswerable,False,0.0,0.0,0.0,0.0,0.0,0.0,0.015988372093023298,0.015988372093023298,1.0104656650000834
vlrag-70ec52cb17,HybridGraph_minus_HybridOnly,"Gia đình tôi đang có người làm kế toán trưởng cho một đơn vị sự nghiệp nhà nước, nếu người này không thực hiện đúng quy định về bổ nhiệm hoặc bãi miễn thì có bị xử lý gì không?",single_hop,unanswerable,False,0.0,0.0,0.0,0.0,0.0,0.0,-0.0006660006660007059,-0.0006660006660007059,-0.4345943999996962
vlrag-70ec52cb17,HybridOnly_minus_DenseOnly,"Gia đình tôi đang có người làm kế toán trưởng cho một đơn vị sự nghiệp nhà nước, nếu người này không thực hiện đúng quy định về bổ nhiệm hoặc bãi miễn thì có bị xử lý gì không?",single_hop,unanswerable,False,0.0,0.0,0.0,0.0,0.0,0.0,0.005436424041075201,0.005436424041075201,24.25360613442098
vlrag-70ec52cb17,HybridGraph_minus_DenseGraph,"Gia đình tôi đang có người làm kế toán trưởng cho một đơn vị sự nghiệp nhà nước, nếu người này không thực hiện đúng quy định về bổ nhiệm hoặc bãi miễn thì có bị xử lý gì không?",single_hop,unanswerable,False,0.0,0.0,0.0,0.0,0.0,0.0,-0.011217948717948803,-0.011217948717948803,22.8085460694212
vlrag-71f687ab53,DenseGraph_minus_DenseOnly,Làm sao để tôi có thể xem nội dung quyết định bãi bỏ các văn bản quy phạm pháp luật của tỉnh Đắk Lắk mà không phải đến trực tiếp cơ quan nhà nước?,single_hop,abstractive,True,0.0,0.0,0.0,0.0,0.0,0.0,0.05413945649884133,-0.022119233199915767,-0.3307555909996154
vlrag-71f687ab53,HybridGraph_minus_HybridOnly,Làm sao để tôi có thể xem nội dung quyết định bãi bỏ các văn bản quy phạm pháp luật của tỉnh Đắk Lắk mà không phải đến trực tiếp cơ quan nhà nước?,single_hop,abstractive,True,0.0,0.0,0.0,0.0,0.0,0.0,0.041943521594684285,-0.06187707641196011,-1.3384648689971073
vlrag-71f687ab53,HybridOnly_minus_DenseOnly,Làm sao để tôi có thể xem nội dung quyết định bãi bỏ các văn bản quy phạm pháp luật của tỉnh Đắk Lắk mà không phải đến trực tiếp cơ quan nhà nước?,single_hop,abstractive,True,0.0,0.0,-0.16666666666666669,-0.13092975357145753,0.0,0.0,0.08472644376899702,0.09156534954407292,26.39993974842236
vlrag-71f687ab53,HybridGraph_minus_DenseGraph,Làm sao để tôi có thể xem nội dung quyết định bãi bỏ các văn bản quy phạm pháp luật của tỉnh Đắk Lắk mà không phải đến trực tiếp cơ quan nhà nước?,single_hop,abstractive,True,0.0,0.0,-0.16666666666666669,-0.13092975357145753,0.0,0.0,0.07253050886483997,0.051807506332028574,25.392230470424867
vlrag-75836911c3,DenseGraph_minus_DenseOnly,Gia đình tôi muốn biết văn bản nào quy định về việc đào tạo sau đại học ở nước ngoài bằng ngân sách tỉnh Cà Mau để chúng tôi làm căn cứ bảo vệ quyền lợi khi làm hồ sơ?,citation,extractive,True,0.0,0.0,0.0,0.0,0.0,0.0,0.034375335696637616,0.025781501772478288,1.895599319998837
vlrag-75836911c3,HybridGraph_minus_HybridOnly,Gia đình tôi muốn biết văn bản nào quy định về việc đào tạo sau đại học ở nước ngoài bằng ngân sách tỉnh Cà Mau để chúng tôi làm căn cứ bảo vệ quyền lợi khi làm hồ sơ?,citation,extractive,True,-1.0,-1.0,-0.1428571428571428,-0.3333333333333333,-0.1,0.0,0.012173913043478285,0.012173913043478285,-0.12273054600518662
vlrag-75836911c3,HybridOnly_minus_DenseOnly,Gia đình tôi muốn biết văn bản nào quy định về việc đào tạo sau đại học ở nước ngoài bằng ngân sách tỉnh Cà Mau để chúng tôi làm căn cứ bảo vệ quyền lợi khi làm hồ sơ?,citation,extractive,True,1.0,1.0,0.1428571428571428,0.3333333333333333,0.1,0.0,-0.00953271028037389,0.0278504672897196,26.0909553264234
vlrag-75836911c3,HybridGraph_minus_DenseGraph,Gia đình tôi muốn biết văn bản nào quy định về việc đào tạo sau đại học ở nước ngoài bằng ngân sách tỉnh Cà Mau để chúng tôi làm căn cứ bảo vệ quyền lợi khi làm hồ sơ?,citation,extractive,True,0.0,0.0,0.0,0.0,0.0,0.0,-0.03173413293353322,0.014242878560719596,24.072625460419378
vlrag-759db6ffda,DenseGraph_minus_DenseOnly,"Trong trường hợp tôi muốn biết quy định hệ số điều chỉnh giá đất năm 2023 trên địa bàn tỉnh Lào Cai được căn cứ từ những văn bản nào, tôi có thể tìm thông tin đó ở đâu?",citation,abstractive,True,0.0,0.0,0.0,0.0,0.0,0.0,0.015319148936170202,0.004822695035461011,2.316855028999953
vlrag-759db6ffda,HybridGraph_minus_HybridOnly,"Trong trường hợp tôi muốn biết quy định hệ số điều chỉnh giá đất năm 2023 trên địa bàn tỉnh Lào Cai được căn cứ từ những văn bản nào, tôi có thể tìm thông tin đó ở đâu?",citation,abstractive,True,0.0,0.0,0.0,0.0,0.0,0.0,-0.004095004095004101,-0.010647010647010596,-0.5443705199995748
vlrag-759db6ffda,HybridOnly_minus_DenseOnly,"Trong trường hợp tôi muốn biết quy định hệ số điều chỉnh giá đất năm 2023 trên địa bàn tỉnh Lào Cai được căn cứ từ những văn bản nào, tôi có thể tìm thông tin đó ở đâu?",citation,abstractive,True,-1.0,-1.0,-0.2,-0.3868528072345416,-0.1,0.0,-0.02378378378378379,-0.024504504504504504,23.965082004420484
vlrag-759db6ffda,HybridGraph_minus_DenseGraph,"Trong trường hợp tôi muốn biết quy định hệ số điều chỉnh giá đất năm 2023 trên địa bàn tỉnh Lào Cai được căn cứ từ những văn bản nào, tôi có thể tìm thông tin đó ở đâu?",citation,abstractive,True,-1.0,-1.0,-0.2,-0.3868528072345416,-0.1,0.0,-0.04319793681495809,-0.03997421018697611,21.103856455420956
vlrag-75d42961cb,DenseGraph_minus_DenseOnly,"Sắp tới tôi muốn làm dự án khoa học công nghệ cấp bộ lĩnh vực thủy sản, tôi cần căn cứ vào văn bản nào để đảm bảo tính pháp lý khi gửi hồ sơ?",citation,abstractive,True,0.0,0.0,0.0,0.0,0.0,0.0,0.014011574779165481,0.0438623210478222,1.1970455579998998
vlrag-75d42961cb,HybridGraph_minus_HybridOnly,"Sắp tới tôi muốn làm dự án khoa học công nghệ cấp bộ lĩnh vực thủy sản, tôi cần căn cứ vào văn bản nào để đảm bảo tính pháp lý khi gửi hồ sơ?",citation,abstractive,True,0.0,0.0,0.0,0.0,0.0,0.0,-0.051841288482509795,-0.0756647932220452,1.1700536040007137
vlrag-75d42961cb,HybridOnly_minus_DenseOnly,"Sắp tới tôi muốn làm dự án khoa học công nghệ cấp bộ lĩnh vực thủy sản, tôi cần căn cứ vào văn bản nào để đảm bảo tính pháp lý khi gửi hồ sơ?",citation,abstractive,True,0.0,0.0,0.0,0.0,0.0,0.0,0.07052648843693618,0.078399212727571,27.210131885420367
vlrag-75d42961cb,HybridGraph_minus_DenseGraph,"Sắp tới tôi muốn làm dự án khoa học công nghệ cấp bộ lĩnh vực thủy sản, tôi cần căn cứ vào văn bản nào để đảm bảo tính pháp lý khi gửi hồ sơ?",citation,abstractive,True,0.0,0.0,0.0,0.0,0.0,0.0,0.004673625175260904,-0.0411279015422964,27.18313993142118
vlrag-778533a41c,DenseGraph_minus_DenseOnly,"Có cần phải thực hiện các hoạt động bảo vệ, chăm sóc trẻ em vào đúng khoảng thời gian từ 15/5 đến 30/6 hàng năm theo quy định tại Chỉ thị 14/2008/CT-UBND không?",citation,boolean,True,0.0,0.0,0.0,0.0,0.0,0.0,0.0,0.0,-2.1627172280000186
vlrag-778533a41c,HybridGraph_minus_HybridOnly,"Có cần phải thực hiện các hoạt động bảo vệ, chăm sóc trẻ em vào đúng khoảng thời gian từ 15/5 đến 30/6 hàng năm theo quy định tại Chỉ thị 14/2008/CT-UBND không?",citation,boolean,True,0.0,0.0,0.0,0.0,0.0,0.0,0.0,0.0,-0.8171805999991193
vlrag-778533a41c,HybridOnly_minus_DenseOnly,"Có cần phải thực hiện các hoạt động bảo vệ, chăm sóc trẻ em vào đúng khoảng thời gian từ 15/5 đến 30/6 hàng năm theo quy định tại Chỉ thị 14/2008/CT-UBND không?",citation,boolean,True,0.0,0.0,0.6666666666666667,0.5,0.0,0.0,0.0,0.0,24.17493787142275
vlrag-778533a41c,HybridGraph_minus_DenseGraph,"Có cần phải thực hiện các hoạt động bảo vệ, chăm sóc trẻ em vào đúng khoảng thời gian từ 15/5 đến 30/6 hàng năm theo quy định tại Chỉ thị 14/2008/CT-UBND không?",citation,boolean,True,0.0,0.0,0.6666666666666667,0.5,0.0,0.0,0.0,0.0,25.52047449942365
vlrag-77991beb60,DenseGraph_minus_DenseOnly,"Gia đình tôi rất quan tâm đến việc thị trấn Đức Hòa lên đô thị loại IV, tôi có thể theo dõi, giám sát quá trình thực hiện nghị quyết này của chính quyền địa phương thông qua kênh nào hoặc bằng cách nào?",single_hop,abstractive,True,0.0,0.0,0.0,0.0,0.0,0.0,0.2727272727272728,0.1981818181818182,-8.274301956000272
vlrag-77991beb60,HybridGraph_minus_HybridOnly,"Gia đình tôi rất quan tâm đến việc thị trấn Đức Hòa lên đô thị loại IV, tôi có thể theo dõi, giám sát quá trình thực hiện nghị quyết này của chính quyền địa phương thông qua kênh nào hoặc bằng cách nào?",single_hop,abstractive,True,0.0,0.0,0.0,0.0,0.0,0.0,0.1144781144781144,0.021548821548821484,-1.5796571230002847
vlrag-77991beb60,HybridOnly_minus_DenseOnly,"Gia đình tôi rất quan tâm đến việc thị trấn Đức Hòa lên đô thị loại IV, tôi có thể theo dõi, giám sát quá trình thực hiện nghị quyết này của chính quyền địa phương thông qua kênh nào hoặc bằng cách nào?",single_hop,abstractive,True,0.0,0.0,-0.6666666666666667,-0.5,0.0,0.0,0.1430976430976432,0.0996632996632997,18.31779365342362
vlrag-77991beb60,HybridGraph_minus_DenseGraph,"Gia đình tôi rất quan tâm đến việc thị trấn Đức Hòa lên đô thị loại IV, tôi có thể theo dõi, giám sát quá trình thực hiện nghị quyết này của chính quyền địa phương thông qua kênh nào hoặc bằng cách nào?",single_hop,abstractive,True,0.0,0.0,-0.6666666666666667,-0.5,0.0,0.0,-0.015151515151515194,-0.07696969696969702,25.01243848642361
vlrag-77d13431b4,DenseGraph_minus_DenseOnly,"Sắp tới tôi đang được phân công tham gia vào Hội đồng phối hợp phổ biến, giáo dục pháp luật ở huyện, nếu trong quá trình thực hiện nhiệm vụ mà thành viên Hội đồng làm sai hoặc không thực hiện đúng trách nhiệm thì sẽ bị xử lý như thế nào?",single_hop,unanswerable,False,0.0,0.0,0.0,0.0,0.0,0.0,-0.0233177881412392,-0.0243171219187208,-1.8474372189998567
vlrag-77d13431b4,HybridGraph_minus_HybridOnly,"Sắp tới tôi đang được phân công tham gia vào Hội đồng phối hợp phổ biến, giáo dục pháp luật ở huyện, nếu trong quá trình thực hiện nhiệm vụ mà thành viên Hội đồng làm sai hoặc không thực hiện đúng trách nhiệm thì sẽ bị xử lý như thế nào?",single_hop,unanswerable,False,0.0,0.0,0.0,0.0,0.0,0.0,0.5760233918128655,0.6038011695906433,-1.2237972599996283
vlrag-77d13431b4,HybridOnly_minus_DenseOnly,"Sắp tới tôi đang được phân công tham gia vào Hội đồng phối hợp phổ biến, giáo dục pháp luật ở huyện, nếu trong quá trình thực hiện nhiệm vụ mà thành viên Hội đồng làm sai hoặc không thực hiện đúng trách nhiệm thì sẽ bị xử lý như thế nào?",single_hop,unanswerable,False,0.0,0.0,0.0,0.0,0.0,0.0,-0.0203938115330521,-0.0228551336146273,25.26875258441868
vlrag-77d13431b4,HybridGraph_minus_DenseGraph,"Sắp tới tôi đang được phân công tham gia vào Hội đồng phối hợp phổ biến, giáo dục pháp luật ở huyện, nếu trong quá trình thực hiện nhiệm vụ mà thành viên Hội đồng làm sai hoặc không thực hiện đúng trách nhiệm thì sẽ bị xử lý như thế nào?",single_hop,unanswerable,False,0.0,0.0,0.0,0.0,0.0,0.0,0.5789473684210527,0.6052631578947368,25.89239254341891
vlrag-77f787f8c6,DenseGraph_minus_DenseOnly,"Sắp tới tôi dự định làm thủ tục nhận con nuôi có yếu tố nước ngoài, có người nói tỉnh Hà Tĩnh đã có văn bản riêng về quy chế phối hợp liên ngành này, không biết đó là văn bản nào?",citation,extractive,True,0.0,0.0,0.0,0.0,0.0,0.0,0.0012987012987012991,0.000649350649350601,0.4889927739995983
vlrag-77f787f8c6,HybridGraph_minus_HybridOnly,"Sắp tới tôi dự định làm thủ tục nhận con nuôi có yếu tố nước ngoài, có người nói tỉnh Hà Tĩnh đã có văn bản riêng về quy chế phối hợp liên ngành này, không biết đó là văn bản nào?",citation,extractive,True,0.0,0.0,0.0,0.0,0.0,0.0,-0.021212121212121196,-0.021212121212121196,-0.09209432300121989
vlrag-77f787f8c6,HybridOnly_minus_DenseOnly,"Sắp tới tôi dự định làm thủ tục nhận con nuôi có yếu tố nước ngoài, có người nói tỉnh Hà Tĩnh đã có văn bản riêng về quy chế phối hợp liên ngành này, không biết đó là văn bản nào?",citation,extractive,True,0.0,0.0,0.0,0.0,0.0,0.0,0.049783549783549805,0.0854978354978355,26.52206004842191
vlrag-77f787f8c6,HybridGraph_minus_DenseGraph,"Sắp tới tôi dự định làm thủ tục nhận con nuôi có yếu tố nước ngoài, có người nói tỉnh Hà Tĩnh đã có văn bản riêng về quy chế phối hợp liên ngành này, không biết đó là văn bản nào?",citation,extractive,True,0.0,0.0,0.0,0.0,0.0,0.0,0.02727272727272731,0.06363636363636371,25.94097295142109
vlrag-796eb8f064,DenseGraph_minus_DenseOnly,"Chúng tôi đang xử lý hồ sơ cho một cụ ông 80 tuổi tại Hậu Giang, có người nói mức quà tặng cho cụ là 600.000 đồng, thông tin này có chính xác theo văn bản quy định của tỉnh không?",citation,boolean,True,-1.0,-1.0,-0.1666666666666666,-0.3562071871080222,-0.1,0.0,0.0,0.0,4.4384602219988665
vlrag-796eb8f064,HybridGraph_minus_HybridOnly,"Chúng tôi đang xử lý hồ sơ cho một cụ ông 80 tuổi tại Hậu Giang, có người nói mức quà tặng cho cụ là 600.000 đồng, thông tin này có chính xác theo văn bản quy định của tỉnh không?",citation,boolean,True,0.0,0.0,0.0,0.0,0.0,0.0,0.1666666666666666,0.1666666666666666,-0.7497179159981897
vlrag-796eb8f064,HybridOnly_minus_DenseOnly,"Chúng tôi đang xử lý hồ sơ cho một cụ ông 80 tuổi tại Hậu Giang, có người nói mức quà tặng cho cụ là 600.000 đồng, thông tin này có chính xác theo văn bản quy định của tỉnh không?",citation,boolean,True,-1.0,-1.0,-0.1666666666666666,-0.3562071871080222,-0.1,0.0,0.0,0.0,25.276052364424405
vlrag-796eb8f064,HybridGraph_minus_DenseGraph,"Chúng tôi đang xử lý hồ sơ cho một cụ ông 80 tuổi tại Hậu Giang, có người nói mức quà tặng cho cụ là 600.000 đồng, thông tin này có chính xác theo văn bản quy định của tỉnh không?",citation,boolean,True,0.0,0.0,0.0,0.0,0.0,0.0,0.1666666666666666,0.1666666666666666,20.08787422642735
vlrag-7a875999b1,DenseGraph_minus_DenseOnly,"Chúng tôi đang muốn tìm hiểu xem con mình là học sinh trường công lập trên địa bàn, trúng tuyển đại học nguyện vọng một, thì có đủ điều kiện để tham gia đề án hỗ trợ đào tạo của thành phố hay không?",single_hop,boolean,True,0.0,0.0,0.0,0.053097570474025635,0.0,0.0,-0.0048076923076922976,-0.0048076923076922976,-1.3649705770003493
vlrag-7a875999b1,HybridGraph_minus_HybridOnly,"Chúng tôi đang muốn tìm hiểu xem con mình là học sinh trường công lập trên địa bàn, trúng tuyển đại học nguyện vọng một, thì có đủ điều kiện để tham gia đề án hỗ trợ đào tạo của thành phố hay không?",single_hop,boolean,True,0.0,0.0,0.0,0.03253201651083082,0.0,0.0,-0.005907626208378099,-0.005907626208378099,-0.5541105209995223
vlrag-7a875999b1,HybridOnly_minus_DenseOnly,"Chúng tôi đang muốn tìm hiểu xem con mình là học sinh trường công lập trên địa bàn, trúng tuyển đại học nguyện vọng một, thì có đủ điều kiện để tham gia đề án hỗ trợ đào tạo của thành phố hay không?",single_hop,boolean,True,0.0,0.0,0.0,0.020565553963194816,0.0,0.0,0.0006747638326586002,0.0006747638326586002,26.06672896542085
vlrag-7a875999b1,HybridGraph_minus_DenseGraph,"Chúng tôi đang muốn tìm hiểu xem con mình là học sinh trường công lập trên địa bàn, trúng tuyển đại học nguyện vọng một, thì có đủ điều kiện để tham gia đề án hỗ trợ đào tạo của thành phố hay không?",single_hop,boolean,True,0.0,0.0,0.0,0.0,0.0,0.0,-0.00042517006802720095,-0.00042517006802720095,26.877589021421677
vlrag-7b5c94943d,DenseGraph_minus_DenseOnly,"Trong trường hợp tôi cần tìm hiểu về các sổ kế toán chi tiết bổ sung dành cho cơ quan BHXH, tôi có thể xem thông tin ở đâu?",single_hop,extractive,True,0.0,0.0,0.0,0.0,0.0,0.0,0.046836191602601884,0.02696629213483137,-0.09285073699902568
vlrag-7b5c94943d,HybridGraph_minus_HybridOnly,"Trong trường hợp tôi cần tìm hiểu về các sổ kế toán chi tiết bổ sung dành cho cơ quan BHXH, tôi có thể xem thông tin ở đâu?",single_hop,extractive,True,0.0,0.0,0.0,0.0,0.0,0.0,0.046836191602601884,0.02696629213483137,-0.408883230000356
vlrag-7b5c94943d,HybridOnly_minus_DenseOnly,"Trong trường hợp tôi cần tìm hiểu về các sổ kế toán chi tiết bổ sung dành cho cơ quan BHXH, tôi có thể xem thông tin ở đâu?",single_hop,extractive,True,0.0,0.0,0.0,0.0,0.0,0.0,0.0,0.0,25.740301515424736
vlrag-7b5c94943d,HybridGraph_minus_DenseGraph,"Trong trường hợp tôi cần tìm hiểu về các sổ kế toán chi tiết bổ sung dành cho cơ quan BHXH, tôi có thể xem thông tin ở đâu?",single_hop,extractive,True,0.0,0.0,0.0,0.0,0.0,0.0,0.0,0.0,25.424269022423406
vlrag-7bd0cf9e12,DenseGraph_minus_DenseOnly,"Chúng tôi nghe nói Quy chế tổ chức và hoạt động của Chi cục Quản lý thị trường tỉnh Bình Phước ban hành năm 2002 đã bị hủy bỏ, thông tin này có chính xác theo văn bản pháp luật nào không?",citation,abstractive,True,0.0,0.0,0.0,0.0,0.0,0.0,-0.05803921568627449,-0.02823529411764708,-1.5825595039996188
vlrag-7bd0cf9e12,HybridGraph_minus_HybridOnly,"Chúng tôi nghe nói Quy chế tổ chức và hoạt động của Chi cục Quản lý thị trường tỉnh Bình Phước ban hành năm 2002 đã bị hủy bỏ, thông tin này có chính xác theo văn bản pháp luật nào không?",citation,abstractive,True,0.0,0.0,0.0,0.0,0.0,0.0,-0.03211841921519348,-0.027649769585253503,-1.647599693002114
vlrag-7bd0cf9e12,HybridOnly_minus_DenseOnly,"Chúng tôi nghe nói Quy chế tổ chức và hoạt động của Chi cục Quản lý thị trường tỉnh Bình Phước ban hành năm 2002 đã bị hủy bỏ, thông tin này có chính xác theo văn bản pháp luật nào không?",citation,abstractive,True,0.0,0.0,-0.25,-0.20025319549806453,0.0,0.0,0.018354978354978402,0.04571428571428571,26.4197814204187
vlrag-7bd0cf9e12,HybridGraph_minus_DenseGraph,"Chúng tôi nghe nói Quy chế tổ chức và hoạt động của Chi cục Quản lý thị trường tỉnh Bình Phước ban hành năm 2002 đã bị hủy bỏ, thông tin này có chính xác theo văn bản pháp luật nào không?",citation,abstractive,True,0.0,0.0,-0.25,-0.20025319549806453,0.0,0.0,0.044275774826059405,0.046299810246679285,26.354741231416206
vlrag-7dfba1ade4,DenseGraph_minus_DenseOnly,"Doanh nghiệp của tôi muốn đóng góp ý kiến và tham gia vào các hoạt động phổ biến pháp luật cho người lao động, vậy tôi cần làm gì để có thể tham gia và phía Hội đồng có trách nhiệm hỗ trợ tôi như thế nào?",multi_hop,abstractive,True,0.0,0.0,0.0,0.0,0.0,0.0,-0.0042981629769195395,0.003709373528026305,-0.33422283300001254
vlrag-7dfba1ade4,HybridGraph_minus_HybridOnly,"Doanh nghiệp của tôi muốn đóng góp ý kiến và tham gia vào các hoạt động phổ biến pháp luật cho người lao động, vậy tôi cần làm gì để có thể tham gia và phía Hội đồng có trách nhiệm hỗ trợ tôi như thế nào?",multi_hop,abstractive,True,0.0,0.0,0.0,0.0,0.0,0.0,0.01023302938196552,0.00010131712259370262,1.0813507410002785
vlrag-7dfba1ade4,HybridOnly_minus_DenseOnly,"Doanh nghiệp của tôi muốn đóng góp ý kiến và tham gia vào các hoạt động phổ biến pháp luật cho người lao động, vậy tôi cần làm gì để có thể tham gia và phía Hội đồng có trách nhiệm hỗ trợ tôi như thế nào?",multi_hop,abstractive,True,0.0,0.0,0.0,0.0,0.0,0.0,-0.018133462282398538,-0.012330754352031015,25.278714211422937
vlrag-7dfba1ade4,HybridGraph_minus_DenseGraph,"Doanh nghiệp của tôi muốn đóng góp ý kiến và tham gia vào các hoạt động phổ biến pháp luật cho người lao động, vậy tôi cần làm gì để có thể tham gia và phía Hội đồng có trách nhiệm hỗ trợ tôi như thế nào?",multi_hop,abstractive,True,0.0,0.0,0.0,0.0,0.0,0.0,-0.003602269923513479,-0.015938810757463617,26.694287785423228
vlrag-7e401112f7,DenseGraph_minus_DenseOnly,Nếu địa phương tôi muốn triển khai chương trình bảo vệ trẻ em có hoàn cảnh đặc biệt thì cần thực hiện theo các bước nào?,single_hop,abstractive,True,0.0,0.0,0.0,0.0,0.0,0.0,0.0825414064621233,0.0060412707032311,-1.4054432850016383
vlrag-7e401112f7,HybridGraph_minus_HybridOnly,Nếu địa phương tôi muốn triển khai chương trình bảo vệ trẻ em có hoàn cảnh đặc biệt thì cần thực hiện theo các bước nào?,single_hop,abstractive,True,0.0,0.0,0.0,0.0,0.0,0.0,0.0029490860431579946,0.0002208566640250903,-0.5865273470008106
vlrag-7e401112f7,HybridOnly_minus_DenseOnly,Nếu địa phương tôi muốn triển khai chương trình bảo vệ trẻ em có hoàn cảnh đặc biệt thì cần thực hiện theo các bước nào?,single_hop,abstractive,True,1.0,1.0,0.3333333333333333,0.5,0.1,0.0,0.010952340207067701,-0.012813382390690492,27.73446572142319
vlrag-7e401112f7,HybridGraph_minus_DenseGraph,Nếu địa phương tôi muốn triển khai chương trình bảo vệ trẻ em có hoàn cảnh đặc biệt thì cần thực hiện theo các bước nào?,single_hop,abstractive,True,1.0,1.0,0.3333333333333333,0.5,0.1,0.0,-0.0686399802118976,-0.0186337964298965,28.55338165942402
vlrag-7e93063448,DenseGraph_minus_DenseOnly,Nếu cơ sở của tôi muốn trang bị phương tiện phòng cháy chữa cháy thì có thời hạn cụ thể nào để hoàn tất việc mua sắm không?,single_hop,unanswerable,False,0.0,0.0,0.0,0.0,0.0,0.0,-0.0029629629629630005,-0.0029629629629630005,-2.197207052000522
vlrag-7e93063448,HybridGraph_minus_HybridOnly,Nếu cơ sở của tôi muốn trang bị phương tiện phòng cháy chữa cháy thì có thời hạn cụ thể nào để hoàn tất việc mua sắm không?,single_hop,unanswerable,False,0.0,0.0,0.0,0.0,0.0,0.0,0.5861244019138756,0.5861244019138756,0.11571082299997215
vlrag-7e93063448,HybridOnly_minus_DenseOnly,Nếu cơ sở của tôi muốn trang bị phương tiện phòng cháy chữa cháy thì có thời hạn cụ thể nào để hoàn tất việc mua sắm không?,single_hop,unanswerable,False,0.0,0.0,0.0,0.0,0.0,0.0,0.0054545454545453995,0.0054545454545453995,24.0145734034183
vlrag-7e93063448,HybridGraph_minus_DenseGraph,Nếu cơ sở của tôi muốn trang bị phương tiện phòng cháy chữa cháy thì có thời hạn cụ thể nào để hoàn tất việc mua sắm không?,single_hop,unanswerable,False,0.0,0.0,0.0,0.0,0.0,0.0,0.594541910331384,0.594541910331384,26.327491278418794
vlrag-80122c1752,DenseGraph_minus_DenseOnly,Doanh nghiệp của tôi muốn làm thủ tục hành chính tại Ban Tôn giáo thuộc Sở Nội vụ tỉnh Bà Rịa - Vũng Tàu theo cơ chế một cửa thì cần liên hệ và nộp hồ sơ ở đâu?,single_hop,extractive,True,0.0,0.0,0.0,0.0,0.0,0.0,-0.14548494983277588,-0.1337792642140469,-4.199771959000372
vlrag-80122c1752,HybridGraph_minus_HybridOnly,Doanh nghiệp của tôi muốn làm thủ tục hành chính tại Ban Tôn giáo thuộc Sở Nội vụ tỉnh Bà Rịa - Vũng Tàu theo cơ chế một cửa thì cần liên hệ và nộp hồ sơ ở đâu?,single_hop,extractive,True,0.0,0.0,0.0,0.0,0.0,0.0,0.028481012658227778,0.03586497890295359,0.25325416600026074
vlrag-80122c1752,HybridOnly_minus_DenseOnly,Doanh nghiệp của tôi muốn làm thủ tục hành chính tại Ban Tôn giáo thuộc Sở Nội vụ tỉnh Bà Rịa - Vũng Tàu theo cơ chế một cửa thì cần liên hệ và nộp hồ sơ ở đâu?,single_hop,extractive,True,0.0,0.0,0.75,0.569323441926607,0.0,0.0,-0.13461538461538458,-0.1410256410256411,23.063066381419677
vlrag-80122c1752,HybridGraph_minus_DenseGraph,Doanh nghiệp của tôi muốn làm thủ tục hành chính tại Ban Tôn giáo thuộc Sở Nội vụ tỉnh Bà Rịa - Vũng Tàu theo cơ chế một cửa thì cần liên hệ và nộp hồ sơ ở đâu?,single_hop,extractive,True,0.0,0.0,0.75,0.569323441926607,0.0,0.0,0.039350577875619075,0.028618602091359385,27.51609250642031
vlrag-81439311e2,DenseGraph_minus_DenseOnly,"Doanh nghiệp của tôi dự định đón một đoàn đối tác nước ngoài đến làm việc, chúng tôi cần gửi văn bản xin phép Ủy ban nhân dân Tỉnh trước bao lâu để đảm bảo đúng quy định?",single_hop,extractive,True,0.0,0.0,0.0,0.0,0.0,0.0,-0.0676923076923077,-0.0676923076923077,0.38039652299994486
vlrag-81439311e2,HybridGraph_minus_HybridOnly,"Doanh nghiệp của tôi dự định đón một đoàn đối tác nước ngoài đến làm việc, chúng tôi cần gửi văn bản xin phép Ủy ban nhân dân Tỉnh trước bao lâu để đảm bảo đúng quy định?",single_hop,extractive,True,0.0,0.0,0.0,0.0,0.0,0.0,0.030671602326811195,0.031200423056583798,0.3930406110012008
vlrag-81439311e2,HybridOnly_minus_DenseOnly,"Doanh nghiệp của tôi dự định đón một đoàn đối tác nước ngoài đến làm việc, chúng tôi cần gửi văn bản xin phép Ủy ban nhân dân Tỉnh trước bao lâu để đảm bảo đúng quy định?",single_hop,extractive,True,0.0,0.0,0.0,0.0,0.0,0.0,-0.0616393442622951,-0.0944262295081968,26.108205771419936
vlrag-81439311e2,HybridGraph_minus_DenseGraph,"Doanh nghiệp của tôi dự định đón một đoàn đối tác nước ngoài đến làm việc, chúng tôi cần gửi văn bản xin phép Ủy ban nhân dân Tỉnh trước bao lâu để đảm bảo đúng quy định?",single_hop,extractive,True,0.0,0.0,0.0,0.0,0.0,0.0,0.0367245657568238,0.004466501240694698,26.12084985942119
vlrag-824f821daf,DenseGraph_minus_DenseOnly,"Làm sao để tôi biết các yêu cầu kỹ thuật đối với nghề Lưới Đáy hàng khơi tại Trà Vinh để khi cơ quan chức năng kiểm tra, tôi có căn cứ đối chiếu bảo vệ quyền lợi của mình?",citation,abstractive,True,0.0,0.0,-0.08333333333333331,-0.069323441926607,0.0,0.0,-0.045938375350140004,-0.04929971988795512,-5.750681823999004
vlrag-824f821daf,HybridGraph_minus_HybridOnly,"Làm sao để tôi biết các yêu cầu kỹ thuật đối với nghề Lưới Đáy hàng khơi tại Trà Vinh để khi cơ quan chức năng kiểm tra, tôi có căn cứ đối chiếu bảo vệ quyền lợi của mình?",citation,abstractive,True,-1.0,-1.0,-0.125,-0.3154648767857287,-0.1,0.0,-0.016402358110900905,-0.039591898888381286,-0.36936402700121107
vlrag-824f821daf,HybridOnly_minus_DenseOnly,"Làm sao để tôi biết các yêu cầu kỹ thuật đối với nghề Lưới Đáy hàng khơi tại Trà Vinh để khi cơ quan chức năng kiểm tra, tôi có căn cứ đối chiếu bảo vệ quyền lợi của mình?",citation,abstractive,True,0.0,0.0,-0.20833333333333331,-0.1845351232142713,0.0,0.0,-0.04598623368945559,-0.040876652168405025,22.119249370421755
vlrag-824f821daf,HybridGraph_minus_DenseGraph,"Làm sao để tôi biết các yêu cầu kỹ thuật đối với nghề Lưới Đáy hàng khơi tại Trà Vinh để khi cơ quan chức năng kiểm tra, tôi có căn cứ đối chiếu bảo vệ quyền lợi của mình?",citation,abstractive,True,-1.0,-1.0,-0.25,-0.430676558073393,-0.1,0.0,-0.016450216450216493,-0.031168831168831193,27.500567167419547
vlrag-828b3b9210,DenseGraph_minus_DenseOnly,"Trong trường hợp tôi cần kiểm tra việc thực hiện, hướng dẫn sử dụng nguồn kinh phí của Quỹ phòng chống tội phạm thì tôi nên liên hệ với đơn vị nào?",single_hop,extractive,True,0.0,0.0,0.0,0.0,0.0,0.0,0.013636363636363703,0.013636363636363703,-2.361203802999852
vlrag-828b3b9210,HybridGraph_minus_HybridOnly,"Trong trường hợp tôi cần kiểm tra việc thực hiện, hướng dẫn sử dụng nguồn kinh phí của Quỹ phòng chống tội phạm thì tôi nên liên hệ với đơn vị nào?",single_hop,extractive,True,0.0,0.0,0.0,0.0,0.0,0.0,-0.0416666666666666,-0.0416666666666666,-2.13464994400055
vlrag-828b3b9210,HybridOnly_minus_DenseOnly,"Trong trường hợp tôi cần kiểm tra việc thực hiện, hướng dẫn sử dụng nguồn kinh phí của Quỹ phòng chống tội phạm thì tôi nên liên hệ với đơn vị nào?",single_hop,extractive,True,0.0,0.0,0.0,0.0,0.0,0.0,0.0053030303030303025,0.0053030303030303025,25.912775831423858
vlrag-828b3b9210,HybridGraph_minus_DenseGraph,"Trong trường hợp tôi cần kiểm tra việc thực hiện, hướng dẫn sử dụng nguồn kinh phí của Quỹ phòng chống tội phạm thì tôi nên liên hệ với đơn vị nào?",single_hop,extractive,True,0.0,0.0,0.0,0.0,0.0,0.0,-0.05,-0.05,26.13932969042316
vlrag-8292dad830,DenseGraph_minus_DenseOnly,"Sắp tới tôi dự định làm hồ sơ khen thưởng ngành Tư pháp, tôi nghe nói có một văn bản là Quyết định 102/2005/QĐ-BTP quy định về Kỷ niệm chương 'Vì sự nghiệp Tư pháp', không biết văn bản này hiện có đúng là căn cứ để xét tặng không?",citation,boolean,True,0.0,0.0,0.0,0.0,0.0,0.0,0.0,0.0,0.477143975999752
vlrag-8292dad830,HybridGraph_minus_HybridOnly,"Sắp tới tôi dự định làm hồ sơ khen thưởng ngành Tư pháp, tôi nghe nói có một văn bản là Quyết định 102/2005/QĐ-BTP quy định về Kỷ niệm chương 'Vì sự nghiệp Tư pháp', không biết văn bản này hiện có đúng là căn cứ để xét tặng không?",citation,boolean,True,0.0,0.0,0.0,0.0,0.0,0.0,0.0,0.0,-0.38874193899937737
vlrag-8292dad830,HybridOnly_minus_DenseOnly,"Sắp tới tôi dự định làm hồ sơ khen thưởng ngành Tư pháp, tôi nghe nói có một văn bản là Quyết định 102/2005/QĐ-BTP quy định về Kỷ niệm chương 'Vì sự nghiệp Tư pháp', không biết văn bản này hiện có đúng là căn cứ để xét tặng không?",citation,boolean,True,-1.0,-1.0,-0.3333333333333333,-0.5,-0.1,0.0,0.0,0.0,27.176224833422513
vlrag-8292dad830,HybridGraph_minus_DenseGraph,"Sắp tới tôi dự định làm hồ sơ khen thưởng ngành Tư pháp, tôi nghe nói có một văn bản là Quyết định 102/2005/QĐ-BTP quy định về Kỷ niệm chương 'Vì sự nghiệp Tư pháp', không biết văn bản này hiện có đúng là căn cứ để xét tặng không?",citation,boolean,True,-1.0,-1.0,-0.3333333333333333,-0.5,-0.1,0.0,0.0,0.0,26.310338918423383
vlrag-83685e1762,DenseGraph_minus_DenseOnly,Nếu khu vực của tôi muốn phát triển theo hướng đô thị thông minh thì tôi có áp dụng các quy định về phát triển đô thị tại Nghị định 35/2026/NĐ-CP không?,multi_hop,boolean,True,0.0,0.0,0.0,0.0,0.0,0.0,0.0,0.0,-1.435480059000156
vlrag-83685e1762,HybridGraph_minus_HybridOnly,Nếu khu vực của tôi muốn phát triển theo hướng đô thị thông minh thì tôi có áp dụng các quy định về phát triển đô thị tại Nghị định 35/2026/NĐ-CP không?,multi_hop,boolean,True,0.0,0.0,0.0,0.0,0.0,0.0,-0.018018018018018,-0.018018018018018,-0.6993801569988101
vlrag-83685e1762,HybridOnly_minus_DenseOnly,Nếu khu vực của tôi muốn phát triển theo hướng đô thị thông minh thì tôi có áp dụng các quy định về phát triển đô thị tại Nghị định 35/2026/NĐ-CP không?,multi_hop,boolean,True,0.0,0.0,0.0,0.0,0.0,0.0,0.018018018018018,0.018018018018018,24.338219215423067
vlrag-83685e1762,HybridGraph_minus_DenseGraph,Nếu khu vực của tôi muốn phát triển theo hướng đô thị thông minh thì tôi có áp dụng các quy định về phát triển đô thị tại Nghị định 35/2026/NĐ-CP không?,multi_hop,boolean,True,0.0,0.0,0.0,0.0,0.0,0.0,0.0,0.0,25.074319117424412
vlrag-83fbd6bd48,DenseGraph_minus_DenseOnly,"Nếu tôi là cán bộ viên chức đang công tác tại tỉnh An Giang, tôi có được hỗ trợ kinh phí khi tham gia các lớp bồi dưỡng nghiệp vụ không?",single_hop,boolean,True,0.0,0.0,0.0,0.0,0.0,0.0,0.0,0.0,0.12860696100005953
vlrag-83fbd6bd48,HybridGraph_minus_HybridOnly,"Nếu tôi là cán bộ viên chức đang công tác tại tỉnh An Giang, tôi có được hỗ trợ kinh phí khi tham gia các lớp bồi dưỡng nghiệp vụ không?",single_hop,boolean,True,0.0,0.0,0.0,0.0,0.0,0.0,0.0,0.0,0.5626094180006476
vlrag-83fbd6bd48,HybridOnly_minus_DenseOnly,"Nếu tôi là cán bộ viên chức đang công tác tại tỉnh An Giang, tôi có được hỗ trợ kinh phí khi tham gia các lớp bồi dưỡng nghiệp vụ không?",single_hop,boolean,True,0.0,0.0,0.0,0.0,0.0,0.0,0.0,0.0,27.072784261421646
vlrag-83fbd6bd48,HybridGraph_minus_DenseGraph,"Nếu tôi là cán bộ viên chức đang công tác tại tỉnh An Giang, tôi có được hỗ trợ kinh phí khi tham gia các lớp bồi dưỡng nghiệp vụ không?",single_hop,boolean,True,0.0,0.0,0.0,0.0,0.0,0.0,0.0,0.0,27.506786718422234
vlrag-848b5d3ee1,DenseGraph_minus_DenseOnly,"Tôi là chủ hộ kinh doanh, nếu tôi tham gia đóng góp cho Quỹ Phòng, chống tội phạm tỉnh Long An thì tôi có được hưởng chính sách bảo vệ hay quyền lợi cụ thể nào không?",single_hop,unanswerable,False,0.0,0.0,0.0,0.0,0.0,0.0,0.0,0.0,-0.2518050150001727
vlrag-848b5d3ee1,HybridGraph_minus_HybridOnly,"Tôi là chủ hộ kinh doanh, nếu tôi tham gia đóng góp cho Quỹ Phòng, chống tội phạm tỉnh Long An thì tôi có được hưởng chính sách bảo vệ hay quyền lợi cụ thể nào không?",single_hop,unanswerable,False,0.0,0.0,0.0,0.0,0.0,0.0,0.0,0.0,0.8397885779995704
vlrag-848b5d3ee1,HybridOnly_minus_DenseOnly,"Tôi là chủ hộ kinh doanh, nếu tôi tham gia đóng góp cho Quỹ Phòng, chống tội phạm tỉnh Long An thì tôi có được hưởng chính sách bảo vệ hay quyền lợi cụ thể nào không?",single_hop,unanswerable,False,0.0,0.0,0.0,0.0,0.0,0.0,0.0,0.0,24.151023487421927
vlrag-848b5d3ee1,HybridGraph_minus_DenseGraph,"Tôi là chủ hộ kinh doanh, nếu tôi tham gia đóng góp cho Quỹ Phòng, chống tội phạm tỉnh Long An thì tôi có được hưởng chính sách bảo vệ hay quyền lợi cụ thể nào không?",single_hop,unanswerable,False,0.0,0.0,0.0,0.0,0.0,0.0,0.0,0.0,25.24261708042167
vlrag-854a4250d8,DenseGraph_minus_DenseOnly,"Tôi đang tham gia nghiên cứu y sinh học, nếu tổ chức của tôi không tự thành lập Hội đồng đạo đức cấp cơ sở thì việc đánh giá đạo đức cho nghiên cứu của tôi sẽ được giải quyết như thế nào?",cross_document,abstractive,True,-0.2,-1.0,-0.1666666666666666,-0.1208113026994942,-0.1,0.0,-0.11617055510860819,-0.20756234915526942,-0.2819527250003375
vlrag-854a4250d8,HybridGraph_minus_HybridOnly,"Tôi đang tham gia nghiên cứu y sinh học, nếu tổ chức của tôi không tự thành lập Hội đồng đạo đức cấp cơ sở thì việc đánh giá đạo đức cho nghiên cứu của tôi sẽ được giải quyết như thế nào?",cross_document,abstractive,True,0.0,0.0,0.0,0.0,0.0,0.0,-0.003305785123966898,-0.0030303030303031053,-0.4559189770006924
vlrag-854a4250d8,HybridOnly_minus_DenseOnly,"Tôi đang tham gia nghiên cứu y sinh học, nếu tổ chức của tôi không tự thành lập Hội đồng đạo đức cấp cơ sở thì việc đánh giá đạo đức cho nghiên cứu của tôi sẽ được giải quyết như thế nào?",cross_document,abstractive,True,0.0,0.0,0.8333333333333334,0.21834890257412193,0.0,0.0,-0.0070796460176991705,-0.022713864306784515,26.333424397423816
vlrag-854a4250d8,HybridGraph_minus_DenseGraph,"Tôi đang tham gia nghiên cứu y sinh học, nếu tổ chức của tôi không tự thành lập Hội đồng đạo đức cấp cơ sở thì việc đánh giá đạo đức cho nghiên cứu của tôi sẽ được giải quyết như thế nào?",cross_document,abstractive,True,0.2,1.0,1.0,0.3391602052736161,0.1,0.0,0.10578512396694212,0.1818181818181818,26.15945814542346
vlrag-8716fdf2a9,DenseGraph_minus_DenseOnly,"Sắp tới tôi dự định kinh doanh thức ăn chăn nuôi, vậy tôi có trường hợp nào được miễn trừ việc đăng ký sản xuất hoặc không cần giấy phép không?",single_hop,boolean,True,0.0,0.0,0.0,0.0,0.0,0.0,0.0,0.0,-0.7621180109999837
vlrag-8716fdf2a9,HybridGraph_minus_HybridOnly,"Sắp tới tôi dự định kinh doanh thức ăn chăn nuôi, vậy tôi có trường hợp nào được miễn trừ việc đăng ký sản xuất hoặc không cần giấy phép không?",single_hop,boolean,True,0.33333333333333337,0.0,0.0,0.18154179253735264,0.09999999999999998,0.0,0.0,0.0,-0.28805879899846687
vlrag-8716fdf2a9,HybridOnly_minus_DenseOnly,"Sắp tới tôi dự định kinh doanh thức ăn chăn nuôi, vậy tôi có trường hợp nào được miễn trừ việc đăng ký sản xuất hoặc không cần giấy phép không?",single_hop,boolean,True,0.6666666666666666,1.0,0.3333333333333333,0.4367467095119258,0.2,0.0,0.0,0.0,26.209271399423592
vlrag-8716fdf2a9,HybridGraph_minus_DenseGraph,"Sắp tới tôi dự định kinh doanh thức ăn chăn nuôi, vậy tôi có trường hợp nào được miễn trừ việc đăng ký sản xuất hoặc không cần giấy phép không?",single_hop,boolean,True,1.0,1.0,0.3333333333333333,0.6182885020492784,0.3,0.0,0.0,0.0,26.68333061142511
vlrag-877f9ccbe3,DenseGraph_minus_DenseOnly,"Doanh nghiệp của tôi có cơ sở sản xuất tại Hà Nam, nếu trong quá trình xây dựng hoặc áp dụng các văn bản quy phạm pháp luật của tỉnh mà chúng tôi không thực hiện đúng trình tự, thủ tục thì sẽ bị xử lý như thế nào?",single_hop,unanswerable,False,0.0,0.0,0.0,0.0,0.0,0.0,0.0037776578521316953,0.0221262817053427,-0.9794562769998256
vlrag-877f9ccbe3,HybridGraph_minus_HybridOnly,"Doanh nghiệp của tôi có cơ sở sản xuất tại Hà Nam, nếu trong quá trình xây dựng hoặc áp dụng các văn bản quy phạm pháp luật của tỉnh mà chúng tôi không thực hiện đúng trình tự, thủ tục thì sẽ bị xử lý như thế nào?",single_hop,unanswerable,False,0.0,0.0,0.0,0.0,0.0,0.0,0.5700404858299595,0.5854251012145749,-0.5209781390003663
vlrag-877f9ccbe3,HybridOnly_minus_DenseOnly,"Doanh nghiệp của tôi có cơ sở sản xuất tại Hà Nam, nếu trong quá trình xây dựng hoặc áp dụng các văn bản quy phạm pháp luật của tỉnh mà chúng tôi không thực hiện đúng trình tự, thủ tục thì sẽ bị xử lý như thế nào?",single_hop,unanswerable,False,0.0,0.0,0.0,0.0,0.0,0.0,0.006492589978828497,0.009456598447424101,26.782947599422364
vlrag-877f9ccbe3,HybridGraph_minus_DenseGraph,"Doanh nghiệp của tôi có cơ sở sản xuất tại Hà Nam, nếu trong quá trình xây dựng hoặc áp dụng các văn bản quy phạm pháp luật của tỉnh mà chúng tôi không thực hiện đúng trình tự, thủ tục thì sẽ bị xử lý như thế nào?",single_hop,unanswerable,False,0.0,0.0,0.0,0.0,0.0,0.0,0.5727554179566563,0.5727554179566563,27.241425737421824
vlrag-879cc8abaa,DenseGraph_minus_DenseOnly,"Gia đình tôi nghe nói có văn bản về tiêu chuẩn kỹ thuật gói tin để kết nối dịch vụ công, không biết có đúng không và quy định đó dựa trên cơ sở pháp lý nào?",citation,abstractive,True,0.0,0.0,0.0,0.0,0.0,0.0,0.15179020193359544,0.12453064482748422,-5.492693889000295
vlrag-879cc8abaa,HybridGraph_minus_HybridOnly,"Gia đình tôi nghe nói có văn bản về tiêu chuẩn kỹ thuật gói tin để kết nối dịch vụ công, không biết có đúng không và quy định đó dựa trên cơ sở pháp lý nào?",citation,abstractive,True,0.0,0.0,0.0,0.0,0.0,0.0,-0.018578603493488555,-0.0046224276634517225,-0.26591569099946
vlrag-879cc8abaa,HybridOnly_minus_DenseOnly,"Gia đình tôi nghe nói có văn bản về tiêu chuẩn kỹ thuật gói tin để kết nối dịch vụ công, không biết có đúng không và quy định đó dựa trên cơ sở pháp lý nào?",citation,abstractive,True,0.0,0.0,0.5,0.36907024642854247,0.0,0.0,0.1383673831416491,0.11110782603553793,21.772317545423164
vlrag-879cc8abaa,HybridGraph_minus_DenseGraph,"Gia đình tôi nghe nói có văn bản về tiêu chuẩn kỹ thuật gói tin để kết nối dịch vụ công, không biết có đúng không và quy định đó dựa trên cơ sở pháp lý nào?",citation,abstractive,True,0.0,0.0,0.5,0.36907024642854247,0.0,0.0,-0.0320014222854349,-0.018045246455398012,26.999095743423997
vlrag-87b7c0e933,DenseGraph_minus_DenseOnly,"Có cần phải tuân thủ các quy định về an toàn trong Luật Điện lực không, nếu vi phạm thì doanh nghiệp của tôi sẽ bị xử lý như thế nào?",single_hop,unanswerable,False,0.0,0.0,0.0,0.0,0.0,0.0,0.0,0.0,-1.5819526239997685
vlrag-87b7c0e933,HybridGraph_minus_HybridOnly,"Có cần phải tuân thủ các quy định về an toàn trong Luật Điện lực không, nếu vi phạm thì doanh nghiệp của tôi sẽ bị xử lý như thế nào?",single_hop,unanswerable,False,0.0,0.0,0.0,0.0,0.0,0.0,-0.006957328385899797,-0.0046382189239332,-0.24112548999982764
vlrag-87b7c0e933,HybridOnly_minus_DenseOnly,"Có cần phải tuân thủ các quy định về an toàn trong Luật Điện lực không, nếu vi phạm thì doanh nghiệp của tôi sẽ bị xử lý như thế nào?",single_hop,unanswerable,False,0.0,0.0,0.0,0.0,0.0,0.0,0.04379157427937909,0.0210643015521064,26.82211260041953
vlrag-87b7c0e933,HybridGraph_minus_DenseGraph,"Có cần phải tuân thủ các quy định về an toàn trong Luật Điện lực không, nếu vi phạm thì doanh nghiệp của tôi sẽ bị xử lý như thế nào?",single_hop,unanswerable,False,0.0,0.0,0.0,0.0,0.0,0.0,0.03683424589347929,0.0164260826281732,28.16293973441947
vlrag-87d0288954,DenseGraph_minus_DenseOnly,"Gia đình tôi hiện đang quản lý một công trình hạ tầng xã, liệu có trường hợp nào mà chúng tôi không phải thực hiện các công việc sửa chữa theo quy định cũ của tỉnh không?",single_hop,abstractive,True,0.0,0.0,0.0,0.0,0.0,0.0,0.0,0.0,1.0644590269998844
vlrag-87d0288954,HybridGraph_minus_HybridOnly,"Gia đình tôi hiện đang quản lý một công trình hạ tầng xã, liệu có trường hợp nào mà chúng tôi không phải thực hiện các công việc sửa chữa theo quy định cũ của tỉnh không?",single_hop,abstractive,True,0.0,0.0,0.0,0.0,0.0,0.0,0.0,0.0,2.5956408320016564
vlrag-87d0288954,HybridOnly_minus_DenseOnly,"Gia đình tôi hiện đang quản lý một công trình hạ tầng xã, liệu có trường hợp nào mà chúng tôi không phải thực hiện các công việc sửa chữa theo quy định cũ của tỉnh không?",single_hop,abstractive,True,0.0,0.0,0.0,0.0,0.0,0.0,0.0,0.0,26.999201295421877
vlrag-87d0288954,HybridGraph_minus_DenseGraph,"Gia đình tôi hiện đang quản lý một công trình hạ tầng xã, liệu có trường hợp nào mà chúng tôi không phải thực hiện các công việc sửa chữa theo quy định cũ của tỉnh không?",single_hop,abstractive,True,0.0,0.0,0.0,0.0,0.0,0.0,0.0,0.0,28.53038310042365
vlrag-87e25267d5,DenseGraph_minus_DenseOnly,Có được tiếp tục áp dụng quy định về tiếp nhận hồ sơ theo cơ chế một cửa tại Ban Tôn giáo và Dân tộc theo Quyết định số 4688/2006/QĐ-UBND trước đây không?,legal_validity,boolean,True,-1.0,-1.0,-0.1111111111111111,-0.3010299956639812,-0.1,0.0,-0.037037037037037,-0.037037037037037,-0.38898213399943415
vlrag-87e25267d5,HybridGraph_minus_HybridOnly,Có được tiếp tục áp dụng quy định về tiếp nhận hồ sơ theo cơ chế một cửa tại Ban Tôn giáo và Dân tộc theo Quyết định số 4688/2006/QĐ-UBND trước đây không?,legal_validity,boolean,True,0.0,0.0,0.0,0.0,0.0,0.0,-0.0030303030303029978,-0.0030303030303029978,-0.8678785259999096
vlrag-87e25267d5,HybridOnly_minus_DenseOnly,Có được tiếp tục áp dụng quy định về tiếp nhận hồ sơ theo cơ chế một cửa tại Ban Tôn giáo và Dân tộc theo Quyết định số 4688/2006/QĐ-UBND trước đây không?,legal_validity,boolean,True,0.0,0.0,0.2222222222222222,0.1989700043360188,0.0,0.0,-0.003703703703703702,-0.003703703703703702,26.183143418421597
vlrag-87e25267d5,HybridGraph_minus_DenseGraph,Có được tiếp tục áp dụng quy định về tiếp nhận hồ sơ theo cơ chế một cửa tại Ban Tôn giáo và Dân tộc theo Quyết định số 4688/2006/QĐ-UBND trước đây không?,legal_validity,boolean,True,1.0,1.0,0.3333333333333333,0.5,0.1,0.0,0.0303030303030303,0.0303030303030303,25.704247026421122
vlrag-87fb142b48,DenseGraph_minus_DenseOnly,Có cần văn bản nào quy định cụ thể về việc tính mức trợ cấp cho trẻ em mồ côi tại các cơ sở bảo trợ xã hội ở Bà Rịa - Vũng Tàu để tôi có thể làm hồ sơ kiến nghị không?,citation,extractive,True,0.0,0.0,0.0,0.0,0.0,0.0,-0.024137931034482696,-0.020689655172413793,-3.58002910399955
vlrag-87fb142b48,HybridGraph_minus_HybridOnly,Có cần văn bản nào quy định cụ thể về việc tính mức trợ cấp cho trẻ em mồ côi tại các cơ sở bảo trợ xã hội ở Bà Rịa - Vũng Tàu để tôi có thể làm hồ sơ kiến nghị không?,citation,extractive,True,0.0,0.0,0.0,0.0,0.0,0.0,0.031666173424089894,0.013317549570878912,-0.41274141699978273
vlrag-87fb142b48,HybridOnly_minus_DenseOnly,Có cần văn bản nào quy định cụ thể về việc tính mức trợ cấp cho trẻ em mồ côi tại các cơ sở bảo trợ xã hội ở Bà Rịa - Vũng Tàu để tôi có thể làm hồ sơ kiến nghị không?,citation,extractive,True,0.0,0.0,0.0,0.0,0.0,0.0,-0.023915461624026607,-0.006674082313681801,22.355731037422352
vlrag-87fb142b48,HybridGraph_minus_DenseGraph,Có cần văn bản nào quy định cụ thể về việc tính mức trợ cấp cho trẻ em mồ côi tại các cơ sở bảo trợ xã hội ở Bà Rịa - Vũng Tàu để tôi có thể làm hồ sơ kiến nghị không?,citation,extractive,True,0.0,0.0,0.0,0.0,0.0,0.0,0.03188864283454598,0.027333122429610904,25.52301872442212
vlrag-8933f9ddfe,DenseGraph_minus_DenseOnly,"Nếu tôi là cán bộ xã, liệu tôi có quyền tự quyết định việc bãi bỏ các văn bản quy phạm pháp luật của tỉnh hay không?",single_hop,boolean,True,0.0,0.0,0.0,0.0,0.0,0.0,-0.0030303030303030012,-0.0030303030303030012,-2.908485896000002
vlrag-8933f9ddfe,HybridGraph_minus_HybridOnly,"Nếu tôi là cán bộ xã, liệu tôi có quyền tự quyết định việc bãi bỏ các văn bản quy phạm pháp luật của tỉnh hay không?",single_hop,boolean,True,0.0,0.0,0.0,0.0,0.0,0.0,-0.007211538461538401,-0.007211538461538401,-0.052660929999543526
vlrag-8933f9ddfe,HybridOnly_minus_DenseOnly,"Nếu tôi là cán bộ xã, liệu tôi có quyền tự quyết định việc bãi bỏ các văn bản quy phạm pháp luật của tỉnh hay không?",single_hop,boolean,True,0.0,0.0,0.0,0.0,0.0,0.0,0.002097902097902102,0.002097902097902102,24.946448840422537
vlrag-8933f9ddfe,HybridGraph_minus_DenseGraph,"Nếu tôi là cán bộ xã, liệu tôi có quyền tự quyết định việc bãi bỏ các văn bản quy phạm pháp luật của tỉnh hay không?",single_hop,boolean,True,0.0,0.0,0.0,0.0,0.0,0.0,-0.002083333333333298,-0.002083333333333298,27.802273806422996
vlrag-8a32e0a2a3,DenseGraph_minus_DenseOnly,Làm sao để cán bộ tư pháp hộ tịch cấp xã có thể đảm bảo thực hiện đúng các quy định về niêm yết công khai thủ tục hộ tịch để không vi phạm quy định của tỉnh?,single_hop,abstractive,True,0.0,0.0,0.0,0.0,0.0,0.0,0.019731685952699307,0.009220413996588378,0.5479241579996597
vlrag-8a32e0a2a3,HybridGraph_minus_HybridOnly,Làm sao để cán bộ tư pháp hộ tịch cấp xã có thể đảm bảo thực hiện đúng các quy định về niêm yết công khai thủ tục hộ tịch để không vi phạm quy định của tỉnh?,single_hop,abstractive,True,0.0,0.0,0.0,0.0,0.0,0.0,-0.027649769585253503,0.0,0.6425455039989174
vlrag-8a32e0a2a3,HybridOnly_minus_DenseOnly,Làm sao để cán bộ tư pháp hộ tịch cấp xã có thể đảm bảo thực hiện đúng các quy định về niêm yết công khai thủ tục hộ tịch để không vi phạm quy định của tỉnh?,single_hop,abstractive,True,0.0,0.0,-0.08333333333333331,-0.069323441926607,0.0,0.0,0.0383038092419567,0.0009301145732041882,27.561980357421987
vlrag-8a32e0a2a3,HybridGraph_minus_DenseGraph,Làm sao để cán bộ tư pháp hộ tịch cấp xã có thể đảm bảo thực hiện đúng các quy định về niêm yết công khai thủ tục hộ tịch để không vi phạm quy định của tỉnh?,single_hop,abstractive,True,0.0,0.0,-0.08333333333333331,-0.069323441926607,0.0,0.0,-0.009077646295996111,-0.00829029942338419,27.656601703421245
vlrag-8ad537015f,DenseGraph_minus_DenseOnly,"Nếu tôi nghe nói rằng thẩm quyền đăng ký hộ tịch đã thay đổi so với quy định cũ từ năm 1998, vậy thông tin này có chính xác theo Nghị định số 158/2005/NĐ-CP không?",citation,boolean,True,0.0,0.0,0.0,0.0,0.0,0.0,0.0,0.0,-2.4873329249994645
vlrag-8ad537015f,HybridGraph_minus_HybridOnly,"Nếu tôi nghe nói rằng thẩm quyền đăng ký hộ tịch đã thay đổi so với quy định cũ từ năm 1998, vậy thông tin này có chính xác theo Nghị định số 158/2005/NĐ-CP không?",citation,boolean,True,0.0,0.0,0.0,0.0,0.0,0.0,-0.00017307026652819968,-0.00017307026652819968,-4.54434918899824
vlrag-8ad537015f,HybridOnly_minus_DenseOnly,"Nếu tôi nghe nói rằng thẩm quyền đăng ký hộ tịch đã thay đổi so với quy định cũ từ năm 1998, vậy thông tin này có chính xác theo Nghị định số 158/2005/NĐ-CP không?",citation,boolean,True,1.0,1.0,0.3333333333333333,0.5,0.1,0.0,0.0186915887850467,0.0186915887850467,30.287900927419003
vlrag-8ad537015f,HybridGraph_minus_DenseGraph,"Nếu tôi nghe nói rằng thẩm quyền đăng ký hộ tịch đã thay đổi so với quy định cũ từ năm 1998, vậy thông tin này có chính xác theo Nghị định số 158/2005/NĐ-CP không?",citation,boolean,True,1.0,1.0,0.3333333333333333,0.5,0.1,0.0,0.0185185185185185,0.0185185185185185,28.230884663420227
vlrag-8b0b97465f,DenseGraph_minus_DenseOnly,"Có được quy định nào bắt buộc các đơn vị phải báo cáo kết quả thực hiện phổ biến pháp luật cho Ủy ban nhân dân tỉnh không, hay chỉ cần làm là được?",single_hop,abstractive,True,-1.0,-1.0,-0.1666666666666666,-0.3562071871080222,-0.1,0.0,-0.038808373590982326,-0.014653784219001598,-2.6303689409996878
vlrag-8b0b97465f,HybridGraph_minus_HybridOnly,"Có được quy định nào bắt buộc các đơn vị phải báo cáo kết quả thực hiện phổ biến pháp luật cho Ủy ban nhân dân tỉnh không, hay chỉ cần làm là được?",single_hop,abstractive,True,0.0,0.0,0.0,0.0,0.0,0.0,0.017857142857142905,0.017857142857142905,0.4571332320010626
vlrag-8b0b97465f,HybridOnly_minus_DenseOnly,"Có được quy định nào bắt buộc các đơn vị phải báo cáo kết quả thực hiện phổ biến pháp luật cho Ủy ban nhân dân tỉnh không, hay chỉ cần làm là được?",single_hop,abstractive,True,-1.0,-1.0,-0.1666666666666666,-0.3562071871080222,-0.1,0.0,-0.04828042328042331,-0.02645502645502651,23.99209284042599
vlrag-8b0b97465f,HybridGraph_minus_DenseGraph,"Có được quy định nào bắt buộc các đơn vị phải báo cáo kết quả thực hiện phổ biến pháp luật cho Ủy ban nhân dân tỉnh không, hay chỉ cần làm là được?",single_hop,abstractive,True,0.0,0.0,0.0,0.0,0.0,0.0,0.008385093167701918,0.006055900621117993,27.07959501342674
vlrag-8b9c2acd97,DenseGraph_minus_DenseOnly,"Trong trường hợp thương nhân đã có thành tích xuất khẩu và thương nhân mới chưa từng xuất khẩu, quy định về việc cấp visa tự động cho họ có gì khác biệt không?",cross_document,abstractive,True,0.0,0.0,0.0,0.0,0.0,0.0,0.1704315886134068,0.104315886134068,-0.06859285299969997
vlrag-8b9c2acd97,HybridGraph_minus_HybridOnly,"Trong trường hợp thương nhân đã có thành tích xuất khẩu và thương nhân mới chưa từng xuất khẩu, quy định về việc cấp visa tự động cho họ có gì khác biệt không?",cross_document,abstractive,True,0.0,0.0,0.0,0.0,0.0,0.0,-0.08978848578232249,-0.054629499929962105,0.7589197799989016
vlrag-8b9c2acd97,HybridOnly_minus_DenseOnly,"Trong trường hợp thương nhân đã có thành tích xuất khẩu và thương nhân mới chưa từng xuất khẩu, quy định về việc cấp visa tự động cho họ có gì khác biệt không?",cross_document,abstractive,True,0.0,0.0,0.3,0.09528277051292477,0.0,0.0,0.2436911487758946,0.1589453860640301,27.212054769422767
vlrag-8b9c2acd97,HybridGraph_minus_DenseGraph,"Trong trường hợp thương nhân đã có thành tích xuất khẩu và thương nhân mới chưa từng xuất khẩu, quy định về việc cấp visa tự động cho họ có gì khác biệt không?",cross_document,abstractive,True,0.0,0.0,0.3,0.09528277051292477,0.0,0.0,-0.016528925619834683,0.0,28.03956740242137
vlrag-8c3b4b3876,DenseGraph_minus_DenseOnly,"Trong trường hợp tôi muốn xác minh tính chính xác của việc ban hành 03 quy chuẩn kỹ thuật quốc gia về đường sắt, có văn bản pháp luật nào ghi nhận căn cứ ban hành quy định này không?",citation,abstractive,True,0.0,0.0,0.0,0.0,0.0,0.0,0.000952179432924298,0.000952179432924298,3.0271561190002085
vlrag-8c3b4b3876,HybridGraph_minus_HybridOnly,"Trong trường hợp tôi muốn xác minh tính chính xác của việc ban hành 03 quy chuẩn kỹ thuật quốc gia về đường sắt, có văn bản pháp luật nào ghi nhận căn cứ ban hành quy định này không?",citation,abstractive,True,0.0,0.0,0.0,0.0,0.0,0.0,-0.0005194130632385982,-0.0005194130632385982,-0.38277355099489085
vlrag-8c3b4b3876,HybridOnly_minus_DenseOnly,"Trong trường hợp tôi muốn xác minh tính chính xác của việc ban hành 03 quy chuẩn kỹ thuật quốc gia về đường sắt, có văn bản pháp luật nào ghi nhận căn cứ ban hành quy định này không?",citation,abstractive,True,0.0,0.0,0.5,0.36907024642854247,0.0,0.0,-0.003430368288150902,-0.003430368288150902,25.106138194426137
vlrag-8c3b4b3876,HybridGraph_minus_DenseGraph,"Trong trường hợp tôi muốn xác minh tính chính xác của việc ban hành 03 quy chuẩn kỹ thuật quốc gia về đường sắt, có văn bản pháp luật nào ghi nhận căn cứ ban hành quy định này không?",citation,abstractive,True,0.0,0.0,0.5,0.36907024642854247,0.0,0.0,-0.004901960784313798,-0.004901960784313798,21.696208524431036
vlrag-8c4ce236d3,DenseGraph_minus_DenseOnly,"Doanh nghiệp của tôi có nghe nói về quy định bổ sung đối tượng được thanh toán cước điện thoại di động, cụ thể là Phó Chủ tịch Hội Nhà báo tỉnh, không biết thông tin này có chính xác theo văn bản nào không?",citation,abstractive,True,0.0,0.0,0.0,0.0,0.0,0.0,0.009526135808500202,-0.0361504640937958,-2.3112733670004673
vlrag-8c4ce236d3,HybridGraph_minus_HybridOnly,"Doanh nghiệp của tôi có nghe nói về quy định bổ sung đối tượng được thanh toán cước điện thoại di động, cụ thể là Phó Chủ tịch Hội Nhà báo tỉnh, không biết thông tin này có chính xác theo văn bản nào không?",citation,abstractive,True,0.0,0.0,0.0,0.0,0.0,0.0,0.0995252329875154,0.0735009671179884,0.18583127000056265
vlrag-8c4ce236d3,HybridOnly_minus_DenseOnly,"Doanh nghiệp của tôi có nghe nói về quy định bổ sung đối tượng được thanh toán cước điện thoại di động, cụ thể là Phó Chủ tịch Hội Nhà báo tỉnh, không biết thông tin này có chính xác theo văn bản nào không?",citation,abstractive,True,0.0,0.0,0.0,0.0,0.0,0.0,-0.08426158821415738,-0.0790513833992095,24.78602369742265
vlrag-8c4ce236d3,HybridGraph_minus_DenseGraph,"Doanh nghiệp của tôi có nghe nói về quy định bổ sung đối tượng được thanh toán cước điện thoại di động, cụ thể là Phó Chủ tịch Hội Nhà báo tỉnh, không biết thông tin này có chính xác theo văn bản nào không?",citation,abstractive,True,0.0,0.0,0.0,0.0,0.0,0.0,0.005737508964857807,0.030600047812574693,27.28312833442368
vlrag-8d07b2c897,DenseGraph_minus_DenseOnly,Làm sao để biết quy định về chế độ chi tiêu cho xúc tiến thương mại năm 2009 dựa trên văn bản nào của Chính phủ?,citation,abstractive,True,0.0,0.0,0.0,0.0,0.0,0.0,0.018691588785046787,0.018691588785046814,1.4465583480000515
vlrag-8d07b2c897,HybridGraph_minus_HybridOnly,Làm sao để biết quy định về chế độ chi tiêu cho xúc tiến thương mại năm 2009 dựa trên văn bản nào của Chính phủ?,citation,abstractive,True,0.0,0.0,0.0,0.0,0.0,0.0,0.06813207726710441,0.02645351603387569,-1.1345209890005208
vlrag-8d07b2c897,HybridOnly_minus_DenseOnly,Làm sao để biết quy định về chế độ chi tiêu cho xúc tiến thương mại năm 2009 dựa trên văn bản nào của Chính phủ?,citation,abstractive,True,0.0,0.0,0.8,0.6131471927654584,0.0,0.0,-0.0840116571198874,-0.0363782534418651,23.12586636942132
vlrag-8d07b2c897,HybridGraph_minus_DenseGraph,Làm sao để biết quy định về chế độ chi tiêu cho xúc tiến thương mại năm 2009 dựa trên văn bản nào của Chính phủ?,citation,abstractive,True,0.0,0.0,0.8,0.6131471927654584,0.0,0.0,-0.034571168637829774,-0.028616326193036223,20.54478703242075
vlrag-8e069b09b4,DenseGraph_minus_DenseOnly,Có cần phải thực hiện thủ tục gì thêm sau khi Hội đồng nhân dân tỉnh đã thông qua Nghị quyết về việc điều chỉnh địa giới hành chính không?,single_hop,extractive,True,0.0,0.0,0.0,0.0,0.0,0.0,-0.02506846429323789,-0.019170002106593698,-0.9142153770008008
vlrag-8e069b09b4,HybridGraph_minus_HybridOnly,Có cần phải thực hiện thủ tục gì thêm sau khi Hội đồng nhân dân tỉnh đã thông qua Nghị quyết về việc điều chỉnh địa giới hành chính không?,single_hop,extractive,True,0.0,0.0,0.0,0.0,0.0,0.0,0.005780775216778999,0.018231675683687776,-0.03399395900123636
vlrag-8e069b09b4,HybridOnly_minus_DenseOnly,Có cần phải thực hiện thủ tục gì thêm sau khi Hội đồng nhân dân tỉnh đã thông qua Nghị quyết về việc điều chỉnh địa giới hành chính không?,single_hop,extractive,True,0.0,0.0,0.0,0.0,0.0,0.0,-0.031605040280933694,-0.004751084486676271,26.570281704424534
vlrag-8e069b09b4,HybridGraph_minus_DenseGraph,Có cần phải thực hiện thủ tục gì thêm sau khi Hội đồng nhân dân tỉnh đã thông qua Nghị quyết về việc điều chỉnh địa giới hành chính không?,single_hop,extractive,True,0.0,0.0,0.0,0.0,0.0,0.0,-0.0007558007709168035,0.0326505933036052,27.4505031224241
vlrag-8eebc48287,DenseGraph_minus_DenseOnly,"Trong trường hợp tôi muốn nộp thông báo tổ chức quyên góp cho hoạt động tín ngưỡng, tôi cần liên hệ cơ quan nào tại Cà Mau để nộp hồ sơ?",single_hop,abstractive,True,-1.0,-1.0,-0.1666666666666666,-0.3562071871080222,-0.1,0.0,-0.00419397116644829,-0.00419397116644829,-1.034273851000762
vlrag-8eebc48287,HybridGraph_minus_HybridOnly,"Trong trường hợp tôi muốn nộp thông báo tổ chức quyên góp cho hoạt động tín ngưỡng, tôi cần liên hệ cơ quan nào tại Cà Mau để nộp hồ sơ?",single_hop,abstractive,True,0.0,0.0,0.0,0.0,0.0,0.0,0.021724502547341998,0.021724502547341998,0.035244924998554694
vlrag-8eebc48287,HybridOnly_minus_DenseOnly,"Trong trường hợp tôi muốn nộp thông báo tổ chức quyên góp cho hoạt động tín ngưỡng, tôi cần liên hệ cơ quan nào tại Cà Mau để nộp hồ sơ?",single_hop,abstractive,True,0.0,0.0,0.0833333333333334,0.07446937096537082,0.0,0.0,-0.0171983356449376,-0.0171983356449376,25.265891376421397
vlrag-8eebc48287,HybridGraph_minus_DenseGraph,"Trong trường hợp tôi muốn nộp thông báo tổ chức quyên góp cho hoạt động tín ngưỡng, tôi cần liên hệ cơ quan nào tại Cà Mau để nộp hồ sơ?",single_hop,abstractive,True,1.0,1.0,0.25,0.430676558073393,0.1,0.0,0.00872013806885269,0.00872013806885269,26.335410152420714
vlrag-8fba588e5b,DenseGraph_minus_DenseOnly,"Nếu từ ngày 01/01/2023, tỉnh Điện Biên áp dụng quy định mới về quản lý biên chế thì việc thực hiện các thủ tục này có tốn phí hay lệ phí gì không?",single_hop,unanswerable,False,0.0,0.0,0.0,0.0,0.0,0.0,0.0,0.0,-0.9589917580001384
vlrag-8fba588e5b,HybridGraph_minus_HybridOnly,"Nếu từ ngày 01/01/2023, tỉnh Điện Biên áp dụng quy định mới về quản lý biên chế thì việc thực hiện các thủ tục này có tốn phí hay lệ phí gì không?",single_hop,unanswerable,False,0.0,0.0,0.0,0.0,0.0,0.0,0.559289790741915,0.5833861762840837,-1.3706366770020395
vlrag-8fba588e5b,HybridOnly_minus_DenseOnly,"Nếu từ ngày 01/01/2023, tỉnh Điện Biên áp dụng quy định mới về quản lý biên chế thì việc thực hiện các thủ tục này có tốn phí hay lệ phí gì không?",single_hop,unanswerable,False,0.0,0.0,0.0,0.0,0.0,0.0,-0.559289790741915,-0.5833861762840837,26.54480674742189
vlrag-8fba588e5b,HybridGraph_minus_DenseGraph,"Nếu từ ngày 01/01/2023, tỉnh Điện Biên áp dụng quy định mới về quản lý biên chế thì việc thực hiện các thủ tục này có tốn phí hay lệ phí gì không?",single_hop,unanswerable,False,0.0,0.0,0.0,0.0,0.0,0.0,0.0,0.0,26.13316182841999
vlrag-91017aea55,DenseGraph_minus_DenseOnly,"Sắp tới tôi có kế hoạch khai thác than bùn bằng phương pháp lộ thiên, liệu tôi có phải tuân theo các quy định về nghiệm thu, kiểm tra khối lượng đất đá bóc như các mỏ than thông thường không?",single_hop,boolean,True,0.0,0.0,0.0,0.0,0.0,0.0,0.0,0.0,-0.3672985219996008
vlrag-91017aea55,HybridGraph_minus_HybridOnly,"Sắp tới tôi có kế hoạch khai thác than bùn bằng phương pháp lộ thiên, liệu tôi có phải tuân theo các quy định về nghiệm thu, kiểm tra khối lượng đất đá bóc như các mỏ than thông thường không?",single_hop,boolean,True,0.0,0.0,0.0,0.0,0.0,0.0,0.0004960317460317026,0.0004960317460317026,0.9225573549992951
vlrag-91017aea55,HybridOnly_minus_DenseOnly,"Sắp tới tôi có kế hoạch khai thác than bùn bằng phương pháp lộ thiên, liệu tôi có phải tuân theo các quy định về nghiệm thu, kiểm tra khối lượng đất đá bóc như các mỏ than thông thường không?",single_hop,boolean,True,0.0,0.0,-0.16666666666666669,-0.13092975357145753,0.0,0.0,-0.007965686274509803,-0.007965686274509803,25.457432247421544
vlrag-91017aea55,HybridGraph_minus_DenseGraph,"Sắp tới tôi có kế hoạch khai thác than bùn bằng phương pháp lộ thiên, liệu tôi có phải tuân theo các quy định về nghiệm thu, kiểm tra khối lượng đất đá bóc như các mỏ than thông thường không?",single_hop,boolean,True,0.0,0.0,-0.16666666666666669,-0.13092975357145753,0.0,0.0,-0.007469654528478101,-0.007469654528478101,26.74728812442044
vlrag-910ae681fd,DenseGraph_minus_DenseOnly,"Doanh nghiệp của tôi có hoạt động xuất khẩu, nhập khẩu tại chỗ, tôi có nghĩa vụ gì đối với cơ quan nhà nước về số liệu hàng hóa này không?",single_hop,abstractive,True,0.0,0.0,0.0,0.0,0.0,0.0,-0.010000000000000092,-0.06753846153846152,6.3358549609999955
vlrag-910ae681fd,HybridGraph_minus_HybridOnly,"Doanh nghiệp của tôi có hoạt động xuất khẩu, nhập khẩu tại chỗ, tôi có nghĩa vụ gì đối với cơ quan nhà nước về số liệu hàng hóa này không?",single_hop,abstractive,True,0.6666666666666667,0.0,0.0,0.5307212739772436,0.19999999999999998,0.0,0.3045373489201506,0.2557955220923321,-0.9149874440008716
vlrag-910ae681fd,HybridOnly_minus_DenseOnly,"Doanh nghiệp của tôi có hoạt động xuất khẩu, nhập khẩu tại chỗ, tôi có nghĩa vụ gì đối với cơ quan nhà nước về số liệu hàng hóa này không?",single_hop,abstractive,True,0.3333333333333333,1.0,1.0,0.4692787260227564,0.1,0.0,0.1189320388349514,0.00205377147124719,27.32907487242318
vlrag-910ae681fd,HybridGraph_minus_DenseGraph,"Doanh nghiệp của tôi có hoạt động xuất khẩu, nhập khẩu tại chỗ, tôi có nghĩa vụ gì đối với cơ quan nhà nước về số liệu hàng hóa này không?",single_hop,abstractive,True,1.0,1.0,1.0,1.0,0.3,0.0,0.43346938775510213,0.32538775510204077,20.078232467422314
vlrag-929529658e,DenseGraph_minus_DenseOnly,"Tôi đang hỗ trợ xử lý hồ sơ tuyển dụng công chức cho một người dân, xin hỏi hiện nay có quy định nào về trường hợp đặc biệt nào cho phép tôi được miễn trừ bớt thủ tục không?",single_hop,unanswerable,False,0.0,0.0,0.0,0.0,0.0,0.0,-0.0051221434200158025,-0.0051221434200158025,1.087945725000055
vlrag-929529658e,HybridGraph_minus_HybridOnly,"Tôi đang hỗ trợ xử lý hồ sơ tuyển dụng công chức cho một người dân, xin hỏi hiện nay có quy định nào về trường hợp đặc biệt nào cho phép tôi được miễn trừ bớt thủ tục không?",single_hop,unanswerable,False,0.0,0.0,0.0,0.0,0.0,0.0,0.0056428543438223,0.0028214271719111013,-1.1891468060002808
vlrag-929529658e,HybridOnly_minus_DenseOnly,"Tôi đang hỗ trợ xử lý hồ sơ tuyển dụng công chức cho một người dân, xin hỏi hiện nay có quy định nào về trường hợp đặc biệt nào cho phép tôi được miễn trừ bớt thủ tục không?",single_hop,unanswerable,False,0.0,0.0,0.0,0.0,0.0,0.0,0.010300241069471798,-0.013368397983782601,26.932046788423634
vlrag-929529658e,HybridGraph_minus_DenseGraph,"Tôi đang hỗ trợ xử lý hồ sơ tuyển dụng công chức cho một người dân, xin hỏi hiện nay có quy định nào về trường hợp đặc biệt nào cho phép tôi được miễn trừ bớt thủ tục không?",single_hop,unanswerable,False,0.0,0.0,0.0,0.0,0.0,0.0,0.0210652388333099,-0.005424827391855697,24.6549542574233
vlrag-93bc7d3971,DenseGraph_minus_DenseOnly,"Doanh nghiệp của tôi đang muốn thực hiện việc hạ giải một phần di tích để tu bổ. Tôi muốn biết định nghĩa chính xác về hạ giải di tích để đảm bảo thực hiện đúng, tránh sai lệch về mặt kỹ thuật?",legal_validity,extractive,True,0.0,0.0,0.0,0.0,0.0,0.0,0.06968029976879542,0.06968029976879542,-1.1776700360001087
vlrag-93bc7d3971,HybridGraph_minus_HybridOnly,"Doanh nghiệp của tôi đang muốn thực hiện việc hạ giải một phần di tích để tu bổ. Tôi muốn biết định nghĩa chính xác về hạ giải di tích để đảm bảo thực hiện đúng, tránh sai lệch về mặt kỹ thuật?",legal_validity,extractive,True,-1.0,-1.0,-0.125,-0.3154648767857287,-0.1,0.0,0.0,0.0,-0.07860599099876708
vlrag-93bc7d3971,HybridOnly_minus_DenseOnly,"Doanh nghiệp của tôi đang muốn thực hiện việc hạ giải một phần di tích để tu bổ. Tôi muốn biết định nghĩa chính xác về hạ giải di tích để đảm bảo thực hiện đúng, tránh sai lệch về mặt kỹ thuật?",legal_validity,extractive,True,0.0,0.0,-0.375,-0.3154648767857288,0.0,0.0,-0.1763475462590507,-0.24907481898632344,25.99122908142289
vlrag-93bc7d3971,HybridGraph_minus_DenseGraph,"Doanh nghiệp của tôi đang muốn thực hiện việc hạ giải một phần di tích để tu bổ. Tôi muốn biết định nghĩa chính xác về hạ giải di tích để đảm bảo thực hiện đúng, tránh sai lệch về mặt kỹ thuật?",legal_validity,extractive,True,-1.0,-1.0,-0.5,-0.6309297535714575,-0.1,0.0,-0.2460278460278461,-0.31875511875511886,27.090293126424232
vlrag-947723c390,DenseGraph_minus_DenseOnly,Gia đình tôi muốn biết liệu có trường hợp nào mà doanh nghiệp không cần phải khai báo hải quan khi thực hiện giao nhận hàng hóa xuất nhập khẩu tại chỗ không?,single_hop,unanswerable,False,0.0,0.0,0.0,0.0,0.0,0.0,0.0,0.0,-10.64600557499989
vlrag-947723c390,HybridGraph_minus_HybridOnly,Gia đình tôi muốn biết liệu có trường hợp nào mà doanh nghiệp không cần phải khai báo hải quan khi thực hiện giao nhận hàng hóa xuất nhập khẩu tại chỗ không?,single_hop,unanswerable,False,0.0,0.0,0.0,0.0,0.0,0.0,0.0,0.0,-0.42283531600151036
vlrag-947723c390,HybridOnly_minus_DenseOnly,Gia đình tôi muốn biết liệu có trường hợp nào mà doanh nghiệp không cần phải khai báo hải quan khi thực hiện giao nhận hàng hóa xuất nhập khẩu tại chỗ không?,single_hop,unanswerable,False,0.0,0.0,0.0,0.0,0.0,0.0,0.0,0.0,7.674922316423082
vlrag-947723c390,HybridGraph_minus_DenseGraph,Gia đình tôi muốn biết liệu có trường hợp nào mà doanh nghiệp không cần phải khai báo hải quan khi thực hiện giao nhận hàng hóa xuất nhập khẩu tại chỗ không?,single_hop,unanswerable,False,0.0,0.0,0.0,0.0,0.0,0.0,0.0,0.0,17.89809257542146
vlrag-948040f7c6,DenseGraph_minus_DenseOnly,Làm sao để biết tôi cần nộp bao nhiêu lệ phí cho thủ tục bổ nhiệm kế toán trưởng tại đơn vị của mình?,single_hop,unanswerable,False,0.0,0.0,0.0,0.0,0.0,0.0,0.0,0.0,1.6547498709996944
vlrag-948040f7c6,HybridGraph_minus_HybridOnly,Làm sao để biết tôi cần nộp bao nhiêu lệ phí cho thủ tục bổ nhiệm kế toán trưởng tại đơn vị của mình?,single_hop,unanswerable,False,0.0,0.0,0.0,0.0,0.0,0.0,0.0,0.0,-3.1687177280000434
vlrag-948040f7c6,HybridOnly_minus_DenseOnly,Làm sao để biết tôi cần nộp bao nhiêu lệ phí cho thủ tục bổ nhiệm kế toán trưởng tại đơn vị của mình?,single_hop,unanswerable,False,0.0,0.0,0.0,0.0,0.0,0.0,0.0,0.0,29.500996207419746
vlrag-948040f7c6,HybridGraph_minus_DenseGraph,Làm sao để biết tôi cần nộp bao nhiêu lệ phí cho thủ tục bổ nhiệm kế toán trưởng tại đơn vị của mình?,single_hop,unanswerable,False,0.0,0.0,0.0,0.0,0.0,0.0,0.0,0.0,24.67752860842001
vlrag-968f09d93b,DenseGraph_minus_DenseOnly,"Sắp tới tôi dự định thành lập hợp tác xã tiểu công nghiệp, tôi cần liên hệ cơ quan nào để được hướng dẫn cách làm sổ sách kế toán phù hợp với đặc thù ngành nghề của mình?",single_hop,abstractive,True,0.0,0.0,0.0,0.0,0.0,0.0,0.009902912621359228,0.009902912621359228,3.669352453999636
vlrag-968f09d93b,HybridGraph_minus_HybridOnly,"Sắp tới tôi dự định thành lập hợp tác xã tiểu công nghiệp, tôi cần liên hệ cơ quan nào để được hướng dẫn cách làm sổ sách kế toán phù hợp với đặc thù ngành nghề của mình?",single_hop,abstractive,True,0.0,0.0,0.0,0.0,0.0,0.0,-0.003434343434343512,-0.003434343434343512,0.38684197500333184
vlrag-968f09d93b,HybridOnly_minus_DenseOnly,"Sắp tới tôi dự định thành lập hợp tác xã tiểu công nghiệp, tôi cần liên hệ cơ quan nào để được hướng dẫn cách làm sổ sách kế toán phù hợp với đặc thù ngành nghề của mình?",single_hop,abstractive,True,0.0,0.0,0.75,0.569323441926607,0.0,0.0,0.01333725605570274,0.01333725605570274,27.328653642421337
vlrag-968f09d93b,HybridGraph_minus_DenseGraph,"Sắp tới tôi dự định thành lập hợp tác xã tiểu công nghiệp, tôi cần liên hệ cơ quan nào để được hướng dẫn cách làm sổ sách kế toán phù hợp với đặc thù ngành nghề của mình?",single_hop,abstractive,True,0.0,0.0,0.75,0.569323441926607,0.0,0.0,0.0,0.0,24.046143163425032
vlrag-9693796744,DenseGraph_minus_DenseOnly,Doanh nghiệp của tôi đang muốn tìm hiểu về quy định mới về tổ chức nhà tang lễ tại Đắk Lắk thì làm sao biết các quyết định cũ trước đây còn hiệu lực hay không?,single_hop,abstractive,True,0.0,0.0,0.0,0.0,0.0,0.0,-0.009452201933405013,0.0070891514500537045,-1.1275871429998006
vlrag-9693796744,HybridGraph_minus_HybridOnly,Doanh nghiệp của tôi đang muốn tìm hiểu về quy định mới về tổ chức nhà tang lễ tại Đắk Lắk thì làm sao biết các quyết định cũ trước đây còn hiệu lực hay không?,single_hop,abstractive,True,-1.0,-1.0,-0.1666666666666666,-0.3562071871080222,-0.1,0.0,-0.050980392156862786,-0.0028985507246376274,0.5694261669996195
vlrag-9693796744,HybridOnly_minus_DenseOnly,Doanh nghiệp của tôi đang muốn tìm hiểu về quy định mới về tổ chức nhà tang lễ tại Đắk Lắk thì làm sao biết các quyết định cũ trước đây còn hiệu lực hay không?,single_hop,abstractive,True,0.0,0.0,-0.1666666666666667,-0.14379281289197782,0.0,0.0,0.08363345338135247,0.10884353741496602,25.933154324420858
vlrag-9693796744,HybridGraph_minus_DenseGraph,Doanh nghiệp của tôi đang muốn tìm hiểu về quy định mới về tổ chức nhà tang lễ tại Đắk Lắk thì làm sao biết các quyết định cũ trước đây còn hiệu lực hay không?,single_hop,abstractive,True,-1.0,-1.0,-0.3333333333333333,-0.5,-0.1,0.0,0.0421052631578947,0.09885583524027469,27.63016763442028
vlrag-96c5612f35,DenseGraph_minus_DenseOnly,"Chúng tôi đang muốn liên hệ để tham gia vào Hội đồng phối hợp công tác phổ biến, giáo dục pháp luật của tỉnh, không biết các thành phần nào đã được chỉ định tham gia hội đồng này?",single_hop,abstractive,True,0.0,0.0,0.0,0.0,0.0,0.0,-0.012021857923497303,-0.005874316939890684,-0.9127629360000356
vlrag-96c5612f35,HybridGraph_minus_HybridOnly,"Chúng tôi đang muốn liên hệ để tham gia vào Hội đồng phối hợp công tác phổ biến, giáo dục pháp luật của tỉnh, không biết các thành phần nào đã được chỉ định tham gia hội đồng này?",single_hop,abstractive,True,-1.0,-1.0,-0.1428571428571428,-0.3333333333333333,-0.1,0.0,0.0,0.0,-0.8886208319963771
vlrag-96c5612f35,HybridOnly_minus_DenseOnly,"Chúng tôi đang muốn liên hệ để tham gia vào Hội đồng phối hợp công tác phổ biến, giáo dục pháp luật của tỉnh, không biết các thành phần nào đã được chỉ định tham gia hội đồng này?",single_hop,abstractive,True,0.0,0.0,-0.19047619047619052,-0.16666666666666669,0.0,0.0,-0.2223504964211499,-0.09120295543754328,22.547437681420607
vlrag-96c5612f35,HybridGraph_minus_DenseGraph,"Chúng tôi đang muốn liên hệ để tham gia vào Hội đồng phối hợp công tác phổ biến, giáo dục pháp luật của tỉnh, không biết các thành phần nào đã được chỉ định tham gia hội đồng này?",single_hop,abstractive,True,-1.0,-1.0,-0.3333333333333333,-0.5,-0.1,0.0,-0.2103286384976526,-0.0853286384976526,22.571579785424266
vlrag-976d13b280,DenseGraph_minus_DenseOnly,Tôi muốn biết trình tự pháp lý cơ bản nhất hiện nay để thực hiện việc nuôi con nuôi là căn cứ theo luật nào của Quốc hội?,single_hop,extractive,True,0.0,0.0,0.0,0.0,0.0,0.0,0.051282051282051294,0.051282051282051294,-0.20438639899975897
vlrag-976d13b280,HybridGraph_minus_HybridOnly,Tôi muốn biết trình tự pháp lý cơ bản nhất hiện nay để thực hiện việc nuôi con nuôi là căn cứ theo luật nào của Quốc hội?,single_hop,extractive,True,-1.0,-1.0,-0.1428571428571428,-0.3333333333333333,-0.1,0.0,0.1063627730294397,0.1063627730294397,-2.993499282001718
vlrag-976d13b280,HybridOnly_minus_DenseOnly,Tôi muốn biết trình tự pháp lý cơ bản nhất hiện nay để thực hiện việc nuôi con nuôi là căn cứ theo luật nào của Quốc hội?,single_hop,extractive,True,0.0,0.0,-0.19047619047619052,-0.16666666666666669,0.0,0.0,-0.0550807217473884,-0.0550807217473884,29.141565299422098
vlrag-976d13b280,HybridGraph_minus_DenseGraph,Tôi muốn biết trình tự pháp lý cơ bản nhất hiện nay để thực hiện việc nuôi con nuôi là căn cứ theo luật nào của Quốc hội?,single_hop,extractive,True,-1.0,-1.0,-0.3333333333333333,-0.5,-0.1,0.0,0.0,0.0,26.35245241642014
vlrag-98b15859c2,DenseGraph_minus_DenseOnly,Doanh nghiệp của tôi có nghe nói về quy định tại Quyết định số 60/2017/QĐ-UBND về việc sửa đổi chính sách hỗ trợ sản xuất nông nghiệp tốt. Xin hỏi doanh nghiệp phải làm gì để được hỗ trợ?,citation,abstractive,True,0.0,0.0,0.0,0.0,0.0,0.0,0.009469696969696906,0.02777777777777779,-1.4063891089999743
vlrag-98b15859c2,HybridGraph_minus_HybridOnly,Doanh nghiệp của tôi có nghe nói về quy định tại Quyết định số 60/2017/QĐ-UBND về việc sửa đổi chính sách hỗ trợ sản xuất nông nghiệp tốt. Xin hỏi doanh nghiệp phải làm gì để được hỗ trợ?,citation,abstractive,True,0.0,0.0,-0.1666666666666667,-0.14379281289197782,0.0,0.0,0.014392991239048802,0.06925323320817689,0.1721266860004107
vlrag-98b15859c2,HybridOnly_minus_DenseOnly,Doanh nghiệp của tôi có nghe nói về quy định tại Quyết định số 60/2017/QĐ-UBND về việc sửa đổi chính sách hỗ trợ sản xuất nông nghiệp tốt. Xin hỏi doanh nghiệp phải làm gì để được hỗ trợ?,citation,abstractive,True,0.0,0.0,0.08333333333333331,0.069323441926607,0.0,0.0,-0.11154094132817538,-0.10520094562647761,25.922481881420424
vlrag-98b15859c2,HybridGraph_minus_DenseGraph,Doanh nghiệp của tôi có nghe nói về quy định tại Quyết định số 60/2017/QĐ-UBND về việc sửa đổi chính sách hỗ trợ sản xuất nông nghiệp tốt. Xin hỏi doanh nghiệp phải làm gì để được hỗ trợ?,citation,abstractive,True,0.0,0.0,-0.0833333333333334,-0.07446937096537082,0.0,0.0,-0.10661764705882348,-0.06372549019607851,27.50099767642081
vlrag-9a26be8916,DenseGraph_minus_DenseOnly,"Trong trường hợp tôi muốn bắt đầu hoạt động kinh doanh tại một đơn vị nghệ thuật chuyên nghiệp ở tỉnh Cà Mau, tôi cần tìm hiểu các quy định về hỗ trợ đặc thù ở đâu và thực hiện theo trình tự nào?",single_hop,unanswerable,False,0.0,0.0,0.0,0.0,0.0,0.0,-0.0110144927536232,-0.0110144927536232,1.2022095019999597
vlrag-9a26be8916,HybridGraph_minus_HybridOnly,"Trong trường hợp tôi muốn bắt đầu hoạt động kinh doanh tại một đơn vị nghệ thuật chuyên nghiệp ở tỉnh Cà Mau, tôi cần tìm hiểu các quy định về hỗ trợ đặc thù ở đâu và thực hiện theo trình tự nào?",single_hop,unanswerable,False,0.0,0.0,0.0,0.0,0.0,0.0,-0.0326530612244898,-0.0326530612244898,-0.538386631997124
vlrag-9a26be8916,HybridOnly_minus_DenseOnly,"Trong trường hợp tôi muốn bắt đầu hoạt động kinh doanh tại một đơn vị nghệ thuật chuyên nghiệp ở tỉnh Cà Mau, tôi cần tìm hiểu các quy định về hỗ trợ đặc thù ở đâu và thực hiện theo trình tự nào?",single_hop,unanswerable,False,0.0,0.0,0.0,0.0,0.0,0.0,0.021224489795918296,0.021224489795918296,25.02829931242076
vlrag-9a26be8916,HybridGraph_minus_DenseGraph,"Trong trường hợp tôi muốn bắt đầu hoạt động kinh doanh tại một đơn vị nghệ thuật chuyên nghiệp ở tỉnh Cà Mau, tôi cần tìm hiểu các quy định về hỗ trợ đặc thù ở đâu và thực hiện theo trình tự nào?",single_hop,unanswerable,False,0.0,0.0,0.0,0.0,0.0,0.0,-0.0004140786749483004,-0.0004140786749483004,23.287703178423676
vlrag-9a2e3aa57a,DenseGraph_minus_DenseOnly,Có cần chuẩn bị hồ sơ gì đặc biệt khi nộp đơn xin thành lập Hội đồng đạo đức trong nghiên cứu y sinh học không?,single_hop,unanswerable,False,0.0,0.0,0.0,0.0,0.0,0.0,0.002587474272272801,0.012466921493678399,1.232521194000583
vlrag-9a2e3aa57a,HybridGraph_minus_HybridOnly,Có cần chuẩn bị hồ sơ gì đặc biệt khi nộp đơn xin thành lập Hội đồng đạo đức trong nghiên cứu y sinh học không?,single_hop,unanswerable,False,0.0,0.0,0.0,0.0,0.0,0.0,0.010489510489510495,0.006993006993006999,0.0860926800014532
vlrag-9a2e3aa57a,HybridOnly_minus_DenseOnly,Có cần chuẩn bị hồ sơ gì đặc biệt khi nộp đơn xin thành lập Hội đồng đạo đức trong nghiên cứu y sinh học không?,single_hop,unanswerable,False,0.0,0.0,0.0,0.0,0.0,0.0,0.015587044534412897,0.017408906882591103,22.641977809421125
vlrag-9a2e3aa57a,HybridGraph_minus_DenseGraph,Có cần chuẩn bị hồ sơ gì đặc biệt khi nộp đơn xin thành lập Hội đồng đạo đức trong nghiên cứu y sinh học không?,single_hop,unanswerable,False,0.0,0.0,0.0,0.0,0.0,0.0,0.02348908075165059,0.011934992381919703,21.495549295421995
vlrag-9a789fe516,DenseGraph_minus_DenseOnly,"Gia đình tôi đang chuẩn bị hồ sơ để thành lập đội dân phòng, không biết cần chuẩn bị những giấy tờ gì để được trang bị phương tiện phòng cháy chữa cháy theo quy định?",single_hop,unanswerable,False,0.0,0.0,0.0,0.0,0.0,0.0,0.0010107816711589987,0.0010107816711589987,-0.7595861700001478
vlrag-9a789fe516,HybridGraph_minus_HybridOnly,"Gia đình tôi đang chuẩn bị hồ sơ để thành lập đội dân phòng, không biết cần chuẩn bị những giấy tờ gì để được trang bị phương tiện phòng cháy chữa cháy theo quy định?",single_hop,unanswerable,False,0.0,0.0,0.0,0.0,0.0,0.0,-0.035695942475603495,-0.035695942475603495,-3.804659496996461
vlrag-9a789fe516,HybridOnly_minus_DenseOnly,"Gia đình tôi đang chuẩn bị hồ sơ để thành lập đội dân phòng, không biết cần chuẩn bị những giấy tờ gì để được trang bị phương tiện phòng cháy chữa cháy theo quy định?",single_hop,unanswerable,False,0.0,0.0,0.0,0.0,0.0,0.0,0.0329903147699758,0.0329903147699758,30.83266085441636
vlrag-9a789fe516,HybridGraph_minus_DenseGraph,"Gia đình tôi đang chuẩn bị hồ sơ để thành lập đội dân phòng, không biết cần chuẩn bị những giấy tờ gì để được trang bị phương tiện phòng cháy chữa cháy theo quy định?",single_hop,unanswerable,False,0.0,0.0,0.0,0.0,0.0,0.0,-0.0037164093767866994,-0.0037164093767866994,27.787587527420047
vlrag-9a82819e6f,DenseGraph_minus_DenseOnly,Có được hỗ trợ kinh phí khi gia đình tôi tham gia quản lý và sửa chữa công trình hạ tầng do xã quản lý tại Lào Cai không?,single_hop,boolean,True,0.0,0.0,0.0,0.0,0.0,0.0,-0.0013084112149533006,-0.0013084112149533006,3.0154290230002516
vlrag-9a82819e6f,HybridGraph_minus_HybridOnly,Có được hỗ trợ kinh phí khi gia đình tôi tham gia quản lý và sửa chữa công trình hạ tầng do xã quản lý tại Lào Cai không?,single_hop,boolean,True,0.0,0.0,0.0,0.0,0.0,0.0,0.003727431566686,0.003727431566686,-1.0619301650003763
vlrag-9a82819e6f,HybridOnly_minus_DenseOnly,Có được hỗ trợ kinh phí khi gia đình tôi tham gia quản lý và sửa chữa công trình hạ tầng do xã quản lý tại Lào Cai không?,single_hop,boolean,True,0.0,0.0,0.0,0.0,0.0,0.0,-0.00019801980198020167,-0.00019801980198020167,27.36560868242094
vlrag-9a82819e6f,HybridGraph_minus_DenseGraph,Có được hỗ trợ kinh phí khi gia đình tôi tham gia quản lý và sửa chữa công trình hạ tầng do xã quản lý tại Lào Cai không?,single_hop,boolean,True,0.0,0.0,0.0,0.0,0.0,0.0,0.004837822979659099,0.004837822979659099,23.288249494420313
vlrag-9a91265119,DenseGraph_minus_DenseOnly,Có được căn cứ vào Nghị quyết 21/2006/NQ-HĐND để yêu cầu cơ quan chức năng làm thủ tục cho xã Đak Năng không?,single_hop,boolean,True,0.0,0.0,0.0,0.0,0.0,0.0,-0.0009469696969696996,-0.0009469696969696996,-0.9967745490012021
vlrag-9a91265119,HybridGraph_minus_HybridOnly,Có được căn cứ vào Nghị quyết 21/2006/NQ-HĐND để yêu cầu cơ quan chức năng làm thủ tục cho xã Đak Năng không?,single_hop,boolean,True,-1.0,-1.0,-0.125,-0.3154648767857287,-0.1,0.0,0.0,0.0,-0.08360940299826325
vlrag-9a91265119,HybridOnly_minus_DenseOnly,Có được căn cứ vào Nghị quyết 21/2006/NQ-HĐND để yêu cầu cơ quan chức năng làm thủ tục cho xã Đak Năng không?,single_hop,boolean,True,0.0,0.0,-0.125,-0.11521168128766429,0.0,0.0,0.1354166666666666,0.1354166666666666,25.4496981564177
vlrag-9a91265119,HybridGraph_minus_DenseGraph,Có được căn cứ vào Nghị quyết 21/2006/NQ-HĐND để yêu cầu cơ quan chức năng làm thủ tục cho xã Đak Năng không?,single_hop,boolean,True,-1.0,-1.0,-0.25,-0.430676558073393,-0.1,0.0,0.1363636363636363,0.1363636363636363,26.36286330242064
vlrag-9aed41736c,DenseGraph_minus_DenseOnly,Làm sao để tôi có thể hỗ trợ các hộ sản xuất nông nghiệp không thực hiện đăng ký áp dụng VietGAP mà vẫn được hưởng kinh phí hỗ trợ của tỉnh?,single_hop,boolean,True,0.0,0.0,0.0,0.0,0.0,0.0,-0.1372549019607843,-0.1372549019607843,0.7225283759999002
vlrag-9aed41736c,HybridGraph_minus_HybridOnly,Làm sao để tôi có thể hỗ trợ các hộ sản xuất nông nghiệp không thực hiện đăng ký áp dụng VietGAP mà vẫn được hưởng kinh phí hỗ trợ của tỉnh?,single_hop,boolean,True,0.0,0.0,0.0,0.0,0.0,0.0,0.0,0.0,-0.2688945380014012
vlrag-9aed41736c,HybridOnly_minus_DenseOnly,Làm sao để tôi có thể hỗ trợ các hộ sản xuất nông nghiệp không thực hiện đăng ký áp dụng VietGAP mà vẫn được hưởng kinh phí hỗ trợ của tỉnh?,single_hop,boolean,True,0.0,0.0,0.0,0.0,0.0,0.0,0.0,0.0,26.601995750422418
vlrag-9aed41736c,HybridGraph_minus_DenseGraph,Làm sao để tôi có thể hỗ trợ các hộ sản xuất nông nghiệp không thực hiện đăng ký áp dụng VietGAP mà vẫn được hưởng kinh phí hỗ trợ của tỉnh?,single_hop,boolean,True,0.0,0.0,0.0,0.0,0.0,0.0,0.1372549019607843,0.1372549019607843,25.610572836421117
vlrag-9c8106f75c,DenseGraph_minus_DenseOnly,"Sắp tới tôi dự định làm thủ tục thông báo về việc giải thể tổ chức tôn giáo trực thuộc. Nghe nói Ủy ban nhân dân tỉnh Cà Mau vừa có quyết định phân cấp việc này cho cơ quan khác, tôi muốn xác minh xem thông tin này có chính xác theo Quyết định 16/2025/QĐ-UBND không?",citation,boolean,True,0.0,0.0,0.0,0.0,0.0,0.0,0.0210526315789473,0.0210526315789473,-0.0632780100004311
vlrag-9c8106f75c,HybridGraph_minus_HybridOnly,"Sắp tới tôi dự định làm thủ tục thông báo về việc giải thể tổ chức tôn giáo trực thuộc. Nghe nói Ủy ban nhân dân tỉnh Cà Mau vừa có quyết định phân cấp việc này cho cơ quan khác, tôi muốn xác minh xem thông tin này có chính xác theo Quyết định 16/2025/QĐ-UBND không?",citation,boolean,True,0.0,0.0,0.0,0.0,0.0,0.0,0.0,0.0,-2.1368979620019637
vlrag-9c8106f75c,HybridOnly_minus_DenseOnly,"Sắp tới tôi dự định làm thủ tục thông báo về việc giải thể tổ chức tôn giáo trực thuộc. Nghe nói Ủy ban nhân dân tỉnh Cà Mau vừa có quyết định phân cấp việc này cho cơ quan khác, tôi muốn xác minh xem thông tin này có chính xác theo Quyết định 16/2025/QĐ-UBND không?",citation,boolean,True,-1.0,-1.0,-0.5,-0.6309297535714575,-0.1,0.0,0.0,0.0,28.108828411423644
vlrag-9c8106f75c,HybridGraph_minus_DenseGraph,"Sắp tới tôi dự định làm thủ tục thông báo về việc giải thể tổ chức tôn giáo trực thuộc. Nghe nói Ủy ban nhân dân tỉnh Cà Mau vừa có quyết định phân cấp việc này cho cơ quan khác, tôi muốn xác minh xem thông tin này có chính xác theo Quyết định 16/2025/QĐ-UBND không?",citation,boolean,True,-1.0,-1.0,-0.5,-0.6309297535714575,-0.1,0.0,-0.0210526315789473,-0.0210526315789473,26.035208459422112
vlrag-9c83a05cb8,DenseGraph_minus_DenseOnly,"Nếu công ty tôi muốn xác minh lại quy định về chế độ tiền lương đối với cán bộ, công chức, viên chức và lực lượng vũ trang mà cơ quan nhà nước đang áp dụng thì nên dựa vào văn bản nào?",citation,extractive,True,0.0,0.0,0.0,0.0,0.0,0.0,-0.0022522522522522986,-0.0022522522522522986,-1.9682810799999961
vlrag-9c83a05cb8,HybridGraph_minus_HybridOnly,"Nếu công ty tôi muốn xác minh lại quy định về chế độ tiền lương đối với cán bộ, công chức, viên chức và lực lượng vũ trang mà cơ quan nhà nước đang áp dụng thì nên dựa vào văn bản nào?",citation,extractive,True,0.0,0.0,0.0,0.0,0.0,0.0,0.0019230769230769024,0.0019230769230769024,-1.9929478409994736
vlrag-9c83a05cb8,HybridOnly_minus_DenseOnly,"Nếu công ty tôi muốn xác minh lại quy định về chế độ tiền lương đối với cán bộ, công chức, viên chức và lực lượng vũ trang mà cơ quan nhà nước đang áp dụng thì nên dựa vào văn bản nào?",citation,extractive,True,0.0,0.0,0.0,0.0,0.0,0.0,-0.008333333333333304,-0.008333333333333304,25.71410009642085
vlrag-9c83a05cb8,HybridGraph_minus_DenseGraph,"Nếu công ty tôi muốn xác minh lại quy định về chế độ tiền lương đối với cán bộ, công chức, viên chức và lực lượng vũ trang mà cơ quan nhà nước đang áp dụng thì nên dựa vào văn bản nào?",citation,extractive,True,0.0,0.0,0.0,0.0,0.0,0.0,-0.004158004158004103,-0.004158004158004103,25.689433335421374
vlrag-9cb8b6fa40,DenseGraph_minus_DenseOnly,"Chúng tôi đang muốn tìm hiểu quy định pháp luật chính thức về thành phần cũng như nhiệm vụ của Hội đồng phối hợp phổ biến, giáo dục pháp luật để làm căn cứ trình bày trong hồ sơ thủ tục hành chính, thì tôi nên viện dẫn theo văn bản nào?",citation,abstractive,True,0.0,0.0,0.0,0.0,0.0,0.0,0.0533769063180827,0.08278867102396509,-0.9570469350001076
vlrag-9cb8b6fa40,HybridGraph_minus_HybridOnly,"Chúng tôi đang muốn tìm hiểu quy định pháp luật chính thức về thành phần cũng như nhiệm vụ của Hội đồng phối hợp phổ biến, giáo dục pháp luật để làm căn cứ trình bày trong hồ sơ thủ tục hành chính, thì tôi nên viện dẫn theo văn bản nào?",citation,abstractive,True,0.0,0.0,0.0,0.0,0.0,0.0,-0.03555555555555562,0.0279365079365079,-1.425970206000784
vlrag-9cb8b6fa40,HybridOnly_minus_DenseOnly,"Chúng tôi đang muốn tìm hiểu quy định pháp luật chính thức về thành phần cũng như nhiệm vụ của Hội đồng phối hợp phổ biến, giáo dục pháp luật để làm căn cứ trình bày trong hồ sơ thủ tục hành chính, thì tôi nên viện dẫn theo văn bản nào?",citation,abstractive,True,0.0,0.0,0.0,0.0,0.0,0.0,0.01633986928104572,-0.017740429505135408,27.362170187420535
vlrag-9cb8b6fa40,HybridGraph_minus_DenseGraph,"Chúng tôi đang muốn tìm hiểu quy định pháp luật chính thức về thành phần cũng như nhiệm vụ của Hội đồng phối hợp phổ biến, giáo dục pháp luật để làm căn cứ trình bày trong hồ sơ thủ tục hành chính, thì tôi nên viện dẫn theo văn bản nào?",citation,abstractive,True,0.0,0.0,0.0,0.0,0.0,0.0,-0.0725925925925926,-0.0725925925925926,26.89324691641986
vlrag-9d7ec8fe18,DenseGraph_minus_DenseOnly,Làm sao để biết căn cứ pháp lý về thời điểm bắt đầu áp dụng việc thanh toán cước điện thoại cho các đối tượng mới theo Quyết định 07/2008/QĐ-UBND?,citation,extractive,True,0.0,0.0,0.0,0.0,0.0,0.0,0.0,0.0,-0.9076148760000251
vlrag-9d7ec8fe18,HybridGraph_minus_HybridOnly,Làm sao để biết căn cứ pháp lý về thời điểm bắt đầu áp dụng việc thanh toán cước điện thoại cho các đối tượng mới theo Quyết định 07/2008/QĐ-UBND?,citation,extractive,True,0.0,0.0,0.0,0.0,0.0,0.0,0.0,0.0,0.9158792659982282
vlrag-9d7ec8fe18,HybridOnly_minus_DenseOnly,Làm sao để biết căn cứ pháp lý về thời điểm bắt đầu áp dụng việc thanh toán cước điện thoại cho các đối tượng mới theo Quyết định 07/2008/QĐ-UBND?,citation,extractive,True,0.0,0.0,-0.6666666666666667,-0.5,0.0,0.0,0.0,0.0,27.065071924420124
vlrag-9d7ec8fe18,HybridGraph_minus_DenseGraph,Làm sao để biết căn cứ pháp lý về thời điểm bắt đầu áp dụng việc thanh toán cước điện thoại cho các đối tượng mới theo Quyết định 07/2008/QĐ-UBND?,citation,extractive,True,0.0,0.0,-0.6666666666666667,-0.5,0.0,0.0,0.0,0.0,28.888566066418377
vlrag-9db5bcde97,DenseGraph_minus_DenseOnly,"Chúng tôi nghe nói có quy định mới về phân cấp quản lý cán bộ, công chức tại tỉnh Điện Biên, không biết thông tin này có chính xác là văn bản nào quy định không?",citation,extractive,True,0.0,0.0,0.0,0.043771309152025484,0.0,0.0,0.008144796380090497,0.004072398190045304,-0.10960805700005949
vlrag-9db5bcde97,HybridGraph_minus_HybridOnly,"Chúng tôi nghe nói có quy định mới về phân cấp quản lý cán bộ, công chức tại tỉnh Điện Biên, không biết thông tin này có chính xác là văn bản nào quy định không?",citation,extractive,True,-0.5,-1.0,-0.1428571428571428,-0.2043823975884861,-0.1,0.0,0.0378151260504202,0.0189075630252101,-0.8229243780006072
vlrag-9db5bcde97,HybridOnly_minus_DenseOnly,"Chúng tôi nghe nói có quy định mới về phân cấp quản lý cán bộ, công chức tại tỉnh Điện Biên, không biết thông tin này có chính xác là văn bản nào quy định không?",citation,extractive,True,-0.5,0.0,-0.1071428571428572,-0.2531121286013755,-0.1,0.0,0.0,0.0,26.59262998842195
vlrag-9db5bcde97,HybridGraph_minus_DenseGraph,"Chúng tôi nghe nói có quy định mới về phân cấp quản lý cán bộ, công chức tại tỉnh Điện Biên, không biết thông tin này có chính xác là văn bản nào quy định không?",citation,extractive,True,-1.0,-1.0,-0.25,-0.5012658353418871,-0.2,0.0,0.029670329670329704,0.014835164835164796,25.879313667421403
vlrag-9ddfdd4664,DenseGraph_minus_DenseOnly,"Tôi làm đơn vị thực hiện đề án xúc tiến thương mại, nếu phát sinh khoản chi thực tế chưa có hướng dẫn cụ thể thì tôi phải làm gì để đảm bảo đúng quy định?",single_hop,abstractive,True,0.0,0.0,0.0,0.0,0.0,0.0,0.007820831852115184,-0.0029150373266975116,-1.7461047719998533
vlrag-9ddfdd4664,HybridGraph_minus_HybridOnly,"Tôi làm đơn vị thực hiện đề án xúc tiến thương mại, nếu phát sinh khoản chi thực tế chưa có hướng dẫn cụ thể thì tôi phải làm gì để đảm bảo đúng quy định?",single_hop,abstractive,True,0.0,0.0,0.0,0.0,0.0,0.0,-0.05921259842519683,-0.031766029246344196,-1.1932303160010633
vlrag-9ddfdd4664,HybridOnly_minus_DenseOnly,"Tôi làm đơn vị thực hiện đề án xúc tiến thương mại, nếu phát sinh khoản chi thực tế chưa có hướng dẫn cụ thể thì tôi phải làm gì để đảm bảo đúng quy định?",single_hop,abstractive,True,0.0,0.0,0.0,0.0,0.0,0.0,0.03117136131179482,0.0028411397028979823,26.749896135424194
vlrag-9ddfdd4664,HybridGraph_minus_DenseGraph,"Tôi làm đơn vị thực hiện đề án xúc tiến thương mại, nếu phát sinh khoản chi thực tế chưa có hướng dẫn cụ thể thì tôi phải làm gì để đảm bảo đúng quy định?",single_hop,abstractive,True,0.0,0.0,0.0,0.0,0.0,0.0,-0.03586206896551719,-0.026009852216748702,27.302770591422984
vlrag-9e48da43d5,DenseGraph_minus_DenseOnly,"Tôi là chủ một doanh nghiệp đang làm hồ sơ cấp phép khai thác nước dưới đất, cơ quan chức năng yêu cầu tôi nộp phí thẩm định báo cáo kết quả thăm dò. Tôi muốn biết văn bản nào quy định cụ thể về mức thu phí này tại tỉnh Quảng Ngãi để tôi kiểm tra tính pháp lý?",citation,extractive,True,0.0,0.0,0.0,0.0,0.0,0.0,0.005838760386256497,-0.0161688749157871,4.262035280999953
vlrag-9e48da43d5,HybridGraph_minus_HybridOnly,"Tôi là chủ một doanh nghiệp đang làm hồ sơ cấp phép khai thác nước dưới đất, cơ quan chức năng yêu cầu tôi nộp phí thẩm định báo cáo kết quả thăm dò. Tôi muốn biết văn bản nào quy định cụ thể về mức thu phí này tại tỉnh Quảng Ngãi để tôi kiểm tra tính pháp lý?",citation,extractive,True,0.0,0.0,0.0,0.0,0.0,0.0,0.0,0.0,0.12666025500038813
vlrag-9e48da43d5,HybridOnly_minus_DenseOnly,"Tôi là chủ một doanh nghiệp đang làm hồ sơ cấp phép khai thác nước dưới đất, cơ quan chức năng yêu cầu tôi nộp phí thẩm định báo cáo kết quả thăm dò. Tôi muốn biết văn bản nào quy định cụ thể về mức thu phí này tại tỉnh Quảng Ngãi để tôi kiểm tra tính pháp lý?",citation,extractive,True,-1.0,-1.0,-0.2,-0.3868528072345416,-0.1,0.0,-0.009935419771485307,-0.007451564828614005,26.35567133842341
vlrag-9e48da43d5,HybridGraph_minus_DenseGraph,"Tôi là chủ một doanh nghiệp đang làm hồ sơ cấp phép khai thác nước dưới đất, cơ quan chức năng yêu cầu tôi nộp phí thẩm định báo cáo kết quả thăm dò. Tôi muốn biết văn bản nào quy định cụ thể về mức thu phí này tại tỉnh Quảng Ngãi để tôi kiểm tra tính pháp lý?",citation,extractive,True,-1.0,-1.0,-0.2,-0.3868528072345416,-0.1,0.0,-0.015774180157741804,0.008717310087173094,22.220296312423844
vlrag-9e9dd0d8ce,DenseGraph_minus_DenseOnly,"Doanh nghiệp của tôi muốn tham gia thực hiện dự án, vậy những cơ quan nào chịu trách nhiệm thi hành việc giao kế hoạch vốn này để tôi liên hệ?",single_hop,abstractive,True,0.0,0.0,0.0,0.0,0.0,0.0,-0.0009131169246222037,-0.0009131169246222037,0.6530781900000875
vlrag-9e9dd0d8ce,HybridGraph_minus_HybridOnly,"Doanh nghiệp của tôi muốn tham gia thực hiện dự án, vậy những cơ quan nào chịu trách nhiệm thi hành việc giao kế hoạch vốn này để tôi liên hệ?",single_hop,abstractive,True,0.0,0.0,0.0,0.0,0.0,0.0,-0.033413672217353196,-0.02114373356704649,0.0008771060020080768
vlrag-9e9dd0d8ce,HybridOnly_minus_DenseOnly,"Doanh nghiệp của tôi muốn tham gia thực hiện dự án, vậy những cơ quan nào chịu trách nhiệm thi hành việc giao kế hoạch vốn này để tôi liên hệ?",single_hop,abstractive,True,0.0,0.0,0.0,0.0,0.0,0.0,0.054672175618713695,0.04240223696840699,25.463639064421557
vlrag-9e9dd0d8ce,HybridGraph_minus_DenseGraph,"Doanh nghiệp của tôi muốn tham gia thực hiện dự án, vậy những cơ quan nào chịu trách nhiệm thi hành việc giao kế hoạch vốn này để tôi liên hệ?",single_hop,abstractive,True,0.0,0.0,0.0,0.0,0.0,0.0,0.022171620325982702,0.022171620325982702,24.811437980423477
vlrag-9ecdad0f29,DenseGraph_minus_DenseOnly,"Nếu tôi nộp hồ sơ đăng ký giám hộ cho người thân, liệu thời gian xác minh có kéo dài làm ảnh hưởng đến các quyền lợi khác của tôi không?",cross_document,abstractive,True,0.0,0.0,0.0,0.0,0.0,0.0,0.0,0.0,-1.1435393450001352
vlrag-9ecdad0f29,HybridGraph_minus_HybridOnly,"Nếu tôi nộp hồ sơ đăng ký giám hộ cho người thân, liệu thời gian xác minh có kéo dài làm ảnh hưởng đến các quyền lợi khác của tôi không?",cross_document,abstractive,True,0.0,0.0,0.0,0.0,0.0,0.0,-0.14189189189189189,-0.1106418918918919,-0.902874794997846
vlrag-9ecdad0f29,HybridOnly_minus_DenseOnly,"Nếu tôi nộp hồ sơ đăng ký giám hộ cho người thân, liệu thời gian xác minh có kéo dài làm ảnh hưởng đến các quyền lợi khác của tôi không?",cross_document,abstractive,True,0.0,0.0,0.0,0.0,0.0,0.0,0.14189189189189189,0.1106418918918919,26.780167827420147
vlrag-9ecdad0f29,HybridGraph_minus_DenseGraph,"Nếu tôi nộp hồ sơ đăng ký giám hộ cho người thân, liệu thời gian xác minh có kéo dài làm ảnh hưởng đến các quyền lợi khác của tôi không?",cross_document,abstractive,True,0.0,0.0,0.0,0.0,0.0,0.0,0.0,0.0,27.020832377422437
vlrag-9edb8d77b3,DenseGraph_minus_DenseOnly,Tôi muốn biết quy định về mức hỗ trợ cho cộng tác viên dân số hiện nay có thay thế cho văn bản cũ nào trước đây không?,single_hop,abstractive,True,0.0,0.0,0.0,0.0,0.0,0.0,-0.0017857142857142239,-0.0017857142857142239,-0.8223916590000044
vlrag-9edb8d77b3,HybridGraph_minus_HybridOnly,Tôi muốn biết quy định về mức hỗ trợ cho cộng tác viên dân số hiện nay có thay thế cho văn bản cũ nào trước đây không?,single_hop,abstractive,True,0.0,0.0,0.0,0.0,0.0,0.0,-0.001915708812260608,-0.008620689655172487,-0.915771261998092
vlrag-9edb8d77b3,HybridOnly_minus_DenseOnly,Tôi muốn biết quy định về mức hỗ trợ cho cộng tác viên dân số hiện nay có thay thế cho văn bản cũ nào trước đây không?,single_hop,abstractive,True,-1.0,-1.0,-0.2,-0.3868528072345416,-0.1,0.0,-0.036507936507936434,-0.06428571428571422,24.603271991421202
vlrag-9edb8d77b3,HybridGraph_minus_DenseGraph,Tôi muốn biết quy định về mức hỗ trợ cho cộng tác viên dân số hiện nay có thay thế cho văn bản cũ nào trước đây không?,single_hop,abstractive,True,-1.0,-1.0,-0.2,-0.3868528072345416,-0.1,0.0,-0.03663793103448282,-0.07112068965517249,24.509892388423115
vlrag-9f54282c9f,DenseGraph_minus_DenseOnly,"Gia đình tôi ở vùng sâu vùng xa chưa có điện lưới quốc gia, liệu có quy định nào cho phép chúng tôi được ưu tiên đầu tư điện lưới hay không?",single_hop,abstractive,True,0.0,0.0,0.0,0.0,0.0,0.0,0.0,0.0,-0.46464586100000815
vlrag-9f54282c9f,HybridGraph_minus_HybridOnly,"Gia đình tôi ở vùng sâu vùng xa chưa có điện lưới quốc gia, liệu có quy định nào cho phép chúng tôi được ưu tiên đầu tư điện lưới hay không?",single_hop,abstractive,True,0.0,0.0,0.0,0.0,0.0,0.0,0.011752136752136766,0.018162393162393098,-0.37620742400031304
vlrag-9f54282c9f,HybridOnly_minus_DenseOnly,"Gia đình tôi ở vùng sâu vùng xa chưa có điện lưới quốc gia, liệu có quy định nào cho phép chúng tôi được ưu tiên đầu tư điện lưới hay không?",single_hop,abstractive,True,0.0,0.0,0.0,0.0,0.0,0.0,0.0748155953635406,0.06726378644186859,26.067277202422193
vlrag-9f54282c9f,HybridGraph_minus_DenseGraph,"Gia đình tôi ở vùng sâu vùng xa chưa có điện lưới quốc gia, liệu có quy định nào cho phép chúng tôi được ưu tiên đầu tư điện lưới hay không?",single_hop,abstractive,True,0.0,0.0,0.0,0.0,0.0,0.0,0.08656773211567736,0.08542617960426169,26.15571563942189
vlrag-9f97bc1ac0,DenseGraph_minus_DenseOnly,"Sắp tới tôi cần làm việc với cơ quan chức năng, tôi muốn biết căn cứ pháp lý nào quy định về việc thành lập Hội đồng phối hợp công tác phổ biến, giáo dục pháp luật tại tỉnh Quảng Bình để làm rõ thẩm quyền của hội đồng này?",citation,extractive,True,0.0,0.0,0.0,0.0,0.0,0.0,0.0526770293609672,0.04788820850997019,-1.9378115849995083
vlrag-9f97bc1ac0,HybridGraph_minus_HybridOnly,"Sắp tới tôi cần làm việc với cơ quan chức năng, tôi muốn biết căn cứ pháp lý nào quy định về việc thành lập Hội đồng phối hợp công tác phổ biến, giáo dục pháp luật tại tỉnh Quảng Bình để làm rõ thẩm quyền của hội đồng này?",citation,extractive,True,0.0,0.0,0.0,0.0,0.0,0.0,-0.0668147641831852,-0.0631408065618592,1.730333664996575
vlrag-9f97bc1ac0,HybridOnly_minus_DenseOnly,"Sắp tới tôi cần làm việc với cơ quan chức năng, tôi muốn biết căn cứ pháp lý nào quy định về việc thành lập Hội đồng phối hợp công tác phổ biến, giáo dục pháp luật tại tỉnh Quảng Bình để làm rõ thẩm quyền của hội đồng này?",citation,extractive,True,0.0,0.0,0.75,0.569323441926607,0.0,0.0,0.0664614905138494,0.0617865908294051,23.766675903426123
vlrag-9f97bc1ac0,HybridGraph_minus_DenseGraph,"Sắp tới tôi cần làm việc với cơ quan chức năng, tôi muốn biết căn cứ pháp lý nào quy định về việc thành lập Hội đồng phối hợp công tác phổ biến, giáo dục pháp luật tại tỉnh Quảng Bình để làm rõ thẩm quyền của hội đồng này?",citation,extractive,True,0.0,0.0,0.75,0.569323441926607,0.0,0.0,-0.053030303030303,-0.049242424242424296,27.434821153422206
vlrag-a0b3fa8faf,DenseGraph_minus_DenseOnly,"Sắp tới tôi dự định kinh doanh dịch vụ in hóa đơn thông thường và loại hóa đơn đặc thù dạng vé, thẻ thì quy định về số liên của hai loại này có gì khác biệt không?",cross_document,abstractive,True,0.0,0.0,0.0,0.0,0.0,0.0,-0.008182110400046794,-0.006078139154320539,0.16984234699975786
vlrag-a0b3fa8faf,HybridGraph_minus_HybridOnly,"Sắp tới tôi dự định kinh doanh dịch vụ in hóa đơn thông thường và loại hóa đơn đặc thù dạng vé, thẻ thì quy định về số liên của hai loại này có gì khác biệt không?",cross_document,abstractive,True,0.0,0.0,0.0,0.0,0.0,0.0,-0.009273182957393544,0.00037593984962411287,1.062785583000732
vlrag-a0b3fa8faf,HybridOnly_minus_DenseOnly,"Sắp tới tôi dự định kinh doanh dịch vụ in hóa đơn thông thường và loại hóa đơn đặc thù dạng vé, thẻ thì quy định về số liên của hai loại này có gì khác biệt không?",cross_document,abstractive,True,-1.0,-1.0,-1.0,-1.0,-0.2,0.0,-0.12060889929742385,-0.10558157689305242,24.508840596422658
vlrag-a0b3fa8faf,HybridGraph_minus_DenseGraph,"Sắp tới tôi dự định kinh doanh dịch vụ in hóa đơn thông thường và loại hóa đơn đặc thù dạng vé, thẻ thì quy định về số liên của hai loại này có gì khác biệt không?",cross_document,abstractive,True,-1.0,-1.0,-1.0,-1.0,-0.2,0.0,-0.1216999718547706,-0.09912749788910777,25.401783832423632
vlrag-a1a57bb660,DenseGraph_minus_DenseOnly,"Có cần phải thực hiện đúng theo các thủ tục tại Thông tư 155/2007/TT-BTC khi tôi muốn mở doanh nghiệp kinh doanh bảo hiểm hay không, hay chỉ cần làm theo Luật Kinh doanh bảo hiểm là đủ?",citation,boolean,True,-1.0,-1.0,-0.2,-0.3868528072345416,-0.1,0.0,0.0,0.0,2.580844105000324
vlrag-a1a57bb660,HybridGraph_minus_HybridOnly,"Có cần phải thực hiện đúng theo các thủ tục tại Thông tư 155/2007/TT-BTC khi tôi muốn mở doanh nghiệp kinh doanh bảo hiểm hay không, hay chỉ cần làm theo Luật Kinh doanh bảo hiểm là đủ?",citation,boolean,True,0.0,0.0,0.0,0.0,0.0,0.0,0.0,0.0,0.3683527369994408
vlrag-a1a57bb660,HybridOnly_minus_DenseOnly,"Có cần phải thực hiện đúng theo các thủ tục tại Thông tư 155/2007/TT-BTC khi tôi muốn mở doanh nghiệp kinh doanh bảo hiểm hay không, hay chỉ cần làm theo Luật Kinh doanh bảo hiểm là đủ?",citation,boolean,True,-1.0,-1.0,-0.2,-0.3868528072345416,-0.1,0.0,0.0,0.0,21.29438182042094
vlrag-a1a57bb660,HybridGraph_minus_DenseGraph,"Có cần phải thực hiện đúng theo các thủ tục tại Thông tư 155/2007/TT-BTC khi tôi muốn mở doanh nghiệp kinh doanh bảo hiểm hay không, hay chỉ cần làm theo Luật Kinh doanh bảo hiểm là đủ?",citation,boolean,True,0.0,0.0,0.0,0.0,0.0,0.0,0.0,0.0,19.08189045242006
vlrag-a1c09b6db5,DenseGraph_minus_DenseOnly,Chúng tôi cần biết những cơ quan nào tại tỉnh Đắk Lắk có trách nhiệm thi hành quyết định bãi bỏ các quy định cũ về nhà tang lễ?,single_hop,extractive,True,0.0,0.0,0.0,0.0,0.0,0.0,0.0017094017094017033,-0.014957264957264904,-1.8110085920002348
vlrag-a1c09b6db5,HybridGraph_minus_HybridOnly,Chúng tôi cần biết những cơ quan nào tại tỉnh Đắk Lắk có trách nhiệm thi hành quyết định bãi bỏ các quy định cũ về nhà tang lễ?,single_hop,extractive,True,0.0,0.0,0.0,0.0,0.0,0.0,0.0919748884350654,0.0919748884350654,1.369884060997716
vlrag-a1c09b6db5,HybridOnly_minus_DenseOnly,Chúng tôi cần biết những cơ quan nào tại tỉnh Đắk Lắk có trách nhiệm thi hành quyết định bãi bỏ các quy định cũ về nhà tang lễ?,single_hop,extractive,True,0.0,0.0,0.0,0.0,0.0,0.0,0.0,0.0,24.74749340442367
vlrag-a1c09b6db5,HybridGraph_minus_DenseGraph,Chúng tôi cần biết những cơ quan nào tại tỉnh Đắk Lắk có trách nhiệm thi hành quyết định bãi bỏ các quy định cũ về nhà tang lễ?,single_hop,extractive,True,0.0,0.0,0.0,0.0,0.0,0.0,0.0902654867256637,0.10693215339233031,27.92838605742162
vlrag-a204363579,DenseGraph_minus_DenseOnly,"Sắp tới tôi muốn tìm hiểu về thẩm quyền ban hành văn bản quy phạm pháp luật của Ủy ban nhân dân, nếu làm sai thì tôi có thể tìm thông tin này ở đâu trong văn bản luật?",single_hop,abstractive,True,0.0,0.0,0.0,0.0,0.0,0.0,-0.02319327731092441,0.021512605042016797,-0.987526083000148
vlrag-a204363579,HybridGraph_minus_HybridOnly,"Sắp tới tôi muốn tìm hiểu về thẩm quyền ban hành văn bản quy phạm pháp luật của Ủy ban nhân dân, nếu làm sai thì tôi có thể tìm thông tin này ở đâu trong văn bản luật?",single_hop,abstractive,True,0.0,0.0,0.0,0.0,0.0,0.0,0.0641821946169771,-0.0013175230566535023,-0.3852933820016915
vlrag-a204363579,HybridOnly_minus_DenseOnly,"Sắp tới tôi muốn tìm hiểu về thẩm quyền ban hành văn bản quy phạm pháp luật của Ủy ban nhân dân, nếu làm sai thì tôi có thể tìm thông tin này ở đâu trong văn bản luật?",single_hop,abstractive,True,0.0,0.0,0.0,0.0,0.0,0.0,0.017142857142857182,0.032207792207792185,26.907835615423835
vlrag-a204363579,HybridGraph_minus_DenseGraph,"Sắp tới tôi muốn tìm hiểu về thẩm quyền ban hành văn bản quy phạm pháp luật của Ủy ban nhân dân, nếu làm sai thì tôi có thể tìm thông tin này ở đâu trong văn bản luật?",single_hop,abstractive,True,0.0,0.0,0.0,0.0,0.0,0.0,0.1045183290707587,0.009377664109121886,27.51006831642229
vlrag-a20a637afe,DenseGraph_minus_DenseOnly,"Tôi là cán bộ phụ trách tại phường, hiện tại đơn vị đang thực hiện công tác xây dựng văn bản thì quy trình xử lý và thẩm định hồ sơ cần lưu ý những vấn đề gì để đảm bảo đúng thủ tục quy định?",single_hop,abstractive,True,0.0,0.0,0.0,0.0,0.0,0.0,0.006862745098039191,-0.004010695187165791,-1.0542641179995371
vlrag-a20a637afe,HybridGraph_minus_HybridOnly,"Tôi là cán bộ phụ trách tại phường, hiện tại đơn vị đang thực hiện công tác xây dựng văn bản thì quy trình xử lý và thẩm định hồ sơ cần lưu ý những vấn đề gì để đảm bảo đúng thủ tục quy định?",single_hop,abstractive,True,0.0,0.0,0.0,0.0,0.0,0.0,0.039242260896349884,0.0163868781764977,-1.4714921760060022
vlrag-a20a637afe,HybridOnly_minus_DenseOnly,"Tôi là cán bộ phụ trách tại phường, hiện tại đơn vị đang thực hiện công tác xây dựng văn bản thì quy trình xử lý và thẩm định hồ sơ cần lưu ý những vấn đề gì để đảm bảo đúng thủ tục quy định?",single_hop,abstractive,True,0.0,0.0,0.0,0.0,0.0,0.0,-0.031216725100636195,0.0148032723022984,25.466825522424365
vlrag-a20a637afe,HybridGraph_minus_DenseGraph,"Tôi là cán bộ phụ trách tại phường, hiện tại đơn vị đang thực hiện công tác xây dựng văn bản thì quy trình xử lý và thẩm định hồ sơ cần lưu ý những vấn đề gì để đảm bảo đúng thủ tục quy định?",single_hop,abstractive,True,0.0,0.0,0.0,0.0,0.0,0.0,0.0011627906976744984,0.03520084566596189,25.0495974644179
vlrag-a245a16cc3,DenseGraph_minus_DenseOnly,"Doanh nghiệp của tôi có nghe thông tin về việc tăng cường kiểm tra văn bản quy phạm pháp luật tại tỉnh Hậu Giang, không biết có văn bản nào quy định cụ thể về việc kiểm tra và xử lý văn bản này không?",citation,abstractive,True,0.0,0.0,0.0,0.0,0.0,0.0,-0.15267175572519082,-0.16793893129770993,1.4124724389998846
vlrag-a245a16cc3,HybridGraph_minus_HybridOnly,"Doanh nghiệp của tôi có nghe thông tin về việc tăng cường kiểm tra văn bản quy phạm pháp luật tại tỉnh Hậu Giang, không biết có văn bản nào quy định cụ thể về việc kiểm tra và xử lý văn bản này không?",citation,abstractive,True,0.0,0.0,0.0,0.0,0.0,0.0,-0.06330005871990602,-0.07856723429242501,-0.37270607499522157
vlrag-a245a16cc3,HybridOnly_minus_DenseOnly,"Doanh nghiệp của tôi có nghe thông tin về việc tăng cường kiểm tra văn bản quy phạm pháp luật tại tỉnh Hậu Giang, không biết có văn bản nào quy định cụ thể về việc kiểm tra và xử lý văn bản này không?",citation,abstractive,True,0.0,0.0,0.0,0.0,0.0,0.0,-0.10463887257780391,-0.10463887257780391,27.73674250742005
vlrag-a245a16cc3,HybridGraph_minus_DenseGraph,"Doanh nghiệp của tôi có nghe thông tin về việc tăng cường kiểm tra văn bản quy phạm pháp luật tại tỉnh Hậu Giang, không biết có văn bản nào quy định cụ thể về việc kiểm tra và xử lý văn bản này không?",citation,abstractive,True,0.0,0.0,0.0,0.0,0.0,0.0,-0.01526717557251911,-0.015267175572518998,25.951563993424944
vlrag-a2a7dc82a3,DenseGraph_minus_DenseOnly,"Nếu các cơ sở sản xuất kinh doanh vật tư nông nghiệp hoặc thực phẩm trên địa bàn vi phạm quy định về vệ sinh an toàn, thì chính quyền địa phương có biện pháp gì để xử lý không?",single_hop,abstractive,True,0.0,0.0,0.0,0.0,0.0,0.0,-0.008366013071895412,-0.009934640522875793,0.13929122499939695
vlrag-a2a7dc82a3,HybridGraph_minus_HybridOnly,"Nếu các cơ sở sản xuất kinh doanh vật tư nông nghiệp hoặc thực phẩm trên địa bàn vi phạm quy định về vệ sinh an toàn, thì chính quyền địa phương có biện pháp gì để xử lý không?",single_hop,abstractive,True,0.0,0.0,0.0,0.0,0.0,0.0,0.018406672418751824,-0.02281660435241109,-0.7019348959984129
vlrag-a2a7dc82a3,HybridOnly_minus_DenseOnly,"Nếu các cơ sở sản xuất kinh doanh vật tư nông nghiệp hoặc thực phẩm trên địa bàn vi phạm quy định về vệ sinh an toàn, thì chính quyền địa phương có biện pháp gì để xử lý không?",single_hop,abstractive,True,0.0,0.0,0.0,0.0,0.0,0.0,0.01392906889531767,0.004928747455266197,26.599059599419604
vlrag-a2a7dc82a3,HybridGraph_minus_DenseGraph,"Nếu các cơ sở sản xuất kinh doanh vật tư nông nghiệp hoặc thực phẩm trên địa bàn vi phạm quy định về vệ sinh an toàn, thì chính quyền địa phương có biện pháp gì để xử lý không?",single_hop,abstractive,True,0.0,0.0,0.0,0.0,0.0,0.0,0.040701754385964906,-0.007953216374269101,25.757833478421794
vlrag-a2d11e3a51,DenseGraph_minus_DenseOnly,Có cần chuẩn bị kinh phí bao nhiêu để hỗ trợ tiền văn phòng phẩm hàng tháng cho một thành viên Ban Chỉ đạo chống buôn lậu của tỉnh?,single_hop,extractive,True,0.0,0.0,0.0,0.0,0.0,0.0,-0.0483558994197292,-0.0483558994197292,-2.8275923290001383
vlrag-a2d11e3a51,HybridGraph_minus_HybridOnly,Có cần chuẩn bị kinh phí bao nhiêu để hỗ trợ tiền văn phòng phẩm hàng tháng cho một thành viên Ban Chỉ đạo chống buôn lậu của tỉnh?,single_hop,extractive,True,0.0,0.0,0.0,0.0,0.0,0.0,0.0,0.0,-0.8575971110021712
vlrag-a2d11e3a51,HybridOnly_minus_DenseOnly,Có cần chuẩn bị kinh phí bao nhiêu để hỗ trợ tiền văn phòng phẩm hàng tháng cho một thành viên Ban Chỉ đạo chống buôn lậu của tỉnh?,single_hop,extractive,True,0.0,0.0,0.0,0.0,0.0,0.0,-0.013986013986013998,-0.013986013986013998,21.092105817423942
vlrag-a2d11e3a51,HybridGraph_minus_DenseGraph,Có cần chuẩn bị kinh phí bao nhiêu để hỗ trợ tiền văn phòng phẩm hàng tháng cho một thành viên Ban Chỉ đạo chống buôn lậu của tỉnh?,single_hop,extractive,True,0.0,0.0,0.0,0.0,0.0,0.0,0.0343698854337152,0.0343698854337152,23.06210103542191
vlrag-a33421666e,DenseGraph_minus_DenseOnly,"Tôi nghe nói Thông tư 178/2012/TT-BTC là văn bản hướng dẫn kế toán cho cơ quan Bảo hiểm xã hội, điều này có chính xác không?",citation,boolean,True,0.0,0.0,0.0,0.0,0.0,0.0,0.0,0.0,-2.217207253000197
vlrag-a33421666e,HybridGraph_minus_HybridOnly,"Tôi nghe nói Thông tư 178/2012/TT-BTC là văn bản hướng dẫn kế toán cho cơ quan Bảo hiểm xã hội, điều này có chính xác không?",citation,boolean,True,0.0,0.0,0.0,0.0,0.0,0.0,0.0,0.0,-0.8653762920002919
vlrag-a33421666e,HybridOnly_minus_DenseOnly,"Tôi nghe nói Thông tư 178/2012/TT-BTC là văn bản hướng dẫn kế toán cho cơ quan Bảo hiểm xã hội, điều này có chính xác không?",citation,boolean,True,-1.0,-1.0,-0.3333333333333333,-0.5,-0.1,0.0,0.0,0.0,25.49460733142013
vlrag-a33421666e,HybridGraph_minus_DenseGraph,"Tôi nghe nói Thông tư 178/2012/TT-BTC là văn bản hướng dẫn kế toán cho cơ quan Bảo hiểm xã hội, điều này có chính xác không?",citation,boolean,True,-1.0,-1.0,-0.3333333333333333,-0.5,-0.1,0.0,0.0,0.0,26.846438292420036
vlrag-a3665c8141,DenseGraph_minus_DenseOnly,Gia đình tôi muốn biết cơ quan Bảo hiểm xã hội Việt Nam thực hiện công tác kế toán dựa trên những căn cứ pháp lý nào?,single_hop,abstractive,True,0.0,0.0,0.0,0.0,0.0,0.0,0.024013024013024187,-0.015466015466015504,-0.8454859049988963
vlrag-a3665c8141,HybridGraph_minus_HybridOnly,Gia đình tôi muốn biết cơ quan Bảo hiểm xã hội Việt Nam thực hiện công tác kế toán dựa trên những căn cứ pháp lý nào?,single_hop,abstractive,True,-1.0,-1.0,-0.1428571428571428,-0.3333333333333333,-0.1,0.0,-0.01935229067930494,-0.12209433536447759,-2.0632745279981393
vlrag-a3665c8141,HybridOnly_minus_DenseOnly,Gia đình tôi muốn biết cơ quan Bảo hiểm xã hội Việt Nam thực hiện công tác kế toán dựa trên những căn cứ pháp lý nào?,single_hop,abstractive,True,0.0,0.0,-0.1071428571428572,-0.09734322474005969,0.0,0.0,-0.0584865371595229,-0.057392844122702014,27.4020750344186
vlrag-a3665c8141,HybridGraph_minus_DenseGraph,Gia đình tôi muốn biết cơ quan Bảo hiểm xã hội Việt Nam thực hiện công tác kế toán dựa trên những căn cứ pháp lý nào?,single_hop,abstractive,True,-1.0,-1.0,-0.25,-0.430676558073393,-0.1,0.0,-0.10185185185185203,-0.1640211640211641,26.184286411419357
vlrag-a37cfa018c,DenseGraph_minus_DenseOnly,Có được áp dụng các quy định cũ về quản lý tài nguyên nước và xả thải tại Đồng Tháp ban hành từ năm 2015 nữa hay không?,single_hop,boolean,True,0.0,0.0,0.0,0.0,0.0,0.0,0.000918484500574003,0.000918484500574003,5.267873881000467
vlrag-a37cfa018c,HybridGraph_minus_HybridOnly,Có được áp dụng các quy định cũ về quản lý tài nguyên nước và xả thải tại Đồng Tháp ban hành từ năm 2015 nữa hay không?,single_hop,boolean,True,0.0,0.0,0.0,0.0,0.0,0.0,0.13589743589743591,0.13589743589743591,-0.2519806329983183
vlrag-a37cfa018c,HybridOnly_minus_DenseOnly,Có được áp dụng các quy định cũ về quản lý tài nguyên nước và xả thải tại Đồng Tháp ban hành từ năm 2015 nữa hay không?,single_hop,boolean,True,0.0,0.0,0.0,0.0,0.0,0.0,0.000918484500574003,0.000918484500574003,24.785617301424004
vlrag-a37cfa018c,HybridGraph_minus_DenseGraph,Có được áp dụng các quy định cũ về quản lý tài nguyên nước và xả thải tại Đồng Tháp ban hành từ năm 2015 nữa hay không?,single_hop,boolean,True,0.0,0.0,0.0,0.0,0.0,0.0,0.13589743589743591,0.13589743589743591,19.265762787425217
vlrag-a3878e2b57,DenseGraph_minus_DenseOnly,"Chúng tôi là hộ kinh doanh đang định tự ý đặt ra mức lệ phí trước bạ riêng cho các loại xe máy khi bán lại để làm quỹ hỗ trợ khách hàng, việc này có được phép không?",single_hop,boolean,True,0.0,0.0,0.0,0.0,0.0,0.0,0.0010335917312661001,0.0010335917312661001,1.697625070999493
vlrag-a3878e2b57,HybridGraph_minus_HybridOnly,"Chúng tôi là hộ kinh doanh đang định tự ý đặt ra mức lệ phí trước bạ riêng cho các loại xe máy khi bán lại để làm quỹ hỗ trợ khách hàng, việc này có được phép không?",single_hop,boolean,True,0.0,0.0,0.0,0.0,0.0,0.0,0.1446886446886447,0.1446886446886447,-1.692960083000795
vlrag-a3878e2b57,HybridOnly_minus_DenseOnly,"Chúng tôi là hộ kinh doanh đang định tự ý đặt ra mức lệ phí trước bạ riêng cho các loại xe máy khi bán lại để làm quỹ hỗ trợ khách hàng, việc này có được phép không?",single_hop,boolean,True,0.0,0.0,0.0,0.0,0.0,0.0,-0.00024420024420029884,-0.00024420024420029884,27.643412325426368
vlrag-a3878e2b57,HybridGraph_minus_DenseGraph,"Chúng tôi là hộ kinh doanh đang định tự ý đặt ra mức lệ phí trước bạ riêng cho các loại xe máy khi bán lại để làm quỹ hỗ trợ khách hàng, việc này có được phép không?",single_hop,boolean,True,0.0,0.0,0.0,0.0,0.0,0.0,0.1434108527131783,0.1434108527131783,24.25282717142608
vlrag-a599f110b5,DenseGraph_minus_DenseOnly,Có được lấy Quyết định số 17/2014/QĐ-UBND của UBND tỉnh Lào Cai làm căn cứ pháp lý để thực hiện phối hợp công tác với Đoàn Thanh niên không?,citation,boolean,True,0.0,0.0,0.0,0.0,0.0,0.0,0.0,0.0,1.7233859240000124
vlrag-a599f110b5,HybridGraph_minus_HybridOnly,Có được lấy Quyết định số 17/2014/QĐ-UBND của UBND tỉnh Lào Cai làm căn cứ pháp lý để thực hiện phối hợp công tác với Đoàn Thanh niên không?,citation,boolean,True,0.0,0.0,0.0,0.0,0.0,0.0,0.0,0.0,-0.6659002279993693
vlrag-a599f110b5,HybridOnly_minus_DenseOnly,Có được lấy Quyết định số 17/2014/QĐ-UBND của UBND tỉnh Lào Cai làm căn cứ pháp lý để thực hiện phối hợp công tác với Đoàn Thanh niên không?,citation,boolean,True,0.0,0.0,0.5,0.36907024642854247,0.0,0.0,0.0,0.0,27.480284931421185
vlrag-a599f110b5,HybridGraph_minus_DenseGraph,Có được lấy Quyết định số 17/2014/QĐ-UBND của UBND tỉnh Lào Cai làm căn cứ pháp lý để thực hiện phối hợp công tác với Đoàn Thanh niên không?,citation,boolean,True,0.0,0.0,0.5,0.36907024642854247,0.0,0.0,0.0,0.0,25.090998779421803
vlrag-a5b53e51b8,DenseGraph_minus_DenseOnly,Có cần phải thực hiện theo Quy chế phối hợp giữa UBND tỉnh Lào Cai và Đoàn Thanh niên tỉnh theo Quyết định số 17/2014/QĐ-UBND nữa không?,single_hop,boolean,True,0.0,0.0,0.0,0.0,0.0,0.0,0.010000000000000106,0.010000000000000106,2.506620205999752
vlrag-a5b53e51b8,HybridGraph_minus_HybridOnly,Có cần phải thực hiện theo Quy chế phối hợp giữa UBND tỉnh Lào Cai và Đoàn Thanh niên tỉnh theo Quyết định số 17/2014/QĐ-UBND nữa không?,single_hop,boolean,True,0.0,0.0,0.0,0.0,0.0,0.0,0.0,0.0,-0.1768602779993671
vlrag-a5b53e51b8,HybridOnly_minus_DenseOnly,Có cần phải thực hiện theo Quy chế phối hợp giữa UBND tỉnh Lào Cai và Đoàn Thanh niên tỉnh theo Quyết định số 17/2014/QĐ-UBND nữa không?,single_hop,boolean,True,0.0,0.0,0.5,0.36907024642854247,0.0,0.0,0.008780487804878105,0.008780487804878105,25.9425499994224
vlrag-a5b53e51b8,HybridGraph_minus_DenseGraph,Có cần phải thực hiện theo Quy chế phối hợp giữa UBND tỉnh Lào Cai và Đoàn Thanh niên tỉnh theo Quyết định số 17/2014/QĐ-UBND nữa không?,single_hop,boolean,True,0.0,0.0,0.5,0.36907024642854247,0.0,0.0,-0.0012195121951220009,-0.0012195121951220009,23.25906951542328
vlrag-a67169edb2,DenseGraph_minus_DenseOnly,"Có được đánh giá, nghiệm thu đề tài khoa học xã hội và nhân văn theo quy định của tỉnh Bình Dương không, hay phải tuân theo văn bản khác của cấp nhà nước?",citation,boolean,True,-1.0,-1.0,-0.1666666666666666,-0.3562071871080222,-0.1,0.0,0.0,0.0,-0.8597196570017331
vlrag-a67169edb2,HybridGraph_minus_HybridOnly,"Có được đánh giá, nghiệm thu đề tài khoa học xã hội và nhân văn theo quy định của tỉnh Bình Dương không, hay phải tuân theo văn bản khác của cấp nhà nước?",citation,boolean,True,0.0,0.0,0.0,0.0,0.0,0.0,-0.0219780219780219,-0.0219780219780219,-1.9049638730029947
vlrag-a67169edb2,HybridOnly_minus_DenseOnly,"Có được đánh giá, nghiệm thu đề tài khoa học xã hội và nhân văn theo quy định của tỉnh Bình Dương không, hay phải tuân theo văn bản khác của cấp nhà nước?",citation,boolean,True,0.0,0.0,0.1666666666666667,0.14379281289197782,0.0,0.0,0.0219780219780219,0.0219780219780219,27.32961108742228
vlrag-a67169edb2,HybridGraph_minus_DenseGraph,"Có được đánh giá, nghiệm thu đề tài khoa học xã hội và nhân văn theo quy định của tỉnh Bình Dương không, hay phải tuân theo văn bản khác của cấp nhà nước?",citation,boolean,True,1.0,1.0,0.3333333333333333,0.5,0.1,0.0,0.0,0.0,26.284366871421017
vlrag-a7c90c129e,DenseGraph_minus_DenseOnly,Có được tự ý tiếp khách nước ngoài đến làm việc tại cơ quan không hay phải có người được chỉ định?,single_hop,abstractive,True,0.0,0.0,0.0,0.0,0.0,0.0,0.0688775510204081,0.04719387755102039,-1.2183843390002949
vlrag-a7c90c129e,HybridGraph_minus_HybridOnly,Có được tự ý tiếp khách nước ngoài đến làm việc tại cơ quan không hay phải có người được chỉ định?,single_hop,abstractive,True,0.0,0.0,0.0,0.0,0.0,0.0,0.0,0.0,-0.35186743800295517
vlrag-a7c90c129e,HybridOnly_minus_DenseOnly,Có được tự ý tiếp khách nước ngoài đến làm việc tại cơ quan không hay phải có người được chỉ định?,single_hop,abstractive,True,0.0,0.0,0.0,0.0,0.0,0.0,0.20091980454153496,0.24173613107214714,25.893242287421973
vlrag-a7c90c129e,HybridGraph_minus_DenseGraph,Có được tự ý tiếp khách nước ngoài đến làm việc tại cơ quan không hay phải có người được chỉ định?,single_hop,abstractive,True,0.0,0.0,0.0,0.0,0.0,0.0,0.13204225352112686,0.19454225352112675,26.759759188419313
vlrag-a82380cd4f,DenseGraph_minus_DenseOnly,"Tôi muốn biết trong Quyết định 45/2022/QĐ-UBND của tỉnh Điện Biên có nội dung cụ thể về việc phân cấp quản lý cán bộ, công chức không?",single_hop,boolean,True,0.0,0.0,0.0,0.0,0.0,0.0,-0.0013992537313433015,-0.0013992537313433015,-1.4872947439998825
vlrag-a82380cd4f,HybridGraph_minus_HybridOnly,"Tôi muốn biết trong Quyết định 45/2022/QĐ-UBND của tỉnh Điện Biên có nội dung cụ thể về việc phân cấp quản lý cán bộ, công chức không?",single_hop,boolean,True,0.0,0.0,0.0,0.0,0.0,0.0,0.0013175230566534989,0.0013175230566534989,-0.41378742499910004
vlrag-a82380cd4f,HybridOnly_minus_DenseOnly,"Tôi muốn biết trong Quyết định 45/2022/QĐ-UBND của tỉnh Điện Biên có nội dung cụ thể về việc phân cấp quản lý cán bộ, công chức không?",single_hop,boolean,True,0.0,0.0,-0.75,-0.569323441926607,0.0,0.0,-0.0022644927536231985,-0.0022644927536231985,26.6132356034222
vlrag-a82380cd4f,HybridGraph_minus_DenseGraph,"Tôi muốn biết trong Quyết định 45/2022/QĐ-UBND của tỉnh Điện Biên có nội dung cụ thể về việc phân cấp quản lý cán bộ, công chức không?",single_hop,boolean,True,0.0,0.0,-0.75,-0.569323441926607,0.0,0.0,0.0004522840343736019,0.0004522840343736019,27.686742922422983
vlrag-a8e9b25c61,DenseGraph_minus_DenseOnly,Có được miễn trừ trường hợp phải trang bị phương tiện phòng cháy chữa cháy cho lực lượng dân phòng hay không?,single_hop,unanswerable,False,0.0,0.0,0.0,0.0,0.0,0.0,0.0,0.0,0.8795851929999117
vlrag-a8e9b25c61,HybridGraph_minus_HybridOnly,Có được miễn trừ trường hợp phải trang bị phương tiện phòng cháy chữa cháy cho lực lượng dân phòng hay không?,single_hop,unanswerable,False,0.0,0.0,0.0,0.0,0.0,0.0,0.0,0.0,-1.655120237999654
vlrag-a8e9b25c61,HybridOnly_minus_DenseOnly,Có được miễn trừ trường hợp phải trang bị phương tiện phòng cháy chữa cháy cho lực lượng dân phòng hay không?,single_hop,unanswerable,False,0.0,0.0,0.0,0.0,0.0,0.0,0.0,0.0,28.782578850420297
vlrag-a8e9b25c61,HybridGraph_minus_DenseGraph,Có được miễn trừ trường hợp phải trang bị phương tiện phòng cháy chữa cháy cho lực lượng dân phòng hay không?,single_hop,unanswerable,False,0.0,0.0,0.0,0.0,0.0,0.0,0.0,0.0,26.24787341942073
vlrag-a9c112f546,DenseGraph_minus_DenseOnly,"Chúng tôi là một chi nhánh ngân hàng nước ngoài đang hoạt động tại Việt Nam, vậy khi thực hiện giao dịch thanh toán điện tử liên ngân hàng, chúng tôi có thuộc phạm vi áp dụng của các quy định về thấu chi và cho vay qua đêm không?",legal_validity,boolean,True,0.0,0.0,0.0,0.0,0.0,0.0,0.0,0.0,1.257906383999853
vlrag-a9c112f546,HybridGraph_minus_HybridOnly,"Chúng tôi là một chi nhánh ngân hàng nước ngoài đang hoạt động tại Việt Nam, vậy khi thực hiện giao dịch thanh toán điện tử liên ngân hàng, chúng tôi có thuộc phạm vi áp dụng của các quy định về thấu chi và cho vay qua đêm không?",legal_validity,boolean,True,0.0,0.0,0.0,0.0,0.0,0.0,0.0,0.0,0.30347295700085297
vlrag-a9c112f546,HybridOnly_minus_DenseOnly,"Chúng tôi là một chi nhánh ngân hàng nước ngoài đang hoạt động tại Việt Nam, vậy khi thực hiện giao dịch thanh toán điện tử liên ngân hàng, chúng tôi có thuộc phạm vi áp dụng của các quy định về thấu chi và cho vay qua đêm không?",legal_validity,boolean,True,-1.0,-1.0,-0.2,-0.3868528072345416,-0.1,0.0,0.0,0.0,26.832789985422725
vlrag-a9c112f546,HybridGraph_minus_DenseGraph,"Chúng tôi là một chi nhánh ngân hàng nước ngoài đang hoạt động tại Việt Nam, vậy khi thực hiện giao dịch thanh toán điện tử liên ngân hàng, chúng tôi có thuộc phạm vi áp dụng của các quy định về thấu chi và cho vay qua đêm không?",legal_validity,boolean,True,-1.0,-1.0,-0.2,-0.3868528072345416,-0.1,0.0,0.0,0.0,25.878356558423725
vlrag-aad5a1f216,DenseGraph_minus_DenseOnly,"Chúng tôi là doanh nghiệp, chúng tôi có nghĩa vụ gì liên quan đến Luật Tổ chức Hội đồng nhân dân và Ủy ban nhân dân?",single_hop,unanswerable,False,0.0,0.0,0.0,0.0,0.0,0.0,-0.030551755585955298,-0.030551755585955298,0.40541402600001675
vlrag-aad5a1f216,HybridGraph_minus_HybridOnly,"Chúng tôi là doanh nghiệp, chúng tôi có nghĩa vụ gì liên quan đến Luật Tổ chức Hội đồng nhân dân và Ủy ban nhân dân?",single_hop,unanswerable,False,0.0,0.0,0.0,0.0,0.0,0.0,-0.0226935312831389,-0.031389183457052,0.25114278899855336
vlrag-aad5a1f216,HybridOnly_minus_DenseOnly,"Chúng tôi là doanh nghiệp, chúng tôi có nghĩa vụ gì liên quan đến Luật Tổ chức Hội đồng nhân dân và Ủy ban nhân dân?",single_hop,unanswerable,False,0.0,0.0,0.0,0.0,0.0,0.0,-0.0209869540555871,-0.0209869540555871,24.412481006423548
vlrag-aad5a1f216,HybridGraph_minus_DenseGraph,"Chúng tôi là doanh nghiệp, chúng tôi có nghĩa vụ gì liên quan đến Luật Tổ chức Hội đồng nhân dân và Ủy ban nhân dân?",single_hop,unanswerable,False,0.0,0.0,0.0,0.0,0.0,0.0,-0.013128729752770702,-0.021824381926683803,24.258209769422084
vlrag-ab444a5422,DenseGraph_minus_DenseOnly,"Doanh nghiệp của tôi đang hoạt động tại địa phương, nếu chúng tôi không tuân thủ các quy định trong Quyết định 14/QĐ-UBND của UBND tỉnh Đắk Lắk thì sẽ bị xử lý như thế nào?",single_hop,unanswerable,False,0.0,0.0,0.0,0.0,0.0,0.0,0.0,0.0,-5.1553505740002965
vlrag-ab444a5422,HybridGraph_minus_HybridOnly,"Doanh nghiệp của tôi đang hoạt động tại địa phương, nếu chúng tôi không tuân thủ các quy định trong Quyết định 14/QĐ-UBND của UBND tỉnh Đắk Lắk thì sẽ bị xử lý như thế nào?",single_hop,unanswerable,False,0.0,0.0,0.0,0.0,0.0,0.0,0.0,0.0,-0.3527445160016214
vlrag-ab444a5422,HybridOnly_minus_DenseOnly,"Doanh nghiệp của tôi đang hoạt động tại địa phương, nếu chúng tôi không tuân thủ các quy định trong Quyết định 14/QĐ-UBND của UBND tỉnh Đắk Lắk thì sẽ bị xử lý như thế nào?",single_hop,unanswerable,False,0.0,0.0,0.0,0.0,0.0,0.0,0.0,0.0,22.197695913423274
vlrag-ab444a5422,HybridGraph_minus_DenseGraph,"Doanh nghiệp của tôi đang hoạt động tại địa phương, nếu chúng tôi không tuân thủ các quy định trong Quyết định 14/QĐ-UBND của UBND tỉnh Đắk Lắk thì sẽ bị xử lý như thế nào?",single_hop,unanswerable,False,0.0,0.0,0.0,0.0,0.0,0.0,0.0,0.0,27.00030197142195
vlrag-ab792b4998,DenseGraph_minus_DenseOnly,"Gia đình tôi đang làm thủ tục theo Quyết định cũ từ năm 2014, giờ thấy bảo tỉnh mới ban hành quy chế mới từ tháng 10/2021, vậy tôi có được tiếp tục làm theo quy định cũ không?",single_hop,boolean,True,0.0,0.0,0.0,0.0,0.0,0.0,0.0,0.0,-3.0306996310000613
vlrag-ab792b4998,HybridGraph_minus_HybridOnly,"Gia đình tôi đang làm thủ tục theo Quyết định cũ từ năm 2014, giờ thấy bảo tỉnh mới ban hành quy chế mới từ tháng 10/2021, vậy tôi có được tiếp tục làm theo quy định cũ không?",single_hop,boolean,True,0.0,0.0,0.0,0.0,0.0,0.0,0.1588541666666666,0.1588541666666666,-2.5948091679983882
vlrag-ab792b4998,HybridOnly_minus_DenseOnly,"Gia đình tôi đang làm thủ tục theo Quyết định cũ từ năm 2014, giờ thấy bảo tỉnh mới ban hành quy chế mới từ tháng 10/2021, vậy tôi có được tiếp tục làm theo quy định cũ không?",single_hop,boolean,True,0.0,0.0,0.0,0.0,0.0,0.0,-0.1588541666666666,-0.1588541666666666,24.316342656423956
vlrag-ab792b4998,HybridGraph_minus_DenseGraph,"Gia đình tôi đang làm thủ tục theo Quyết định cũ từ năm 2014, giờ thấy bảo tỉnh mới ban hành quy chế mới từ tháng 10/2021, vậy tôi có được tiếp tục làm theo quy định cũ không?",single_hop,boolean,True,0.0,0.0,0.0,0.0,0.0,0.0,0.0,0.0,24.75223311942563
vlrag-abad5bd96f,DenseGraph_minus_DenseOnly,"Nếu tôi đang xây dựng hệ thống thông tin một cửa điện tử, tôi cần áp dụng tiêu chuẩn kỹ thuật nào về dữ liệu gói tin để kết nối với cổng quốc gia?",single_hop,extractive,True,0.0,0.0,0.0,0.0,0.0,0.0,0.0,0.0,-4.218989282000166
vlrag-abad5bd96f,HybridGraph_minus_HybridOnly,"Nếu tôi đang xây dựng hệ thống thông tin một cửa điện tử, tôi cần áp dụng tiêu chuẩn kỹ thuật nào về dữ liệu gói tin để kết nối với cổng quốc gia?",single_hop,extractive,True,0.0,0.0,0.0,0.0,0.0,0.0,-0.03272311212814649,-0.03272311212814649,0.678657405000191
vlrag-abad5bd96f,HybridOnly_minus_DenseOnly,"Nếu tôi đang xây dựng hệ thống thông tin một cửa điện tử, tôi cần áp dụng tiêu chuẩn kỹ thuật nào về dữ liệu gói tin để kết nối với cổng quốc gia?",single_hop,extractive,True,0.0,0.0,-0.25,-0.20025319549806453,0.0,0.0,0.0732689210950081,0.0917874396135267,21.976688643421944
vlrag-abad5bd96f,HybridGraph_minus_DenseGraph,"Nếu tôi đang xây dựng hệ thống thông tin một cửa điện tử, tôi cần áp dụng tiêu chuẩn kỹ thuật nào về dữ liệu gói tin để kết nối với cổng quốc gia?",single_hop,extractive,True,0.0,0.0,-0.25,-0.20025319549806453,0.0,0.0,0.04054580896686161,0.05906432748538021,26.8743353304223
vlrag-aca263dbc2,DenseGraph_minus_DenseOnly,"Có cần phải đạt mục tiêu đào tạo bồi dưỡng chuyên sâu về chuyên môn, nghiệp vụ cho bao nhiêu người có trình độ sau đại học theo quy định của tỉnh Lâm Đồng đến năm 2015 không?",single_hop,extractive,True,0.0,0.0,0.0,0.0,0.0,0.0,0.0,0.0,1.4602563440000722
vlrag-aca263dbc2,HybridGraph_minus_HybridOnly,"Có cần phải đạt mục tiêu đào tạo bồi dưỡng chuyên sâu về chuyên môn, nghiệp vụ cho bao nhiêu người có trình độ sau đại học theo quy định của tỉnh Lâm Đồng đến năm 2015 không?",single_hop,extractive,True,0.0,0.0,0.0,0.0,0.0,0.0,-0.0181940700808626,-0.0181940700808626,-0.9781853360000206
vlrag-aca263dbc2,HybridOnly_minus_DenseOnly,"Có cần phải đạt mục tiêu đào tạo bồi dưỡng chuyên sâu về chuyên môn, nghiệp vụ cho bao nhiêu người có trình độ sau đại học theo quy định của tỉnh Lâm Đồng đến năm 2015 không?",single_hop,extractive,True,0.0,0.0,0.0,0.0,0.0,0.0,0.034537895746722225,0.034537895746722225,26.873570465419505
vlrag-aca263dbc2,HybridGraph_minus_DenseGraph,"Có cần phải đạt mục tiêu đào tạo bồi dưỡng chuyên sâu về chuyên môn, nghiệp vụ cho bao nhiêu người có trình độ sau đại học theo quy định của tỉnh Lâm Đồng đến năm 2015 không?",single_hop,extractive,True,0.0,0.0,0.0,0.0,0.0,0.0,0.016343825665859624,0.016343825665859624,24.435128785419412
vlrag-acb1392ce2,DenseGraph_minus_DenseOnly,"Chúng tôi đang muốn tra cứu lại các quy định về chức năng của Sở Thông tin và Truyền thông, không biết Quyết định số 32/2008/QĐ-UBND ngày 10/9/2008 của UBND tỉnh hiện còn hiệu lực hay không?",legal_validity,boolean,True,0.0,0.0,0.0,0.0,0.0,0.0,0.026143790849673196,0.026143790849673196,-0.9550754629999574
vlrag-acb1392ce2,HybridGraph_minus_HybridOnly,"Chúng tôi đang muốn tra cứu lại các quy định về chức năng của Sở Thông tin và Truyền thông, không biết Quyết định số 32/2008/QĐ-UBND ngày 10/9/2008 của UBND tỉnh hiện còn hiệu lực hay không?",legal_validity,boolean,True,-1.0,-1.0,-0.1111111111111111,-0.3010299956639812,-0.1,0.0,0.1231884057971014,0.1231884057971014,-0.8854843170011009
vlrag-acb1392ce2,HybridOnly_minus_DenseOnly,"Chúng tôi đang muốn tra cứu lại các quy định về chức năng của Sở Thông tin và Truyền thông, không biết Quyết định số 32/2008/QĐ-UBND ngày 10/9/2008 của UBND tỉnh hiện còn hiệu lực hay không?",legal_validity,boolean,True,1.0,1.0,0.1111111111111111,0.3010299956639812,0.1,0.0,0.014066496163682902,0.014066496163682902,24.833280672422635
vlrag-acb1392ce2,HybridGraph_minus_DenseGraph,"Chúng tôi đang muốn tra cứu lại các quy định về chức năng của Sở Thông tin và Truyền thông, không biết Quyết định số 32/2008/QĐ-UBND ngày 10/9/2008 của UBND tỉnh hiện còn hiệu lực hay không?",legal_validity,boolean,True,0.0,0.0,0.0,0.0,0.0,0.0,0.1111111111111111,0.1111111111111111,24.90287181842149
vlrag-acd263b180,DenseGraph_minus_DenseOnly,"Có được hướng dẫn cụ thể về việc thu, quản lý và sử dụng phí thẩm định kết quả đấu thầu tại tỉnh Bình Thuận không, tôi cần chuẩn bị những giấy tờ gì để nộp phí này?",single_hop,unanswerable,False,0.0,0.0,0.0,0.0,0.0,0.0,0.6049122807017544,0.6049122807017544,-2.1243466120004086
vlrag-acd263b180,HybridGraph_minus_HybridOnly,"Có được hướng dẫn cụ thể về việc thu, quản lý và sử dụng phí thẩm định kết quả đấu thầu tại tỉnh Bình Thuận không, tôi cần chuẩn bị những giấy tờ gì để nộp phí này?",single_hop,unanswerable,False,0.0,0.0,0.0,0.0,0.0,0.0,0.0573669467787115,0.0405602240896359,-0.052682893998284186
vlrag-acd263b180,HybridOnly_minus_DenseOnly,"Có được hướng dẫn cụ thể về việc thu, quản lý và sử dụng phí thẩm định kết quả đấu thầu tại tỉnh Bình Thuận không, tôi cần chuẩn bị những giấy tờ gì để nộp phí này?",single_hop,unanswerable,False,0.0,0.0,0.0,0.0,0.0,0.0,0.0,0.0,26.21545771441942
vlrag-acd263b180,HybridGraph_minus_DenseGraph,"Có được hướng dẫn cụ thể về việc thu, quản lý và sử dụng phí thẩm định kết quả đấu thầu tại tỉnh Bình Thuận không, tôi cần chuẩn bị những giấy tờ gì để nộp phí này?",single_hop,unanswerable,False,0.0,0.0,0.0,0.0,0.0,0.0,-0.5475453339230429,-0.5643520566121185,28.287121432421543
vlrag-ace85b4273,DenseGraph_minus_DenseOnly,Làm sao để tôi biết nếu doanh nghiệp của mình không thực hiện đúng các cam kết về sử dụng lao động địa phương khi tham gia dự án dược liệu quý thì sẽ bị xử lý như thế nào?,single_hop,unanswerable,False,0.0,0.0,0.0,0.0,0.0,0.0,0.0,0.0,0.4826632610006518
vlrag-ace85b4273,HybridGraph_minus_HybridOnly,Làm sao để tôi biết nếu doanh nghiệp của mình không thực hiện đúng các cam kết về sử dụng lao động địa phương khi tham gia dự án dược liệu quý thì sẽ bị xử lý như thế nào?,single_hop,unanswerable,False,0.0,0.0,0.0,0.0,0.0,0.0,0.0,0.0,1.761962204001975
vlrag-ace85b4273,HybridOnly_minus_DenseOnly,Làm sao để tôi biết nếu doanh nghiệp của mình không thực hiện đúng các cam kết về sử dụng lao động địa phương khi tham gia dự án dược liệu quý thì sẽ bị xử lý như thế nào?,single_hop,unanswerable,False,0.0,0.0,0.0,0.0,0.0,0.0,0.0,0.0,25.865377140423053
vlrag-ace85b4273,HybridGraph_minus_DenseGraph,Làm sao để tôi biết nếu doanh nghiệp của mình không thực hiện đúng các cam kết về sử dụng lao động địa phương khi tham gia dự án dược liệu quý thì sẽ bị xử lý như thế nào?,single_hop,unanswerable,False,0.0,0.0,0.0,0.0,0.0,0.0,0.0,0.0,27.144676083424375
vlrag-ad31dee7a5,DenseGraph_minus_DenseOnly,"Chúng tôi đang hỗ trợ ngư dân thực hiện theo Quyết định về nghề Lưới Đáy hàng khơi, vậy những ai có trách nhiệm phải thi hành các quy định này để hướng dẫn người dân?",single_hop,extractive,True,0.0,0.0,0.0,0.0,0.0,0.0,-0.01437724644475702,-0.01437724644475702,1.2256160950000776
vlrag-ad31dee7a5,HybridGraph_minus_HybridOnly,"Chúng tôi đang hỗ trợ ngư dân thực hiện theo Quyết định về nghề Lưới Đáy hàng khơi, vậy những ai có trách nhiệm phải thi hành các quy định này để hướng dẫn người dân?",single_hop,extractive,True,0.0,0.0,0.0,0.0,0.0,0.0,0.12105263157894736,0.12105263157894736,0.3109415710005159
vlrag-ad31dee7a5,HybridOnly_minus_DenseOnly,"Chúng tôi đang hỗ trợ ngư dân thực hiện theo Quyết định về nghề Lưới Đáy hàng khơi, vậy những ai có trách nhiệm phải thi hành các quy định này để hướng dẫn người dân?",single_hop,extractive,True,0.0,0.0,0.0,0.0,0.0,0.0,-0.09806795469686874,-0.09806795469686874,19.46347533042507
vlrag-ad31dee7a5,HybridGraph_minus_DenseGraph,"Chúng tôi đang hỗ trợ ngư dân thực hiện theo Quyết định về nghề Lưới Đáy hàng khơi, vậy những ai có trách nhiệm phải thi hành các quy định này để hướng dẫn người dân?",single_hop,extractive,True,0.0,0.0,0.0,0.0,0.0,0.0,0.03736192332683563,0.03736192332683563,18.548800806425508
vlrag-af1bf2b13e,DenseGraph_minus_DenseOnly,Có cần thay đổi quy trình cấp phép hoạt động cho các cơ sở in ấn tại địa phương theo quy định mới ban hành từ năm 2017 không?,cross_document,abstractive,True,0.0,0.0,0.0,0.0,0.0,0.0,0.0,0.0,0.021755133000169735
vlrag-af1bf2b13e,HybridGraph_minus_HybridOnly,Có cần thay đổi quy trình cấp phép hoạt động cho các cơ sở in ấn tại địa phương theo quy định mới ban hành từ năm 2017 không?,cross_document,abstractive,True,0.0,0.0,0.0,0.0,0.0,0.0,0.0,0.0,1.2545477470011974
vlrag-af1bf2b13e,HybridOnly_minus_DenseOnly,Có cần thay đổi quy trình cấp phép hoạt động cho các cơ sở in ấn tại địa phương theo quy định mới ban hành từ năm 2017 không?,cross_document,abstractive,True,0.0,0.0,0.0,0.0,0.0,0.0,0.0,0.0,26.53144649842051
vlrag-af1bf2b13e,HybridGraph_minus_DenseGraph,Có cần thay đổi quy trình cấp phép hoạt động cho các cơ sở in ấn tại địa phương theo quy định mới ban hành từ năm 2017 không?,cross_document,abstractive,True,0.0,0.0,0.0,0.0,0.0,0.0,0.0,0.0,27.76423911242154
vlrag-afa88b0599,DenseGraph_minus_DenseOnly,"Tôi là chủ hộ kinh doanh, tôi cần biết văn bản nào quy định về bảng giá đất hiện hành ở Tây Ninh để làm căn cứ tính thuế cho cơ sở kinh doanh của mình?",citation,abstractive,True,0.0,0.0,0.0,0.0,0.0,0.0,0.04721204721204719,0.05189255189255182,2.694171322000102
vlrag-afa88b0599,HybridGraph_minus_HybridOnly,"Tôi là chủ hộ kinh doanh, tôi cần biết văn bản nào quy định về bảng giá đất hiện hành ở Tây Ninh để làm căn cứ tính thuế cho cơ sở kinh doanh của mình?",citation,abstractive,True,0.0,0.0,0.0,0.0,0.0,0.0,0.04498425551057128,0.041835357624831315,0.487558503999022
vlrag-afa88b0599,HybridOnly_minus_DenseOnly,"Tôi là chủ hộ kinh doanh, tôi cần biết văn bản nào quy định về bảng giá đất hiện hành ở Tây Ninh để làm căn cứ tính thuế cho cơ sở kinh doanh của mình?",citation,abstractive,True,0.0,0.0,0.0,0.0,0.0,0.0,0.005698005698005604,-0.021367521367521403,26.848322085420655
vlrag-afa88b0599,HybridGraph_minus_DenseGraph,"Tôi là chủ hộ kinh doanh, tôi cần biết văn bản nào quy định về bảng giá đất hiện hành ở Tây Ninh để làm căn cứ tính thuế cho cơ sở kinh doanh của mình?",citation,abstractive,True,0.0,0.0,0.0,0.0,0.0,0.0,0.003470213996529692,-0.03142471563524191,24.641709267419575
vlrag-b13d89aa71,DenseGraph_minus_DenseOnly,Có được miễn trừ việc thực hiện các nội dung tuyên truyền lưu động tại tỉnh Hà Giang trong một số trường hợp đặc biệt không?,single_hop,boolean,True,0.0,0.0,0.0,0.0,0.0,0.0,0.0,0.0,-0.020789679999779764
vlrag-b13d89aa71,HybridGraph_minus_HybridOnly,Có được miễn trừ việc thực hiện các nội dung tuyên truyền lưu động tại tỉnh Hà Giang trong một số trường hợp đặc biệt không?,single_hop,boolean,True,-1.0,-1.0,-0.1428571428571428,-0.3333333333333333,-0.1,0.0,0.0,0.0,-1.1744179710003664
vlrag-b13d89aa71,HybridOnly_minus_DenseOnly,Có được miễn trừ việc thực hiện các nội dung tuyên truyền lưu động tại tỉnh Hà Giang trong một số trường hợp đặc biệt không?,single_hop,boolean,True,0.0,0.0,-0.1071428571428572,-0.09734322474005969,0.0,0.0,0.0,0.0,26.929515784420747
vlrag-b13d89aa71,HybridGraph_minus_DenseGraph,Có được miễn trừ việc thực hiện các nội dung tuyên truyền lưu động tại tỉnh Hà Giang trong một số trường hợp đặc biệt không?,single_hop,boolean,True,-1.0,-1.0,-0.25,-0.430676558073393,-0.1,0.0,0.0,0.0,25.77588749342016
vlrag-b16c469c37,DenseGraph_minus_DenseOnly,"Làm sao để tôi biết một người đang là chủ hộ kinh doanh có đăng ký thì có bắt buộc phải đóng bảo hiểm xã hội hay không, vì tôi nghe nói quy định này vừa mới thay đổi?",cross_document,abstractive,True,0.0,0.0,0.0,0.0,0.0,0.0,-0.4946977730646872,-0.36426299045599164,-0.8243701609999334
vlrag-b16c469c37,HybridGraph_minus_HybridOnly,"Làm sao để tôi biết một người đang là chủ hộ kinh doanh có đăng ký thì có bắt buộc phải đóng bảo hiểm xã hội hay không, vì tôi nghe nói quy định này vừa mới thay đổi?",cross_document,abstractive,True,0.0,0.0,0.0,0.0,0.0,0.0,0.0,0.0,0.9849186440005688
vlrag-b16c469c37,HybridOnly_minus_DenseOnly,"Làm sao để tôi biết một người đang là chủ hộ kinh doanh có đăng ký thì có bắt buộc phải đóng bảo hiểm xã hội hay không, vì tôi nghe nói quy định này vừa mới thay đổi?",cross_document,abstractive,True,0.0,0.0,0.0,0.0,0.0,0.0,-0.022644927536231818,0.024456521739130377,25.083439216422168
vlrag-b16c469c37,HybridGraph_minus_DenseGraph,"Làm sao để tôi biết một người đang là chủ hộ kinh doanh có đăng ký thì có bắt buộc phải đóng bảo hiểm xã hội hay không, vì tôi nghe nói quy định này vừa mới thay đổi?",cross_document,abstractive,True,0.0,0.0,0.0,0.0,0.0,0.0,0.4720528455284554,0.388719512195122,26.89272802142267
vlrag-b1a5e2d011,DenseGraph_minus_DenseOnly,"Làm sao để biết các đơn vị và cán bộ tại Lào Cai có đang thực hiện đúng việc bãi bỏ các chế độ phụ cấp cũ hay không, nếu họ vẫn làm sai thì sẽ bị xử lý như thế nào?",single_hop,unanswerable,False,0.0,0.0,0.0,0.0,0.0,0.0,-0.00888000888000881,-0.007104007104007104,-1.335033757999554
vlrag-b1a5e2d011,HybridGraph_minus_HybridOnly,"Làm sao để biết các đơn vị và cán bộ tại Lào Cai có đang thực hiện đúng việc bãi bỏ các chế độ phụ cấp cũ hay không, nếu họ vẫn làm sai thì sẽ bị xử lý như thế nào?",single_hop,unanswerable,False,0.0,0.0,0.0,0.0,0.0,0.0,-0.059202059202059204,-0.0581724581724582,-0.10213631199439988
vlrag-b1a5e2d011,HybridOnly_minus_DenseOnly,"Làm sao để biết các đơn vị và cán bộ tại Lào Cai có đang thực hiện đúng việc bãi bỏ các chế độ phụ cấp cũ hay không, nếu họ vẫn làm sai thì sẽ bị xử lý như thế nào?",single_hop,unanswerable,False,0.0,0.0,0.0,0.0,0.0,0.0,-0.0146520146520146,-0.011721611721611708,25.74981748441468
vlrag-b1a5e2d011,HybridGraph_minus_DenseGraph,"Làm sao để biết các đơn vị và cán bộ tại Lào Cai có đang thực hiện đúng việc bãi bỏ các chế độ phụ cấp cũ hay không, nếu họ vẫn làm sai thì sẽ bị xử lý như thế nào?",single_hop,unanswerable,False,0.0,0.0,0.0,0.0,0.0,0.0,-0.064974064974065,-0.0627900627900628,26.982714930419835
vlrag-b1fab1ca76,DenseGraph_minus_DenseOnly,"Nếu tôi đang muốn thực hiện việc tự ý thay đổi mục đích sử dụng đất tại Lai Châu, liệu có hành vi nào nằm trong nhóm bị cấm hoặc cần phải xem xét lại quy định không?",single_hop,unanswerable,False,0.0,0.0,0.0,0.0,0.0,0.0,-0.0006734006734007009,-0.0006734006734007009,-1.4937650780002505
vlrag-b1fab1ca76,HybridGraph_minus_HybridOnly,"Nếu tôi đang muốn thực hiện việc tự ý thay đổi mục đích sử dụng đất tại Lai Châu, liệu có hành vi nào nằm trong nhóm bị cấm hoặc cần phải xem xét lại quy định không?",single_hop,unanswerable,False,0.0,0.0,0.0,0.0,0.0,0.0,0.018907018907018902,0.018907018907018902,-0.7859725710004568
vlrag-b1fab1ca76,HybridOnly_minus_DenseOnly,"Nếu tôi đang muốn thực hiện việc tự ý thay đổi mục đích sử dụng đất tại Lai Châu, liệu có hành vi nào nằm trong nhóm bị cấm hoặc cần phải xem xét lại quy định không?",single_hop,unanswerable,False,0.0,0.0,0.0,0.0,0.0,0.0,0.0,0.0,26.200936383421947
vlrag-b1fab1ca76,HybridGraph_minus_DenseGraph,"Nếu tôi đang muốn thực hiện việc tự ý thay đổi mục đích sử dụng đất tại Lai Châu, liệu có hành vi nào nằm trong nhóm bị cấm hoặc cần phải xem xét lại quy định không?",single_hop,unanswerable,False,0.0,0.0,0.0,0.0,0.0,0.0,0.019580419580419603,0.019580419580419603,26.90872889042174
vlrag-b207dc8534,DenseGraph_minus_DenseOnly,"Nếu tôi nghe nói hiện nay tỉnh Hậu Giang đã thay thế quy định cũ về bộ phận tiếp nhận và trả kết quả tại xã, phường bằng văn bản mới thì làm sao để biết đó là văn bản nào?",citation,extractive,True,0.0,0.0,0.0,0.0,0.0,0.0,0.0,0.0,0.6209393889998864
vlrag-b207dc8534,HybridGraph_minus_HybridOnly,"Nếu tôi nghe nói hiện nay tỉnh Hậu Giang đã thay thế quy định cũ về bộ phận tiếp nhận và trả kết quả tại xã, phường bằng văn bản mới thì làm sao để biết đó là văn bản nào?",citation,extractive,True,0.0,0.0,0.0,0.0,0.0,0.0,0.0020671834625323043,0.0020671834625323043,-0.8182952810002497
vlrag-b207dc8534,HybridOnly_minus_DenseOnly,"Nếu tôi nghe nói hiện nay tỉnh Hậu Giang đã thay thế quy định cũ về bộ phận tiếp nhận và trả kết quả tại xã, phường bằng văn bản mới thì làm sao để biết đó là văn bản nào?",citation,extractive,True,0.0,0.0,0.0,0.0,0.0,0.0,-0.010350076103500805,-0.010350076103500805,25.127423000418677
vlrag-b207dc8534,HybridGraph_minus_DenseGraph,"Nếu tôi nghe nói hiện nay tỉnh Hậu Giang đã thay thế quy định cũ về bộ phận tiếp nhận và trả kết quả tại xã, phường bằng văn bản mới thì làm sao để biết đó là văn bản nào?",citation,extractive,True,0.0,0.0,0.0,0.0,0.0,0.0,-0.0082828926409685,-0.0082828926409685,23.68818833041854
vlrag-b232805976,DenseGraph_minus_DenseOnly,Nếu tôi muốn thực hiện các biện pháp phòng chống bệnh dại cho chó nuôi thì có phải nộp lệ phí gì cho nhà nước không?,single_hop,unanswerable,False,0.0,0.0,0.0,0.0,0.0,0.0,0.0,0.0,1.395645904000503
vlrag-b232805976,HybridGraph_minus_HybridOnly,Nếu tôi muốn thực hiện các biện pháp phòng chống bệnh dại cho chó nuôi thì có phải nộp lệ phí gì cho nhà nước không?,single_hop,unanswerable,False,0.0,0.0,0.0,0.0,0.0,0.0,0.6059379217273955,0.6059379217273955,-2.4262202339996293
vlrag-b232805976,HybridOnly_minus_DenseOnly,Nếu tôi muốn thực hiện các biện pháp phòng chống bệnh dại cho chó nuôi thì có phải nộp lệ phí gì cho nhà nước không?,single_hop,unanswerable,False,0.0,0.0,0.0,0.0,0.0,0.0,0.0256410256410256,0.0256410256410256,25.543640189421865
vlrag-b232805976,HybridGraph_minus_DenseGraph,Nếu tôi muốn thực hiện các biện pháp phòng chống bệnh dại cho chó nuôi thì có phải nộp lệ phí gì cho nhà nước không?,single_hop,unanswerable,False,0.0,0.0,0.0,0.0,0.0,0.0,0.631578947368421,0.631578947368421,21.721774051421733
vlrag-b275591efc,DenseGraph_minus_DenseOnly,"Gia đình tôi muốn biết ngoài việc tuân thủ giá đất năm 2012 tại Lai Châu đã được thông qua, thì nếu sau này có thay đổi về quy hoạch hoặc mục đích sử dụng đất, chúng tôi cần thực hiện thêm bước nào theo quy định?",multi_hop,abstractive,True,0.0,0.0,0.0,0.0,0.0,0.0,0.0,0.0,-1.0038163110002642
vlrag-b275591efc,HybridGraph_minus_HybridOnly,"Gia đình tôi muốn biết ngoài việc tuân thủ giá đất năm 2012 tại Lai Châu đã được thông qua, thì nếu sau này có thay đổi về quy hoạch hoặc mục đích sử dụng đất, chúng tôi cần thực hiện thêm bước nào theo quy định?",multi_hop,abstractive,True,-0.3333333333333333,0.0,-0.20833333333333331,-0.2681402000657982,-0.1,0.0,-0.510204081632653,-0.510204081632653,0.7180667220000032
vlrag-b275591efc,HybridOnly_minus_DenseOnly,"Gia đình tôi muốn biết ngoài việc tuân thủ giá đất năm 2012 tại Lai Châu đã được thông qua, thì nếu sau này có thay đổi về quy hoạch hoặc mục đích sử dụng đất, chúng tôi cần thực hiện thêm bước nào theo quy định?",multi_hop,abstractive,True,0.0,0.0,-0.16666666666666669,-0.11454011842851264,0.0,0.0,0.015154576682157972,0.015154576682157972,24.724905331423262
vlrag-b275591efc,HybridGraph_minus_DenseGraph,"Gia đình tôi muốn biết ngoài việc tuân thủ giá đất năm 2012 tại Lai Châu đã được thông qua, thì nếu sau này có thay đổi về quy hoạch hoặc mục đích sử dụng đất, chúng tôi cần thực hiện thêm bước nào theo quy định?",multi_hop,abstractive,True,-0.3333333333333333,0.0,-0.375,-0.38268031849431083,-0.1,0.0,-0.495049504950495,-0.495049504950495,26.44678836442353
vlrag-b29fe53470,DenseGraph_minus_DenseOnly,"Sắp tới tôi tham gia vào nhóm bảo dưỡng các công trình hạ tầng tại xã, vậy tôi có nằm trong đối tượng được hưởng chính sách hỗ trợ theo quy định của tỉnh Lào Cai không?",single_hop,abstractive,True,0.0,0.0,0.0,0.0,0.0,0.0,0.0,0.0,1.9446107869994194
vlrag-b29fe53470,HybridGraph_minus_HybridOnly,"Sắp tới tôi tham gia vào nhóm bảo dưỡng các công trình hạ tầng tại xã, vậy tôi có nằm trong đối tượng được hưởng chính sách hỗ trợ theo quy định của tỉnh Lào Cai không?",single_hop,abstractive,True,0.0,0.0,0.0,0.0,0.0,0.0,0.0,0.0,1.2040812880004488
vlrag-b29fe53470,HybridOnly_minus_DenseOnly,"Sắp tới tôi tham gia vào nhóm bảo dưỡng các công trình hạ tầng tại xã, vậy tôi có nằm trong đối tượng được hưởng chính sách hỗ trợ theo quy định của tỉnh Lào Cai không?",single_hop,abstractive,True,0.0,0.0,0.0,0.0,0.0,0.0,-0.016879219804951273,-0.01187796949237302,26.731968033423247
vlrag-b29fe53470,HybridGraph_minus_DenseGraph,"Sắp tới tôi tham gia vào nhóm bảo dưỡng các công trình hạ tầng tại xã, vậy tôi có nằm trong đối tượng được hưởng chính sách hỗ trợ theo quy định của tỉnh Lào Cai không?",single_hop,abstractive,True,0.0,0.0,0.0,0.0,0.0,0.0,-0.016879219804951273,-0.01187796949237302,25.991438534424276
vlrag-b3d3b6b80c,DenseGraph_minus_DenseOnly,"Sắp tới tôi có tranh chấp về tiêu chuẩn kỹ thuật trong cung ứng nhiên liệu hàng không dân dụng, tôi có thể trích dẫn điều nào trong Thông tư 04/2018/TT-BGTVT để chứng minh phạm vi quản lý của quy định này?",citation,extractive,True,0.0,0.0,0.0,0.0,0.0,0.0,0.0,0.0,1.389292597999428
vlrag-b3d3b6b80c,HybridGraph_minus_HybridOnly,"Sắp tới tôi có tranh chấp về tiêu chuẩn kỹ thuật trong cung ứng nhiên liệu hàng không dân dụng, tôi có thể trích dẫn điều nào trong Thông tư 04/2018/TT-BGTVT để chứng minh phạm vi quản lý của quy định này?",citation,extractive,True,-1.0,-1.0,-0.1428571428571428,-0.3333333333333333,-0.1,0.0,0.0,0.0,-0.37902020700312633
vlrag-b3d3b6b80c,HybridOnly_minus_DenseOnly,"Sắp tới tôi có tranh chấp về tiêu chuẩn kỹ thuật trong cung ứng nhiên liệu hàng không dân dụng, tôi có thể trích dẫn điều nào trong Thông tư 04/2018/TT-BGTVT để chứng minh phạm vi quản lý của quy định này?",citation,extractive,True,0.0,0.0,-0.19047619047619052,-0.16666666666666669,0.0,0.0,-0.0040075436115040025,-0.0040075436115040025,26.47133484042178
vlrag-b3d3b6b80c,HybridGraph_minus_DenseGraph,"Sắp tới tôi có tranh chấp về tiêu chuẩn kỹ thuật trong cung ứng nhiên liệu hàng không dân dụng, tôi có thể trích dẫn điều nào trong Thông tư 04/2018/TT-BGTVT để chứng minh phạm vi quản lý của quy định này?",citation,extractive,True,-1.0,-1.0,-0.3333333333333333,-0.5,-0.1,0.0,-0.0040075436115040025,-0.0040075436115040025,24.703022035419224
vlrag-b43c5a42e6,DenseGraph_minus_DenseOnly,Có cần phải đáp ứng điều kiện đặc biệt nào để cộng tác viên dân số ở ấp được miễn thực hiện nhiệm vụ hay không?,single_hop,unanswerable,False,0.0,0.0,0.0,0.0,0.0,0.0,0.0,0.0,-1.030432555000289
vlrag-b43c5a42e6,HybridGraph_minus_HybridOnly,Có cần phải đáp ứng điều kiện đặc biệt nào để cộng tác viên dân số ở ấp được miễn thực hiện nhiệm vụ hay không?,single_hop,unanswerable,False,0.0,0.0,0.0,0.0,0.0,0.0,0.0,0.0,-0.27896752900050714
vlrag-b43c5a42e6,HybridOnly_minus_DenseOnly,Có cần phải đáp ứng điều kiện đặc biệt nào để cộng tác viên dân số ở ấp được miễn thực hiện nhiệm vụ hay không?,single_hop,unanswerable,False,0.0,0.0,0.0,0.0,0.0,0.0,0.0,0.0,25.295960447426694
vlrag-b43c5a42e6,HybridGraph_minus_DenseGraph,Có cần phải đáp ứng điều kiện đặc biệt nào để cộng tác viên dân số ở ấp được miễn thực hiện nhiệm vụ hay không?,single_hop,unanswerable,False,0.0,0.0,0.0,0.0,0.0,0.0,0.0,0.0,26.047425473426475
vlrag-b4562cece7,DenseGraph_minus_DenseOnly,Có được thông tin về lợi ích của việc sử dụng thực phẩm an toàn thông qua các phương tiện truyền thông của tỉnh không?,single_hop,boolean,True,0.0,0.0,0.0,0.0,0.0,0.0,0.0,0.0,-1.3946270049991654
vlrag-b4562cece7,HybridGraph_minus_HybridOnly,Có được thông tin về lợi ích của việc sử dụng thực phẩm an toàn thông qua các phương tiện truyền thông của tỉnh không?,single_hop,boolean,True,-1.0,-1.0,-0.1666666666666666,-0.3562071871080222,-0.1,0.0,0.0006864988558353026,0.0006864988558353026,-0.09170269099922734
vlrag-b4562cece7,HybridOnly_minus_DenseOnly,Có được thông tin về lợi ích của việc sử dụng thực phẩm an toàn thông qua các phương tiện truyền thông của tỉnh không?,single_hop,boolean,True,0.0,0.0,-0.8333333333333334,-0.6437928128919779,0.0,0.0,0.0210526315789473,0.0210526315789473,26.55801000342098
vlrag-b4562cece7,HybridGraph_minus_DenseGraph,Có được thông tin về lợi ích của việc sử dụng thực phẩm an toàn thông qua các phương tiện truyền thông của tỉnh không?,single_hop,boolean,True,-1.0,-1.0,-1.0,-1.0,-0.1,0.0,0.0217391304347826,0.0217391304347826,27.860934317420917
vlrag-b4f40756ab,DenseGraph_minus_DenseOnly,"Nếu tôi là người dân muốn thực hiện nộp lệ phí trước bạ theo bảng giá mới, tôi có cần chuẩn bị những giấy tờ gì theo quy định của Quyết định 666/2006/QĐ-UBND không?",single_hop,unanswerable,False,0.0,0.0,0.0,0.0,0.0,0.0,0.0,0.0,-1.0987537450009768
vlrag-b4f40756ab,HybridGraph_minus_HybridOnly,"Nếu tôi là người dân muốn thực hiện nộp lệ phí trước bạ theo bảng giá mới, tôi có cần chuẩn bị những giấy tờ gì theo quy định của Quyết định 666/2006/QĐ-UBND không?",single_hop,unanswerable,False,0.0,0.0,0.0,0.0,0.0,0.0,0.0,0.0,-0.7610633080039335
vlrag-b4f40756ab,HybridOnly_minus_DenseOnly,"Nếu tôi là người dân muốn thực hiện nộp lệ phí trước bạ theo bảng giá mới, tôi có cần chuẩn bị những giấy tờ gì theo quy định của Quyết định 666/2006/QĐ-UBND không?",single_hop,unanswerable,False,0.0,0.0,0.0,0.0,0.0,0.0,0.0,0.0,27.010339364420986
vlrag-b4f40756ab,HybridGraph_minus_DenseGraph,"Nếu tôi là người dân muốn thực hiện nộp lệ phí trước bạ theo bảng giá mới, tôi có cần chuẩn bị những giấy tờ gì theo quy định của Quyết định 666/2006/QĐ-UBND không?",single_hop,unanswerable,False,0.0,0.0,0.0,0.0,0.0,0.0,0.0,0.0,27.34802980141803
vlrag-b50135484e,DenseGraph_minus_DenseOnly,"Tôi thấy quy định về việc đào tạo nguồn nhân lực sau đại học này đã có từ năm 2006, vậy từ ngày 01/01/2011 tôi có còn phải thực hiện theo các văn bản cũ không hay có gì thay đổi?",single_hop,abstractive,True,0.0,0.0,0.0,0.0,0.0,0.0,0.0,0.0,-2.580159260000073
vlrag-b50135484e,HybridGraph_minus_HybridOnly,"Tôi thấy quy định về việc đào tạo nguồn nhân lực sau đại học này đã có từ năm 2006, vậy từ ngày 01/01/2011 tôi có còn phải thực hiện theo các văn bản cũ không hay có gì thay đổi?",single_hop,abstractive,True,0.0,0.0,0.0,0.0,0.0,0.0,0.016867469879517982,-0.013143483023001085,-0.8770100490000878
vlrag-b50135484e,HybridOnly_minus_DenseOnly,"Tôi thấy quy định về việc đào tạo nguồn nhân lực sau đại học này đã có từ năm 2006, vậy từ ngày 01/01/2011 tôi có còn phải thực hiện theo các văn bản cũ không hay có gì thay đổi?",single_hop,abstractive,True,0.0,0.0,0.0,0.0,0.0,0.0,0.01651376146788991,0.016680567139282787,25.415482352425613
vlrag-b50135484e,HybridGraph_minus_DenseGraph,"Tôi thấy quy định về việc đào tạo nguồn nhân lực sau đại học này đã có từ năm 2006, vậy từ ngày 01/01/2011 tôi có còn phải thực hiện theo các văn bản cũ không hay có gì thay đổi?",single_hop,abstractive,True,0.0,0.0,0.0,0.0,0.0,0.0,0.03338123134740789,0.0035370841162817024,27.1186315634256
vlrag-b60639c014,DenseGraph_minus_DenseOnly,"Tôi là chủ hộ kinh doanh, nếu tôi nhận tiền hỗ trợ sản xuất nông nghiệp tốt nhưng lại không thực hiện đúng quy trình đã đăng ký thì tôi sẽ bị xử lý thế nào?",single_hop,unanswerable,False,0.0,0.0,0.0,0.0,0.0,0.0,-0.08620044876589379,-0.0683433059087509,0.2876221189999342
vlrag-b60639c014,HybridGraph_minus_HybridOnly,"Tôi là chủ hộ kinh doanh, nếu tôi nhận tiền hỗ trợ sản xuất nông nghiệp tốt nhưng lại không thực hiện đúng quy trình đã đăng ký thì tôi sẽ bị xử lý thế nào?",single_hop,unanswerable,False,0.0,0.0,0.0,0.0,0.0,0.0,-0.0062413314840499,-0.0062413314840499,0.7394180890005373
vlrag-b60639c014,HybridOnly_minus_DenseOnly,"Tôi là chủ hộ kinh doanh, nếu tôi nhận tiền hỗ trợ sản xuất nông nghiệp tốt nhưng lại không thực hiện đúng quy trình đã đăng ký thì tôi sẽ bị xử lý thế nào?",single_hop,unanswerable,False,0.0,0.0,0.0,0.0,0.0,0.0,-0.0294729542302358,-0.011615811373092907,25.412941500420573
vlrag-b60639c014,HybridGraph_minus_DenseGraph,"Tôi là chủ hộ kinh doanh, nếu tôi nhận tiền hỗ trợ sản xuất nông nghiệp tốt nhưng lại không thực hiện đúng quy trình đã đăng ký thì tôi sẽ bị xử lý thế nào?",single_hop,unanswerable,False,0.0,0.0,0.0,0.0,0.0,0.0,0.05048616305160809,0.05048616305160809,25.864737470421176
vlrag-b666270ba2,DenseGraph_minus_DenseOnly,Làm sao để gia đình tôi có thể tham gia vào việc cải thiện an toàn thực phẩm theo chiến lược quốc gia?,single_hop,abstractive,True,-0.5,-1.0,-0.25,-0.2640681225725909,-0.1,0.0,-0.007410503914266092,0.012502850193813198,1.6600395020004726
vlrag-b666270ba2,HybridGraph_minus_HybridOnly,Làm sao để gia đình tôi có thể tham gia vào việc cải thiện an toàn thực phẩm theo chiến lược quốc gia?,single_hop,abstractive,True,-1.0,-1.0,-0.2,-0.4217734095488644,-0.2,0.0,0.009687605383365494,0.01931389680860851,-0.556875278998632
vlrag-b666270ba2,HybridOnly_minus_DenseOnly,Làm sao để gia đình tôi có thể tham gia vào việc cải thiện an toàn thực phẩm theo chiến lược quốc gia?,single_hop,abstractive,True,0.5,0.0,-0.04999999999999999,0.1577052869762735,0.1,0.0,-0.022079348785275593,-0.008428332162731603,26.447198858424315
vlrag-b666270ba2,HybridGraph_minus_DenseGraph,Làm sao để gia đình tôi có thể tham gia vào việc cải thiện an toàn thực phẩm theo chiến lược quốc gia?,single_hop,abstractive,True,0.0,0.0,0.0,0.0,0.0,0.0,-0.004981239487644007,-0.0016172855479362896,24.23028407742521
vlrag-b69473321f,DenseGraph_minus_DenseOnly,Làm sao để biết danh mục và phương pháp lập 37 loại chứng từ kế toán bổ sung dành cho cơ quan Bảo hiểm xã hội?,single_hop,extractive,True,0.0,0.0,0.0,0.0,0.0,0.0,-0.043655913978494665,-0.0316129032258064,0.6834386769987759
vlrag-b69473321f,HybridGraph_minus_HybridOnly,Làm sao để biết danh mục và phương pháp lập 37 loại chứng từ kế toán bổ sung dành cho cơ quan Bảo hiểm xã hội?,single_hop,extractive,True,0.0,0.0,0.0,0.0,0.0,0.0,0.0,0.0,3.0323416600003803
vlrag-b69473321f,HybridOnly_minus_DenseOnly,Làm sao để biết danh mục và phương pháp lập 37 loại chứng từ kế toán bổ sung dành cho cơ quan Bảo hiểm xã hội?,single_hop,extractive,True,0.0,0.0,0.0,0.0,0.0,0.0,0.0,0.0,26.815660490423117
vlrag-b69473321f,HybridGraph_minus_DenseGraph,Làm sao để biết danh mục và phương pháp lập 37 loại chứng từ kế toán bổ sung dành cho cơ quan Bảo hiểm xã hội?,single_hop,extractive,True,0.0,0.0,0.0,0.0,0.0,0.0,0.043655913978494665,0.0316129032258064,29.16456347342472
vlrag-b739c5fa3b,DenseGraph_minus_DenseOnly,Doanh nghiệp của tôi muốn hỏi về mức phí cụ thể phải nộp khi làm thủ tục đăng ký lắp đặt cây ATM trên địa bàn là bao nhiêu?,single_hop,unanswerable,False,0.0,0.0,0.0,0.0,0.0,0.0,0.0,0.0,-1.5640211170011753
vlrag-b739c5fa3b,HybridGraph_minus_HybridOnly,Doanh nghiệp của tôi muốn hỏi về mức phí cụ thể phải nộp khi làm thủ tục đăng ký lắp đặt cây ATM trên địa bàn là bao nhiêu?,single_hop,unanswerable,False,0.0,0.0,0.0,0.0,0.0,0.0,0.0,0.0,-0.987348050999568
vlrag-b739c5fa3b,HybridOnly_minus_DenseOnly,Doanh nghiệp của tôi muốn hỏi về mức phí cụ thể phải nộp khi làm thủ tục đăng ký lắp đặt cây ATM trên địa bàn là bao nhiêu?,single_hop,unanswerable,False,0.0,0.0,0.0,0.0,0.0,0.0,0.0,0.0,26.105503524427778
vlrag-b739c5fa3b,HybridGraph_minus_DenseGraph,Doanh nghiệp của tôi muốn hỏi về mức phí cụ thể phải nộp khi làm thủ tục đăng ký lắp đặt cây ATM trên địa bàn là bao nhiêu?,single_hop,unanswerable,False,0.0,0.0,0.0,0.0,0.0,0.0,0.0,0.0,26.682176590429385
vlrag-b98364d87e,DenseGraph_minus_DenseOnly,"Có được trường hợp nào miễn trừ hoặc quy định ngoại lệ về chức năng, nhiệm vụ của Tổng cục Lâm nghiệp hiện nay không?",single_hop,boolean,True,0.0,0.0,0.0,0.0,0.0,0.0,-0.106060606060606,-0.106060606060606,-0.6553232400001434
vlrag-b98364d87e,HybridGraph_minus_HybridOnly,"Có được trường hợp nào miễn trừ hoặc quy định ngoại lệ về chức năng, nhiệm vụ của Tổng cục Lâm nghiệp hiện nay không?",single_hop,boolean,True,-1.0,-1.0,-0.1428571428571428,-0.3333333333333333,-0.1,0.0,0.0,0.0,-0.5755070220020606
vlrag-b98364d87e,HybridOnly_minus_DenseOnly,"Có được trường hợp nào miễn trừ hoặc quy định ngoại lệ về chức năng, nhiệm vụ của Tổng cục Lâm nghiệp hiện nay không?",single_hop,boolean,True,0.0,0.0,-0.3571428571428572,-0.2975964202381242,0.0,0.0,0.0,0.0,25.433354372423487
vlrag-b98364d87e,HybridGraph_minus_DenseGraph,"Có được trường hợp nào miễn trừ hoặc quy định ngoại lệ về chức năng, nhiệm vụ của Tổng cục Lâm nghiệp hiện nay không?",single_hop,boolean,True,-1.0,-1.0,-0.5,-0.6309297535714575,-0.1,0.0,0.106060606060606,0.106060606060606,25.51317059042157
vlrag-b9a13a419d,DenseGraph_minus_DenseOnly,Chúng tôi cần biết hệ thống tài khoản kế toán áp dụng cho cơ quan bảo hiểm xã hội bao gồm bao nhiêu tài khoản?,single_hop,extractive,True,0.0,0.0,0.0,0.0,0.0,0.0,-0.09723577235772363,-0.09723577235772363,1.2823190529989006
vlrag-b9a13a419d,HybridGraph_minus_HybridOnly,Chúng tôi cần biết hệ thống tài khoản kế toán áp dụng cho cơ quan bảo hiểm xã hội bao gồm bao nhiêu tài khoản?,single_hop,extractive,True,0.0,0.0,0.0,0.0,0.0,0.0,-0.061234567901234604,-0.061234567901234604,-0.298369502001151
vlrag-b9a13a419d,HybridOnly_minus_DenseOnly,Chúng tôi cần biết hệ thống tài khoản kế toán áp dụng cho cơ quan bảo hiểm xã hội bao gồm bao nhiêu tài khoản?,single_hop,extractive,True,0.0,0.0,-0.25,-0.20025319549806453,0.0,0.0,-0.026666666666666727,-0.026666666666666727,25.867023518423313
vlrag-b9a13a419d,HybridGraph_minus_DenseGraph,Chúng tôi cần biết hệ thống tài khoản kế toán áp dụng cho cơ quan bảo hiểm xã hội bao gồm bao nhiêu tài khoản?,single_hop,extractive,True,0.0,0.0,-0.25,-0.20025319549806453,0.0,0.0,0.009334537789822295,0.009334537789822295,24.28633496342326
vlrag-bafaaf467c,DenseGraph_minus_DenseOnly,Gia đình tôi thắc mắc nếu các dự án thuộc chương trình an toàn truyền máu không được bố trí kinh phí thì sẽ giải quyết thế nào?,single_hop,unanswerable,False,0.0,0.0,0.0,0.0,0.0,0.0,-0.5569520816967793,-0.5718774548311076,0.5302339190002385
vlrag-bafaaf467c,HybridGraph_minus_HybridOnly,Gia đình tôi thắc mắc nếu các dự án thuộc chương trình an toàn truyền máu không được bố trí kinh phí thì sẽ giải quyết thế nào?,single_hop,unanswerable,False,0.0,0.0,0.0,0.0,0.0,0.0,0.0,0.0,-0.9316522709996278
vlrag-bafaaf467c,HybridOnly_minus_DenseOnly,Gia đình tôi thắc mắc nếu các dự án thuộc chương trình an toàn truyền máu không được bố trí kinh phí thì sẽ giải quyết thế nào?,single_hop,unanswerable,False,0.0,0.0,0.0,0.0,0.0,0.0,0.0,0.0,25.78098882642434
vlrag-bafaaf467c,HybridGraph_minus_DenseGraph,Gia đình tôi thắc mắc nếu các dự án thuộc chương trình an toàn truyền máu không được bố trí kinh phí thì sẽ giải quyết thế nào?,single_hop,unanswerable,False,0.0,0.0,0.0,0.0,0.0,0.0,0.5569520816967793,0.5718774548311076,24.319102636424475
vlrag-bb360b7ff9,DenseGraph_minus_DenseOnly,"Gia đình tôi được biết tỉnh đã bãi bỏ quy chế cũ về nhà tang lễ, vậy các quyết định 15/2009/QĐ-UBND và 18/2012/QĐ-UBND bây giờ có còn được sử dụng để áp dụng cho việc tổ chức tang lễ không?",single_hop,boolean,True,0.0,0.0,0.0,0.0,0.0,0.0,0.0046382189239332,0.0046382189239332,-6.924840833000417
vlrag-bb360b7ff9,HybridGraph_minus_HybridOnly,"Gia đình tôi được biết tỉnh đã bãi bỏ quy chế cũ về nhà tang lễ, vậy các quyết định 15/2009/QĐ-UBND và 18/2012/QĐ-UBND bây giờ có còn được sử dụng để áp dụng cho việc tổ chức tang lễ không?",single_hop,boolean,True,0.0,0.0,0.0,0.0,0.0,0.0,0.0,0.0,-0.7761233110013599
vlrag-bb360b7ff9,HybridOnly_minus_DenseOnly,"Gia đình tôi được biết tỉnh đã bãi bỏ quy chế cũ về nhà tang lễ, vậy các quyết định 15/2009/QĐ-UBND và 18/2012/QĐ-UBND bây giờ có còn được sử dụng để áp dụng cho việc tổ chức tang lễ không?",single_hop,boolean,True,0.0,0.0,0.6666666666666667,0.5,0.0,0.0,0.0036281179138321976,0.0036281179138321976,20.977709638422944
vlrag-bb360b7ff9,HybridGraph_minus_DenseGraph,"Gia đình tôi được biết tỉnh đã bãi bỏ quy chế cũ về nhà tang lễ, vậy các quyết định 15/2009/QĐ-UBND và 18/2012/QĐ-UBND bây giờ có còn được sử dụng để áp dụng cho việc tổ chức tang lễ không?",single_hop,boolean,True,0.0,0.0,0.6666666666666667,0.5,0.0,0.0,-0.0010101010101010027,-0.0010101010101010027,27.126427160422
vlrag-bbbf3ac164,DenseGraph_minus_DenseOnly,Nếu địa phương tôi muốn xây dựng các công trình như điểm vui chơi giải trí cho trẻ em thì có được phép huy động nguồn lực xã hội không?,single_hop,boolean,True,0.0,0.0,0.0,0.0,0.0,0.0,-0.006172839506172801,-0.006172839506172801,-0.1844270259998666
vlrag-bbbf3ac164,HybridGraph_minus_HybridOnly,Nếu địa phương tôi muốn xây dựng các công trình như điểm vui chơi giải trí cho trẻ em thì có được phép huy động nguồn lực xã hội không?,single_hop,boolean,True,0.0,0.0,0.0,0.0,0.0,0.0,-0.006342734171480301,-0.006342734171480301,0.7407689270003139
vlrag-bbbf3ac164,HybridOnly_minus_DenseOnly,Nếu địa phương tôi muốn xây dựng các công trình như điểm vui chơi giải trí cho trẻ em thì có được phép huy động nguồn lực xã hội không?,single_hop,boolean,True,0.0,0.0,0.0,0.0,0.0,0.0,0.0,0.0,27.00173245841933
vlrag-bbbf3ac164,HybridGraph_minus_DenseGraph,Nếu địa phương tôi muốn xây dựng các công trình như điểm vui chơi giải trí cho trẻ em thì có được phép huy động nguồn lực xã hội không?,single_hop,boolean,True,0.0,0.0,0.0,0.0,0.0,0.0,-0.00016989466530750036,-0.00016989466530750036,27.92692841141951
vlrag-bbca4159cf,DenseGraph_minus_DenseOnly,"Gia đình tôi tham gia thực hiện đề tài khoa học xã hội cấp tỉnh, xin hỏi những ai có trách nhiệm phải thi hành quyết định về việc đánh giá, nghiệm thu đề tài này?",single_hop,abstractive,True,0.0,0.0,0.0,0.0,0.0,0.0,0.04966971544715437,0.0471290650406504,1.2074153819994535
vlrag-bbca4159cf,HybridGraph_minus_HybridOnly,"Gia đình tôi tham gia thực hiện đề tài khoa học xã hội cấp tỉnh, xin hỏi những ai có trách nhiệm phải thi hành quyết định về việc đánh giá, nghiệm thu đề tài này?",single_hop,abstractive,True,-1.0,-1.0,-0.1111111111111111,-0.3010299956639812,-0.1,0.0,-0.24458874458874458,-0.2495543672014259,-0.5991672880008956
vlrag-bbca4159cf,HybridOnly_minus_DenseOnly,"Gia đình tôi tham gia thực hiện đề tài khoa học xã hội cấp tỉnh, xin hỏi những ai có trách nhiệm phải thi hành quyết định về việc đánh giá, nghiệm thu đề tài này?",single_hop,abstractive,True,1.0,1.0,0.1111111111111111,0.3010299956639812,0.1,0.0,0.10842803030303028,0.1254734848484847,27.233851201422738
vlrag-bbca4159cf,HybridGraph_minus_DenseGraph,"Gia đình tôi tham gia thực hiện đề tài khoa học xã hội cấp tỉnh, xin hỏi những ai có trách nhiệm phải thi hành quyết định về việc đánh giá, nghiệm thu đề tài này?",single_hop,abstractive,True,0.0,0.0,0.0,0.0,0.0,0.0,-0.18583042973286867,-0.1712099473935916,25.42726853142239
vlrag-bbe34597f7,DenseGraph_minus_DenseOnly,"Có được ghi hình thức kỷ luật vào lý lịch của cán bộ, công chức hay không và căn cứ vào văn bản nào?",citation,extractive,True,0.0,0.0,0.0,0.0,0.0,0.0,0.0815850815850816,0.0815850815850816,0.5522953509998847
vlrag-bbe34597f7,HybridGraph_minus_HybridOnly,"Có được ghi hình thức kỷ luật vào lý lịch của cán bộ, công chức hay không và căn cứ vào văn bản nào?",citation,extractive,True,-1.0,-1.0,-0.1428571428571428,-0.3333333333333333,-0.1,0.0,-0.20139860139860155,-0.16503496503496512,-3.3318680869997443
vlrag-bbe34597f7,HybridOnly_minus_DenseOnly,"Có được ghi hình thức kỷ luật vào lý lịch của cán bộ, công chức hay không và căn cứ vào văn bản nào?",citation,extractive,True,0.0,0.0,-0.8571428571428572,-0.6666666666666667,0.0,0.0,-0.1272727272727272,-0.16363636363636364,31.39138477342334
vlrag-bbe34597f7,HybridGraph_minus_DenseGraph,"Có được ghi hình thức kỷ luật vào lý lịch của cán bộ, công chức hay không và căn cứ vào văn bản nào?",citation,extractive,True,-1.0,-1.0,-1.0,-1.0,-0.1,0.0,-0.41025641025641035,-0.41025641025641035,27.50722133542371
vlrag-bc20c1b5bf,DenseGraph_minus_DenseOnly,"Chúng tôi đang tranh chấp về giá trị bồi thường khi Nhà nước thu hồi đất, vậy bảng giá đất này có được dùng làm cơ sở tính tiền bồi thường không?",legal_validity,boolean,True,0.0,0.0,0.0,0.0,0.0,0.0,0.0,0.0,0.9360316109996347
vlrag-bc20c1b5bf,HybridGraph_minus_HybridOnly,"Chúng tôi đang tranh chấp về giá trị bồi thường khi Nhà nước thu hồi đất, vậy bảng giá đất này có được dùng làm cơ sở tính tiền bồi thường không?",legal_validity,boolean,True,0.0,0.0,0.0,0.0,0.0,0.0,0.0,0.0,-0.14495394499863679
vlrag-bc20c1b5bf,HybridOnly_minus_DenseOnly,"Chúng tôi đang tranh chấp về giá trị bồi thường khi Nhà nước thu hồi đất, vậy bảng giá đất này có được dùng làm cơ sở tính tiền bồi thường không?",legal_validity,boolean,True,0.0,0.0,0.0,0.0,0.0,0.0,0.0,0.0,27.440085892424072
vlrag-bc20c1b5bf,HybridGraph_minus_DenseGraph,"Chúng tôi đang tranh chấp về giá trị bồi thường khi Nhà nước thu hồi đất, vậy bảng giá đất này có được dùng làm cơ sở tính tiền bồi thường không?",legal_validity,boolean,True,0.0,0.0,0.0,0.0,0.0,0.0,0.0,0.0,26.3591003364258
vlrag-bd79bf4ed8,DenseGraph_minus_DenseOnly,Tôi muốn hỏi quy định về việc ngân sách trung ương hỗ trợ kinh phí dạy nghề cho lao động nông thôn hiện tại có còn áp dụng cho các địa phương tự cân đối được ngân sách không?,legal_validity,boolean,True,0.0,0.0,0.0,0.0,0.0,0.0,0.0186915887850467,0.0186915887850467,-0.26756081399980847
vlrag-bd79bf4ed8,HybridGraph_minus_HybridOnly,Tôi muốn hỏi quy định về việc ngân sách trung ương hỗ trợ kinh phí dạy nghề cho lao động nông thôn hiện tại có còn áp dụng cho các địa phương tự cân đối được ngân sách không?,legal_validity,boolean,True,0.0,0.0,0.0,0.0,0.0,0.0,0.0,0.0,-0.506723279999278
vlrag-bd79bf4ed8,HybridOnly_minus_DenseOnly,Tôi muốn hỏi quy định về việc ngân sách trung ương hỗ trợ kinh phí dạy nghề cho lao động nông thôn hiện tại có còn áp dụng cho các địa phương tự cân đối được ngân sách không?,legal_validity,boolean,True,0.0,0.0,0.0,0.0,0.0,0.0,0.1666666666666666,0.1666666666666666,26.56601606742169
vlrag-bd79bf4ed8,HybridGraph_minus_DenseGraph,Tôi muốn hỏi quy định về việc ngân sách trung ương hỗ trợ kinh phí dạy nghề cho lao động nông thôn hiện tại có còn áp dụng cho các địa phương tự cân đối được ngân sách không?,legal_validity,boolean,True,0.0,0.0,0.0,0.0,0.0,0.0,0.1479750778816199,0.1479750778816199,26.32685360142222
vlrag-bd95334b54,DenseGraph_minus_DenseOnly,"Doanh nghiệp của tôi có nghe thông tin về việc tỉnh Cà Mau vừa ban hành quy định mới về giá khám chữa bệnh công lập không thuộc bảo hiểm y tế, văn bản đó tên là gì và có căn cứ vào các luật nào không?",citation,abstractive,True,-1.0,-1.0,-0.1,-0.2890648263178879,-0.1,0.0,-0.008571428571428619,-0.015400696864111607,-1.278855485000122
vlrag-bd95334b54,HybridGraph_minus_HybridOnly,"Doanh nghiệp của tôi có nghe thông tin về việc tỉnh Cà Mau vừa ban hành quy định mới về giá khám chữa bệnh công lập không thuộc bảo hiểm y tế, văn bản đó tên là gì và có căn cứ vào các luật nào không?",citation,abstractive,True,0.0,0.0,0.0,0.0,0.0,0.0,-0.013050318520620108,-0.009955381322054091,-0.14764563700009603
vlrag-bd95334b54,HybridOnly_minus_DenseOnly,"Doanh nghiệp của tôi có nghe thông tin về việc tỉnh Cà Mau vừa ban hành quy định mới về giá khám chữa bệnh công lập không thuộc bảo hiểm y tế, văn bản đó tên là gì và có căn cứ vào các luật nào không?",citation,abstractive,True,-1.0,-1.0,-0.1,-0.2890648263178879,-0.1,0.0,-0.11256544502617799,-0.09175073426126923,27.166133451420762
vlrag-bd95334b54,HybridGraph_minus_DenseGraph,"Doanh nghiệp của tôi có nghe thông tin về việc tỉnh Cà Mau vừa ban hành quy định mới về giá khám chữa bệnh công lập không thuộc bảo hiểm y tế, văn bản đó tên là gì và có căn cứ vào các luật nào không?",citation,abstractive,True,0.0,0.0,0.0,0.0,0.0,0.0,-0.11704433497536948,-0.08630541871921171,28.29734329942079
vlrag-be3b7b45db,DenseGraph_minus_DenseOnly,"Tôi là chủ một công ty tư vấn đấu thầu, sắp tới có tham gia một gói thầu sử dụng vốn nhà nước, tôi cần làm gì để biết cách thức thực hiện nộp loại phí thẩm định kết quả đấu thầu theo đúng quy định tại tỉnh mình?",single_hop,abstractive,True,0.0,0.0,0.0,0.0,0.0,0.0,0.0860608394301117,0.1120523681170582,-0.7229923269997016
vlrag-be3b7b45db,HybridGraph_minus_HybridOnly,"Tôi là chủ một công ty tư vấn đấu thầu, sắp tới có tham gia một gói thầu sử dụng vốn nhà nước, tôi cần làm gì để biết cách thức thực hiện nộp loại phí thẩm định kết quả đấu thầu theo đúng quy định tại tỉnh mình?",single_hop,abstractive,True,0.0,0.0,0.0,0.0,0.0,0.0,-0.01011904761904761,-0.05357142857142852,0.7168709590005165
vlrag-be3b7b45db,HybridOnly_minus_DenseOnly,"Tôi là chủ một công ty tư vấn đấu thầu, sắp tới có tham gia một gói thầu sử dụng vốn nhà nước, tôi cần làm gì để biết cách thức thực hiện nộp loại phí thẩm định kết quả đấu thầu theo đúng quy định tại tỉnh mình?",single_hop,abstractive,True,0.0,0.0,0.0,0.0,0.0,0.0,0.06837376460017969,0.10592991913746631,24.593833519423413
vlrag-be3b7b45db,HybridGraph_minus_DenseGraph,"Tôi là chủ một công ty tư vấn đấu thầu, sắp tới có tham gia một gói thầu sử dụng vốn nhà nước, tôi cần làm gì để biết cách thức thực hiện nộp loại phí thẩm định kết quả đấu thầu theo đúng quy định tại tỉnh mình?",single_hop,abstractive,True,0.0,0.0,0.0,0.0,0.0,0.0,-0.02780612244897962,-0.0596938775510204,26.03369680542363
vlrag-bf8f920265,DenseGraph_minus_DenseOnly,"Nếu cơ quan chức năng của tỉnh ban hành một văn bản quy phạm pháp luật mới thay thế cho quy định cũ từ năm 2005, thì tôi cần lưu ý gì về thời điểm văn bản mới bắt đầu có hiệu lực để áp dụng cho công việc của mình?",multi_hop,extractive,True,0.0,0.0,0.0,0.0,0.0,0.0,-0.0439087386999569,-0.0439087386999569,-1.9972178709995205
vlrag-bf8f920265,HybridGraph_minus_HybridOnly,"Nếu cơ quan chức năng của tỉnh ban hành một văn bản quy phạm pháp luật mới thay thế cho quy định cũ từ năm 2005, thì tôi cần lưu ý gì về thời điểm văn bản mới bắt đầu có hiệu lực để áp dụng cho công việc của mình?",multi_hop,extractive,True,0.0,0.0,0.0,0.0,0.0,0.0,-0.025391304347826216,0.0020869565217391806,0.3181613950000539
vlrag-bf8f920265,HybridOnly_minus_DenseOnly,"Nếu cơ quan chức năng của tỉnh ban hành một văn bản quy phạm pháp luật mới thay thế cho quy định cũ từ năm 2005, thì tôi cần lưu ý gì về thời điểm văn bản mới bắt đầu có hiệu lực để áp dụng cho công việc của mình?",multi_hop,extractive,True,0.0,0.0,0.0,0.0,0.0,0.0,-0.0004304778303916845,-0.043908738699956984,25.70808571042216
vlrag-bf8f920265,HybridGraph_minus_DenseGraph,"Nếu cơ quan chức năng của tỉnh ban hành một văn bản quy phạm pháp luật mới thay thế cho quy định cũ từ năm 2005, thì tôi cần lưu ý gì về thời điểm văn bản mới bắt đầu có hiệu lực để áp dụng cho công việc của mình?",multi_hop,extractive,True,0.0,0.0,0.0,0.0,0.0,0.0,0.018086956521739,0.0020869565217390973,28.023464976421735
vlrag-c0067f5764,DenseGraph_minus_DenseOnly,"Chúng tôi nghe nói Chính phủ có ra văn bản về Chiến lược quốc gia An toàn thực phẩm giai đoạn 2011 - 2020 và tầm nhìn 2030, xin xác nhận lại thông tin này có chính xác không?",citation,abstractive,True,0.0,0.0,0.0,0.0,0.0,0.0,0.0,0.0,-1.5657734899996285
vlrag-c0067f5764,HybridGraph_minus_HybridOnly,"Chúng tôi nghe nói Chính phủ có ra văn bản về Chiến lược quốc gia An toàn thực phẩm giai đoạn 2011 - 2020 và tầm nhìn 2030, xin xác nhận lại thông tin này có chính xác không?",citation,abstractive,True,0.0,0.0,0.0,0.0,0.0,0.0,0.0,0.0,-0.5701216279994696
vlrag-c0067f5764,HybridOnly_minus_DenseOnly,"Chúng tôi nghe nói Chính phủ có ra văn bản về Chiến lược quốc gia An toàn thực phẩm giai đoạn 2011 - 2020 và tầm nhìn 2030, xin xác nhận lại thông tin này có chính xác không?",citation,abstractive,True,0.0,0.0,0.0,0.0,0.0,0.0,0.0,0.0,26.415849822423016
vlrag-c0067f5764,HybridGraph_minus_DenseGraph,"Chúng tôi nghe nói Chính phủ có ra văn bản về Chiến lược quốc gia An toàn thực phẩm giai đoạn 2011 - 2020 và tầm nhìn 2030, xin xác nhận lại thông tin này có chính xác không?",citation,abstractive,True,0.0,0.0,0.0,0.0,0.0,0.0,0.0,0.0,27.411501684423175
vlrag-c160bdf1d3,DenseGraph_minus_DenseOnly,"Sắp tới tôi cần xử lý dứt điểm các vụ việc thi hành án dân sự tồn đọng tại địa phương, vậy theo quy định hiện hành thì cơ quan tôi có cần phối hợp với đơn vị nào để tuyên truyền, phổ biến pháp luật cho người dân không?",single_hop,abstractive,True,0.0,0.0,0.0,0.0,0.0,0.0,0.0671424493291464,0.038367113902369396,-1.7037259090002417
vlrag-c160bdf1d3,HybridGraph_minus_HybridOnly,"Sắp tới tôi cần xử lý dứt điểm các vụ việc thi hành án dân sự tồn đọng tại địa phương, vậy theo quy định hiện hành thì cơ quan tôi có cần phối hợp với đơn vị nào để tuyên truyền, phổ biến pháp luật cho người dân không?",single_hop,abstractive,True,0.0,0.0,0.0,0.0,0.0,0.0,-0.11596074380165289,-0.0727014462809918,-0.020601860001988825
vlrag-c160bdf1d3,HybridOnly_minus_DenseOnly,"Sắp tới tôi cần xử lý dứt điểm các vụ việc thi hành án dân sự tồn đọng tại địa phương, vậy theo quy định hiện hành thì cơ quan tôi có cần phối hợp với đơn vị nào để tuyên truyền, phổ biến pháp luật cho người dân không?",single_hop,abstractive,True,0.0,0.0,0.0,0.0,0.0,0.0,0.1006048387096774,0.0686491935483871,25.33498282942327
vlrag-c160bdf1d3,HybridGraph_minus_DenseGraph,"Sắp tới tôi cần xử lý dứt điểm các vụ việc thi hành án dân sự tồn đọng tại địa phương, vậy theo quy định hiện hành thì cơ quan tôi có cần phối hợp với đơn vị nào để tuyên truyền, phổ biến pháp luật cho người dân không?",single_hop,abstractive,True,0.0,0.0,0.0,0.0,0.0,0.0,-0.08249835442112188,-0.0424193666349741,27.018106878421523
vlrag-c2cbc727e3,DenseGraph_minus_DenseOnly,"Trong trường hợp tôi cần tìm kiếm căn cứ pháp lý để hiểu rõ chức năng, nhiệm vụ của Trung tâm Quốc gia Nước sạch và Vệ sinh môi trường nông thôn, tôi nên tra cứu văn bản nào?",citation,extractive,True,-1.0,-1.0,-0.1666666666666666,-0.3562071871080222,-0.1,0.0,-0.0016708437761068784,-0.0016708437761068784,0.23135896000076173
vlrag-c2cbc727e3,HybridGraph_minus_HybridOnly,"Trong trường hợp tôi cần tìm kiếm căn cứ pháp lý để hiểu rõ chức năng, nhiệm vụ của Trung tâm Quốc gia Nước sạch và Vệ sinh môi trường nông thôn, tôi nên tra cứu văn bản nào?",citation,extractive,True,-1.0,-1.0,-0.1666666666666666,-0.3562071871080222,-0.1,0.0,0.0,0.0,0.4701365430009865
vlrag-c2cbc727e3,HybridOnly_minus_DenseOnly,"Trong trường hợp tôi cần tìm kiếm căn cứ pháp lý để hiểu rõ chức năng, nhiệm vụ của Trung tâm Quốc gia Nước sạch và Vệ sinh môi trường nông thôn, tôi nên tra cứu văn bản nào?",citation,extractive,True,0.0,0.0,0.0,0.0,0.0,0.0,0.0,0.0,27.05051028841871
vlrag-c2cbc727e3,HybridGraph_minus_DenseGraph,"Trong trường hợp tôi cần tìm kiếm căn cứ pháp lý để hiểu rõ chức năng, nhiệm vụ của Trung tâm Quốc gia Nước sạch và Vệ sinh môi trường nông thôn, tôi nên tra cứu văn bản nào?",citation,extractive,True,0.0,0.0,0.0,0.0,0.0,0.0,0.0016708437761068784,0.0016708437761068784,27.289287871418935
vlrag-c38e4a74cc,DenseGraph_minus_DenseOnly,"Tôi đang quản lý một cửa hàng kinh doanh, sắp tới cán bộ Sở Nội vụ có yêu cầu chuẩn hóa lại đội ngũ cán bộ tư pháp - hộ tịch tại xã, tôi cần thực hiện nghĩa vụ gì để hỗ trợ việc này?",single_hop,unanswerable,False,0.0,0.0,0.0,0.0,0.0,0.0,0.011066126855600503,-0.004318488529014897,-0.8325189679999312
vlrag-c38e4a74cc,HybridGraph_minus_HybridOnly,"Tôi đang quản lý một cửa hàng kinh doanh, sắp tới cán bộ Sở Nội vụ có yêu cầu chuẩn hóa lại đội ngũ cán bộ tư pháp - hộ tịch tại xã, tôi cần thực hiện nghĩa vụ gì để hỗ trợ việc này?",single_hop,unanswerable,False,0.0,0.0,0.0,0.0,0.0,0.0,0.0121569349788175,-0.010314975133542098,-2.222299056002157
vlrag-c38e4a74cc,HybridOnly_minus_DenseOnly,"Tôi đang quản lý một cửa hàng kinh doanh, sắp tới cán bộ Sở Nội vụ có yêu cầu chuẩn hóa lại đội ngũ cán bộ tư pháp - hộ tịch tại xã, tôi cần thực hiện nghĩa vụ gì để hỗ trợ việc này?",single_hop,unanswerable,False,0.0,0.0,0.0,0.0,0.0,0.0,-0.002300834052343999,-0.002300834052343999,26.632608912424246
vlrag-c38e4a74cc,HybridGraph_minus_DenseGraph,"Tôi đang quản lý một cửa hàng kinh doanh, sắp tới cán bộ Sở Nội vụ có yêu cầu chuẩn hóa lại đội ngũ cán bộ tư pháp - hộ tịch tại xã, tôi cần thực hiện nghĩa vụ gì để hỗ trợ việc này?",single_hop,unanswerable,False,0.0,0.0,0.0,0.0,0.0,0.0,-0.001210025929127001,-0.0082973206568712,25.24282882442202
vlrag-c3a70148c0,DenseGraph_minus_DenseOnly,"Tôi nghe nói có văn bản hướng dẫn về việc nghiệm thu và kiểm tra khối lượng đất đá bóc trong khai thác than lộ thiên, không biết có đúng là đang có Thông tư 34/2018/TT-BCT quy định về nội dung này không?",citation,boolean,True,0.0,0.0,0.0,0.0,0.0,0.0,0.0,0.0,1.2460959410004762
vlrag-c3a70148c0,HybridGraph_minus_HybridOnly,"Tôi nghe nói có văn bản hướng dẫn về việc nghiệm thu và kiểm tra khối lượng đất đá bóc trong khai thác than lộ thiên, không biết có đúng là đang có Thông tư 34/2018/TT-BCT quy định về nội dung này không?",citation,boolean,True,0.0,0.0,0.0,0.0,0.0,0.0,0.009564801530368199,0.009564801530368199,-0.5501783529980457
vlrag-c3a70148c0,HybridOnly_minus_DenseOnly,"Tôi nghe nói có văn bản hướng dẫn về việc nghiệm thu và kiểm tra khối lượng đất đá bóc trong khai thác than lộ thiên, không biết có đúng là đang có Thông tư 34/2018/TT-BCT quy định về nội dung này không?",citation,boolean,True,0.0,0.0,0.8,0.6131471927654584,0.0,0.0,0.0,0.0,27.78101412441828
vlrag-c3a70148c0,HybridGraph_minus_DenseGraph,"Tôi nghe nói có văn bản hướng dẫn về việc nghiệm thu và kiểm tra khối lượng đất đá bóc trong khai thác than lộ thiên, không biết có đúng là đang có Thông tư 34/2018/TT-BCT quy định về nội dung này không?",citation,boolean,True,0.0,0.0,0.8,0.6131471927654584,0.0,0.0,0.009564801530368199,0.009564801530368199,25.98473983041976
vlrag-c4aa1b3dae,DenseGraph_minus_DenseOnly,"Doanh nghiệp của tôi muốn tìm hiểu, sự khác biệt về mức hỗ trợ tiền ngày công giữa dân quân bình thường và dân quân trong trường hợp đặc biệt như cứu hộ, cứu nạn là như thế nào?",cross_document,abstractive,True,0.0,0.0,0.0,0.0,0.0,0.0,-0.01991465149359889,-0.008179231863442299,1.0174535589999323
vlrag-c4aa1b3dae,HybridGraph_minus_HybridOnly,"Doanh nghiệp của tôi muốn tìm hiểu, sự khác biệt về mức hỗ trợ tiền ngày công giữa dân quân bình thường và dân quân trong trường hợp đặc biệt như cứu hộ, cứu nạn là như thế nào?",cross_document,abstractive,True,0.0,0.0,0.0,0.0,0.0,0.0,0.029212454212454192,0.04308608058608071,-1.4771388150002167
vlrag-c4aa1b3dae,HybridOnly_minus_DenseOnly,"Doanh nghiệp của tôi muốn tìm hiểu, sự khác biệt về mức hỗ trợ tiền ngày công giữa dân quân bình thường và dân quân trong trường hợp đặc biệt như cứu hộ, cứu nạn là như thế nào?",cross_document,abstractive,True,0.0,0.0,0.0,0.0,0.0,0.0,-0.0667293233082707,-0.04558270676691731,27.93734235442429
vlrag-c4aa1b3dae,HybridGraph_minus_DenseGraph,"Doanh nghiệp của tôi muốn tìm hiểu, sự khác biệt về mức hỗ trợ tiền ngày công giữa dân quân bình thường và dân quân trong trường hợp đặc biệt như cứu hộ, cứu nạn là như thế nào?",cross_document,abstractive,True,0.0,0.0,0.0,0.0,0.0,0.0,-0.017602217602217612,0.005682605682605701,25.44274998042414
vlrag-c5583ec8b0,DenseGraph_minus_DenseOnly,Tôi muốn biết quy định nào của tỉnh Bà Rịa - Vũng Tàu đang áp dụng cho việc giải quyết hồ sơ theo cơ chế một cửa tại Ban Tôn giáo thuộc Sở Nội vụ?,citation,abstractive,True,0.0,0.0,0.0,0.0,0.0,0.0,0.014049877063575716,0.014049877063575716,-1.7542216680003548
vlrag-c5583ec8b0,HybridGraph_minus_HybridOnly,Tôi muốn biết quy định nào của tỉnh Bà Rịa - Vũng Tàu đang áp dụng cho việc giải quyết hồ sơ theo cơ chế một cửa tại Ban Tôn giáo thuộc Sở Nội vụ?,citation,abstractive,True,0.0,0.0,0.0,0.0,0.0,0.0,0.0,0.0,-0.6168512559979717
vlrag-c5583ec8b0,HybridOnly_minus_DenseOnly,Tôi muốn biết quy định nào của tỉnh Bà Rịa - Vũng Tàu đang áp dụng cho việc giải quyết hồ sơ theo cơ chế một cửa tại Ban Tôn giáo thuộc Sở Nội vụ?,citation,abstractive,True,0.0,0.0,0.0,0.0,0.0,0.0,-0.014652014652014683,-0.014652014652014683,26.32068614442159
vlrag-c5583ec8b0,HybridGraph_minus_DenseGraph,Tôi muốn biết quy định nào của tỉnh Bà Rịa - Vũng Tàu đang áp dụng cho việc giải quyết hồ sơ theo cơ chế một cửa tại Ban Tôn giáo thuộc Sở Nội vụ?,citation,abstractive,True,0.0,0.0,0.0,0.0,0.0,0.0,-0.0287018917155904,-0.0287018917155904,27.458056556423973
vlrag-c583de2cfc,DenseGraph_minus_DenseOnly,Có được biết chi phí thẩm định báo cáo kết quả thăm dò nước dưới đất là bao nhiêu nếu lưu lượng khai thác dự kiến của công ty tôi là 300 m³/ngày đêm không?,single_hop,extractive,True,-1.0,-1.0,-0.1111111111111111,-0.3010299956639812,-0.1,0.0,0.023770038695411916,-0.03593145384190158,1.6086467829998128
vlrag-c583de2cfc,HybridGraph_minus_HybridOnly,Có được biết chi phí thẩm định báo cáo kết quả thăm dò nước dưới đất là bao nhiêu nếu lưu lượng khai thác dự kiến của công ty tôi là 300 m³/ngày đêm không?,single_hop,extractive,True,0.0,0.0,0.0,0.0,0.0,0.0,-0.0023310023310023076,-0.0013986013986014012,1.1770450579988392
vlrag-c583de2cfc,HybridOnly_minus_DenseOnly,Có được biết chi phí thẩm định báo cáo kết quả thăm dò nước dưới đất là bao nhiêu nếu lưu lượng khai thác dự kiến của công ty tôi là 300 m³/ngày đêm không?,single_hop,extractive,True,0.0,0.0,0.3888888888888889,0.32989975790747633,0.0,0.0,-0.03133903133903129,-0.09287749287749279,26.06257058342311
vlrag-c583de2cfc,HybridGraph_minus_DenseGraph,Có được biết chi phí thẩm định báo cáo kết quả thăm dò nước dưới đất là bao nhiêu nếu lưu lượng khai thác dự kiến của công ty tôi là 300 m³/ngày đêm không?,single_hop,extractive,True,1.0,1.0,0.5,0.6309297535714575,0.1,0.0,-0.057440072365445516,-0.058344640434192616,25.630968858422136
vlrag-c6f83a33f3,DenseGraph_minus_DenseOnly,"Trong trường hợp doanh nghiệp của chúng tôi bị thu hồi giấy phép do hoạt động không hiệu quả, liệu chúng tôi có quyền khiếu nại hoặc được xem xét lại điều kiện để tiếp tục hoạt động không?",single_hop,unanswerable,False,0.0,0.0,0.0,0.0,0.0,0.0,0.0,0.0,-0.2681949410002744
vlrag-c6f83a33f3,HybridGraph_minus_HybridOnly,"Trong trường hợp doanh nghiệp của chúng tôi bị thu hồi giấy phép do hoạt động không hiệu quả, liệu chúng tôi có quyền khiếu nại hoặc được xem xét lại điều kiện để tiếp tục hoạt động không?",single_hop,unanswerable,False,0.0,0.0,0.0,0.0,0.0,0.0,0.0,0.0,1.4039938920032
vlrag-c6f83a33f3,HybridOnly_minus_DenseOnly,"Trong trường hợp doanh nghiệp của chúng tôi bị thu hồi giấy phép do hoạt động không hiệu quả, liệu chúng tôi có quyền khiếu nại hoặc được xem xét lại điều kiện để tiếp tục hoạt động không?",single_hop,unanswerable,False,0.0,0.0,0.0,0.0,0.0,0.0,0.0,0.0,24.71200916042307
vlrag-c6f83a33f3,HybridGraph_minus_DenseGraph,"Trong trường hợp doanh nghiệp của chúng tôi bị thu hồi giấy phép do hoạt động không hiệu quả, liệu chúng tôi có quyền khiếu nại hoặc được xem xét lại điều kiện để tiếp tục hoạt động không?",single_hop,unanswerable,False,0.0,0.0,0.0,0.0,0.0,0.0,0.0,0.0,26.384197993426543
vlrag-c882db6ebf,DenseGraph_minus_DenseOnly,"Chúng tôi vô tình xúc bốc khối lượng đất đá nằm ngoài kế hoạch năm đã duyệt, vậy phần khối lượng này có được tính vào khối lượng nghiệm thu hay bị coi là vi phạm?",single_hop,abstractive,True,0.0,0.0,0.0,0.0,0.0,0.0,-0.025000000000000022,-0.025000000000000022,0.2222104370002853
vlrag-c882db6ebf,HybridGraph_minus_HybridOnly,"Chúng tôi vô tình xúc bốc khối lượng đất đá nằm ngoài kế hoạch năm đã duyệt, vậy phần khối lượng này có được tính vào khối lượng nghiệm thu hay bị coi là vi phạm?",single_hop,abstractive,True,0.0,0.0,0.0,0.0,0.0,0.0,-0.07113821138211385,-0.04336043360433606,0.6657312520037557
vlrag-c882db6ebf,HybridOnly_minus_DenseOnly,"Chúng tôi vô tình xúc bốc khối lượng đất đá nằm ngoài kế hoạch năm đã duyệt, vậy phần khối lượng này có được tính vào khối lượng nghiệm thu hay bị coi là vi phạm?",single_hop,abstractive,True,0.0,0.0,0.0,0.0,0.0,0.0,0.05833333333333335,0.030555555555555558,23.798742956423386
vlrag-c882db6ebf,HybridGraph_minus_DenseGraph,"Chúng tôi vô tình xúc bốc khối lượng đất đá nằm ngoài kế hoạch năm đã duyệt, vậy phần khối lượng này có được tính vào khối lượng nghiệm thu hay bị coi là vi phạm?",single_hop,abstractive,True,0.0,0.0,0.0,0.0,0.0,0.0,0.012195121951219523,0.012195121951219523,24.242263771426856
vlrag-c9289cf0ae,DenseGraph_minus_DenseOnly,"Làm sao để tôi biết được những quy định nào đang bảo vệ quyền lợi của mình khi muốn thực hiện việc nhập khẩu song song thuốc phòng, chữa bệnh cho người để nộp cho cơ quan chức năng?",citation,abstractive,True,-1.0,-1.0,-0.1428571428571428,-0.3333333333333333,-0.1,0.0,-0.06423632935260842,-0.048941965221035,0.05585235499893315
vlrag-c9289cf0ae,HybridGraph_minus_HybridOnly,"Làm sao để tôi biết được những quy định nào đang bảo vệ quyền lợi của mình khi muốn thực hiện việc nhập khẩu song song thuốc phòng, chữa bệnh cho người để nộp cho cơ quan chức năng?",citation,abstractive,True,0.0,0.0,0.0,0.0,0.0,0.0,0.012696882031501183,0.016875602700096415,5.030567150999559
vlrag-c9289cf0ae,HybridOnly_minus_DenseOnly,"Làm sao để tôi biết được những quy định nào đang bảo vệ quyền lợi của mình khi muốn thực hiện việc nhập khẩu song song thuốc phòng, chữa bệnh cho người để nộp cho cơ quan chức năng?",citation,abstractive,True,-1.0,-1.0,-0.1428571428571428,-0.3333333333333333,-0.1,0.0,-0.021144674085850607,-0.025914149443561213,26.498347716419346
vlrag-c9289cf0ae,HybridGraph_minus_DenseGraph,"Làm sao để tôi biết được những quy định nào đang bảo vệ quyền lợi của mình khi muốn thực hiện việc nhập khẩu song song thuốc phòng, chữa bệnh cho người để nộp cho cơ quan chức năng?",citation,abstractive,True,0.0,0.0,0.0,0.0,0.0,0.0,0.055788537298259,0.0399034184775702,31.473062512419972
vlrag-c9cfb14e34,DenseGraph_minus_DenseOnly,"Gia đình tôi đang muốn làm thủ tục khiếu nại về việc đền bù đất đai, vậy tỉnh Hậu Giang có quy định cụ thể nào về việc tiếp đón người dân khi đến khiếu nại không?",single_hop,abstractive,True,0.0,0.0,0.0,0.0,0.0,0.0,0.008333333333333276,0.0072222222222221855,-1.9117803720000666
vlrag-c9cfb14e34,HybridGraph_minus_HybridOnly,"Gia đình tôi đang muốn làm thủ tục khiếu nại về việc đền bù đất đai, vậy tỉnh Hậu Giang có quy định cụ thể nào về việc tiếp đón người dân khi đến khiếu nại không?",single_hop,abstractive,True,0.0,0.0,0.0,0.0,0.0,0.0,-0.2097902097902098,-0.1818181818181818,-1.258816068999291
vlrag-c9cfb14e34,HybridOnly_minus_DenseOnly,"Gia đình tôi đang muốn làm thủ tục khiếu nại về việc đền bù đất đai, vậy tỉnh Hậu Giang có quy định cụ thể nào về việc tiếp đón người dân khi đến khiếu nại không?",single_hop,abstractive,True,0.0,0.0,0.0,0.0,0.0,0.0,0.00979020979020978,0.008484848484848484,26.516505818423354
vlrag-c9cfb14e34,HybridGraph_minus_DenseGraph,"Gia đình tôi đang muốn làm thủ tục khiếu nại về việc đền bù đất đai, vậy tỉnh Hậu Giang có quy định cụ thể nào về việc tiếp đón người dân khi đến khiếu nại không?",single_hop,abstractive,True,0.0,0.0,0.0,0.0,0.0,0.0,-0.2083333333333333,-0.1805555555555555,27.16947012142413
vlrag-cb8cf574a9,DenseGraph_minus_DenseOnly,Gia đình tôi muốn biết thuốc như thế nào thì được coi là đủ điều kiện để nhập khẩu song song nếu thuốc đó đã có mặt ở Việt Nam nhưng giá quá cao?,single_hop,abstractive,True,0.0,0.0,0.0,0.0,0.0,0.0,0.04393963391180389,0.06837568160734889,-0.8312533359994632
vlrag-cb8cf574a9,HybridGraph_minus_HybridOnly,Gia đình tôi muốn biết thuốc như thế nào thì được coi là đủ điều kiện để nhập khẩu song song nếu thuốc đó đã có mặt ở Việt Nam nhưng giá quá cao?,single_hop,abstractive,True,0.0,0.0,0.0,0.0,0.0,0.0,0.0903569982614495,0.015432613303484222,-0.9868757500007597
vlrag-cb8cf574a9,HybridOnly_minus_DenseOnly,Gia đình tôi muốn biết thuốc như thế nào thì được coi là đủ điều kiện để nhập khẩu song song nếu thuốc đó đã có mặt ở Việt Nam nhưng giá quá cao?,single_hop,abstractive,True,0.0,0.0,-0.08333333333333331,-0.069323441926607,0.0,0.0,0.00014733688578927318,0.07975836750730547,26.52860133042185
vlrag-cb8cf574a9,HybridGraph_minus_DenseGraph,Gia đình tôi muốn biết thuốc như thế nào thì được coi là đủ điều kiện để nhập khẩu song song nếu thuốc đó đã có mặt ở Việt Nam nhưng giá quá cao?,single_hop,abstractive,True,0.0,0.0,-0.08333333333333331,-0.069323441926607,0.0,0.0,0.04656470123543488,0.026815299203440807,26.372978916420553
vlrag-cb956c68ed,DenseGraph_minus_DenseOnly,"Tôi muốn biết quy định nào yêu cầu các cơ quan, đoàn thể phải báo cáo kế hoạch đoàn vào, đoàn ra cho UBND Tỉnh hàng năm để tôi đưa vào quy chế hoạt động của đơn vị?",citation,abstractive,True,0.0,0.0,0.0,0.0,0.0,0.0,0.002298850574712699,0.002298850574712699,-0.21496994600056496
vlrag-cb956c68ed,HybridGraph_minus_HybridOnly,"Tôi muốn biết quy định nào yêu cầu các cơ quan, đoàn thể phải báo cáo kế hoạch đoàn vào, đoàn ra cho UBND Tỉnh hàng năm để tôi đưa vào quy chế hoạt động của đơn vị?",citation,abstractive,True,0.0,0.0,0.0,0.0,0.0,0.0,0.0029639038848311983,0.0029639038848311983,-2.110692179005124
vlrag-cb956c68ed,HybridOnly_minus_DenseOnly,"Tôi muốn biết quy định nào yêu cầu các cơ quan, đoàn thể phải báo cáo kế hoạch đoàn vào, đoàn ra cho UBND Tỉnh hàng năm để tôi đưa vào quy chế hoạt động của đơn vị?",citation,abstractive,True,0.0,0.0,0.0,0.0,0.0,0.0,-0.009929078014184398,-0.009929078014184398,28.508649265424253
vlrag-cb956c68ed,HybridGraph_minus_DenseGraph,"Tôi muốn biết quy định nào yêu cầu các cơ quan, đoàn thể phải báo cáo kế hoạch đoàn vào, đoàn ra cho UBND Tỉnh hàng năm để tôi đưa vào quy chế hoạt động của đơn vị?",citation,abstractive,True,0.0,0.0,0.0,0.0,0.0,0.0,-0.009264024704065899,-0.009264024704065899,26.612927032419694
vlrag-cc0cddc210,DenseGraph_minus_DenseOnly,"Sắp tới tôi có tham gia thẩm định các gói thầu tư vấn và mua sắm hàng hóa sử dụng vốn nhà nước, xin cho biết phạm vi các loại hình đấu thầu nào thì khoản phí này được áp dụng?",single_hop,extractive,True,0.0,0.0,0.0,0.0,0.0,0.0,0.004441154700221994,-0.01818758591519512,0.8485669769997912
vlrag-cc0cddc210,HybridGraph_minus_HybridOnly,"Sắp tới tôi có tham gia thẩm định các gói thầu tư vấn và mua sắm hàng hóa sử dụng vốn nhà nước, xin cho biết phạm vi các loại hình đấu thầu nào thì khoản phí này được áp dụng?",single_hop,extractive,True,0.0,0.0,0.0,0.0,0.0,0.0,-0.07809604489860744,-0.13194260602530838,-1.5929212970022455
vlrag-cc0cddc210,HybridOnly_minus_DenseOnly,"Sắp tới tôi có tham gia thẩm định các gói thầu tư vấn và mua sắm hàng hóa sử dụng vốn nhà nước, xin cho biết phạm vi các loại hình đấu thầu nào thì khoản phí này được áp dụng?",single_hop,extractive,True,0.0,0.0,0.0,0.0,0.0,0.0,0.09931245225362872,0.14689512168503768,26.75170292242518
vlrag-cc0cddc210,HybridGraph_minus_DenseGraph,"Sắp tới tôi có tham gia thẩm định các gói thầu tư vấn và mua sắm hàng hóa sử dụng vốn nhà nước, xin cho biết phạm vi các loại hình đấu thầu nào thì khoản phí này được áp dụng?",single_hop,extractive,True,0.0,0.0,0.0,0.0,0.0,0.0,0.01677525265479929,0.03314010157492442,24.310214648423145
vlrag-cc2d7a5996,DenseGraph_minus_DenseOnly,Có được nhà nước hỗ trợ chi phí hay trả lệ phí gì khi thực hiện các thủ tục tiêm phòng hoặc uống Vitamin A cho trẻ vào ngày Quốc tế thiếu nhi trong tháng hành động không?,single_hop,unanswerable,False,0.0,0.0,0.0,0.0,0.0,0.0,0.607188703465982,0.607188703465982,-2.2919915230004335
vlrag-cc2d7a5996,HybridGraph_minus_HybridOnly,Có được nhà nước hỗ trợ chi phí hay trả lệ phí gì khi thực hiện các thủ tục tiêm phòng hoặc uống Vitamin A cho trẻ vào ngày Quốc tế thiếu nhi trong tháng hành động không?,single_hop,unanswerable,False,0.0,0.0,0.0,0.0,0.0,0.0,0.5819921705089169,0.5985210961287516,-1.1100883199997043
vlrag-cc2d7a5996,HybridOnly_minus_DenseOnly,Có được nhà nước hỗ trợ chi phí hay trả lệ phí gì khi thực hiện các thủ tục tiêm phòng hoặc uống Vitamin A cho trẻ vào ngày Quốc tế thiếu nhi trong tháng hành động không?,single_hop,unanswerable,False,0.0,0.0,0.0,0.0,0.0,0.0,0.025196532957065098,0.0086676073372304,26.25377759742304
vlrag-cc2d7a5996,HybridGraph_minus_DenseGraph,Có được nhà nước hỗ trợ chi phí hay trả lệ phí gì khi thực hiện các thủ tục tiêm phòng hoặc uống Vitamin A cho trẻ vào ngày Quốc tế thiếu nhi trong tháng hành động không?,single_hop,unanswerable,False,0.0,0.0,0.0,0.0,0.0,0.0,0.0,0.0,27.435680800423768
vlrag-ccdfc75b33,DenseGraph_minus_DenseOnly,"Trong trường hợp tôi đang hướng dẫn người dân làm thủ tục hỗ trợ theo Quyết định 04/2017/QĐ-UBND về sản xuất nông nghiệp tốt, thì các chính sách cũ này hiện tại có còn giá trị áp dụng không hay đã bị thay đổi?",legal_validity,abstractive,True,0.0,0.0,0.0,0.0,0.0,0.0,0.04577150008939751,0.05810834972286788,-6.364466753999295
vlrag-ccdfc75b33,HybridGraph_minus_HybridOnly,"Trong trường hợp tôi đang hướng dẫn người dân làm thủ tục hỗ trợ theo Quyết định 04/2017/QĐ-UBND về sản xuất nông nghiệp tốt, thì các chính sách cũ này hiện tại có còn giá trị áp dụng không hay đã bị thay đổi?",legal_validity,abstractive,True,0.0,0.0,0.0,0.0,0.0,0.0,0.0485538169748696,0.060502607871028985,-0.02288620999388513
vlrag-ccdfc75b33,HybridOnly_minus_DenseOnly,"Trong trường hợp tôi đang hướng dẫn người dân làm thủ tục hỗ trợ theo Quyết định 04/2017/QĐ-UBND về sản xuất nông nghiệp tốt, thì các chính sách cũ này hiện tại có còn giá trị áp dụng không hay đã bị thay đổi?",legal_validity,abstractive,True,0.0,0.0,0.0,0.0,0.0,0.0,0.036187447952153895,0.015746839276251007,20.776244970424784
vlrag-ccdfc75b33,HybridGraph_minus_DenseGraph,"Trong trường hợp tôi đang hướng dẫn người dân làm thủ tục hỗ trợ theo Quyết định 04/2017/QĐ-UBND về sản xuất nông nghiệp tốt, thì các chính sách cũ này hiện tại có còn giá trị áp dụng không hay đã bị thay đổi?",legal_validity,abstractive,True,0.0,0.0,0.0,0.0,0.0,0.0,0.038969764837625986,0.01814109742441211,27.117825514430194
vlrag-ccfd072014,DenseGraph_minus_DenseOnly,"Doanh nghiệp của tôi muốn kiểm tra lại các khoản phí hoặc lệ phí liên quan đến việc cán bộ, công chức làm việc tại bộ phận tiếp nhận và trả kết quả tại Lào Cai, vậy tôi có thể xem thông tin này ở đâu?",single_hop,unanswerable,False,0.0,0.0,0.0,0.0,0.0,0.0,0.014711575687185403,0.014711575687185403,-0.2964856870012227
vlrag-ccfd072014,HybridGraph_minus_HybridOnly,"Doanh nghiệp của tôi muốn kiểm tra lại các khoản phí hoặc lệ phí liên quan đến việc cán bộ, công chức làm việc tại bộ phận tiếp nhận và trả kết quả tại Lào Cai, vậy tôi có thể xem thông tin này ở đâu?",single_hop,unanswerable,False,0.0,0.0,0.0,0.0,0.0,0.0,-0.016599732262382802,-0.016599732262382802,0.978530754000527
vlrag-ccfd072014,HybridOnly_minus_DenseOnly,"Doanh nghiệp của tôi muốn kiểm tra lại các khoản phí hoặc lệ phí liên quan đến việc cán bộ, công chức làm việc tại bộ phận tiếp nhận và trả kết quả tại Lào Cai, vậy tôi có thể xem thông tin này ở đâu?",single_hop,unanswerable,False,0.0,0.0,0.0,0.0,0.0,0.0,0.04010840108401079,0.04010840108401079,24.96411235441946
vlrag-ccfd072014,HybridGraph_minus_DenseGraph,"Doanh nghiệp của tôi muốn kiểm tra lại các khoản phí hoặc lệ phí liên quan đến việc cán bộ, công chức làm việc tại bộ phận tiếp nhận và trả kết quả tại Lào Cai, vậy tôi có thể xem thông tin này ở đâu?",single_hop,unanswerable,False,0.0,0.0,0.0,0.0,0.0,0.0,0.008797093134442588,0.008797093134442588,26.23912879542121
vlrag-cda77e5cee,DenseGraph_minus_DenseOnly,"Sắp tới tôi có dự định mở doanh nghiệp nhỏ tại địa phương, vậy có trường hợp nào mà xã không cần phải lập kế hoạch phát triển kinh tế - xã hội hàng năm không?",single_hop,boolean,True,0.0,0.0,0.0,0.0,0.0,0.0,0.1444444444444444,0.1444444444444444,-1.5364806279999357
vlrag-cda77e5cee,HybridGraph_minus_HybridOnly,"Sắp tới tôi có dự định mở doanh nghiệp nhỏ tại địa phương, vậy có trường hợp nào mà xã không cần phải lập kế hoạch phát triển kinh tế - xã hội hàng năm không?",single_hop,boolean,True,0.0,0.0,0.0,0.0,0.0,0.0,-0.1,-0.1,0.26260613200065563
vlrag-cda77e5cee,HybridOnly_minus_DenseOnly,"Sắp tới tôi có dự định mở doanh nghiệp nhỏ tại địa phương, vậy có trường hợp nào mà xã không cần phải lập kế hoạch phát triển kinh tế - xã hội hàng năm không?",single_hop,boolean,True,0.0,0.0,0.0,0.0,0.0,0.0,0.1444444444444444,0.1444444444444444,25.06351687542355
vlrag-cda77e5cee,HybridGraph_minus_DenseGraph,"Sắp tới tôi có dự định mở doanh nghiệp nhỏ tại địa phương, vậy có trường hợp nào mà xã không cần phải lập kế hoạch phát triển kinh tế - xã hội hàng năm không?",single_hop,boolean,True,0.0,0.0,0.0,0.0,0.0,0.0,-0.1,-0.1,26.86260363542414
vlrag-cde66013e0,DenseGraph_minus_DenseOnly,"Chúng tôi đã nhận được quyết định thu hồi giấy phép xuất khẩu lao động, vậy ngoài việc nộp lại bản chính giấy phép, chúng tôi cần chuẩn bị thêm hồ sơ hay giấy tờ gì khác không?",single_hop,unanswerable,False,0.0,0.0,0.0,0.0,0.0,0.0,0.61323032351521,0.61323032351521,0.26925158700032625
vlrag-cde66013e0,HybridGraph_minus_HybridOnly,"Chúng tôi đã nhận được quyết định thu hồi giấy phép xuất khẩu lao động, vậy ngoài việc nộp lại bản chính giấy phép, chúng tôi cần chuẩn bị thêm hồ sơ hay giấy tờ gì khác không?",single_hop,unanswerable,False,0.0,0.0,0.0,0.0,0.0,0.0,-0.0258290096999774,-0.0258290096999774,1.5120582050003541
vlrag-cde66013e0,HybridOnly_minus_DenseOnly,"Chúng tôi đã nhận được quyết định thu hồi giấy phép xuất khẩu lao động, vậy ngoài việc nộp lại bản chính giấy phép, chúng tôi cần chuẩn bị thêm hồ sơ hay giấy tờ gì khác không?",single_hop,unanswerable,False,0.0,0.0,0.0,0.0,0.0,0.0,0.023609418104830898,0.023609418104830898,24.770800340422458
vlrag-cde66013e0,HybridGraph_minus_DenseGraph,"Chúng tôi đã nhận được quyết định thu hồi giấy phép xuất khẩu lao động, vậy ngoài việc nộp lại bản chính giấy phép, chúng tôi cần chuẩn bị thêm hồ sơ hay giấy tờ gì khác không?",single_hop,unanswerable,False,0.0,0.0,0.0,0.0,0.0,0.0,-0.6154499151103565,-0.6154499151103565,26.013606958422486
vlrag-cf55a7db2b,DenseGraph_minus_DenseOnly,"Sắp tới tôi có kế hoạch tìm hiểu về các quy định cho người lao động làm việc ở nước ngoài, vậy Nghị định 81/2003/NĐ-CP hướng dẫn Bộ luật Lao động về vấn đề này hiện còn giá trị áp dụng không?",legal_validity,unanswerable,False,0.0,0.0,0.0,0.0,0.0,0.0,-0.008316008316008289,-0.008316008316008289,-7.824525070999698
vlrag-cf55a7db2b,HybridGraph_minus_HybridOnly,"Sắp tới tôi có kế hoạch tìm hiểu về các quy định cho người lao động làm việc ở nước ngoài, vậy Nghị định 81/2003/NĐ-CP hướng dẫn Bộ luật Lao động về vấn đề này hiện còn giá trị áp dụng không?",legal_validity,unanswerable,False,0.0,0.0,0.0,0.0,0.0,0.0,0.024444444444444505,0.024444444444444505,-1.0834795260016072
vlrag-cf55a7db2b,HybridOnly_minus_DenseOnly,"Sắp tới tôi có kế hoạch tìm hiểu về các quy định cho người lao động làm việc ở nước ngoài, vậy Nghị định 81/2003/NĐ-CP hướng dẫn Bộ luật Lao động về vấn đề này hiện còn giá trị áp dụng không?",legal_validity,unanswerable,False,0.0,0.0,0.0,0.0,0.0,0.0,-0.10660660660660659,-0.10660660660660659,19.594251041419913
vlrag-cf55a7db2b,HybridGraph_minus_DenseGraph,"Sắp tới tôi có kế hoạch tìm hiểu về các quy định cho người lao động làm việc ở nước ngoài, vậy Nghị định 81/2003/NĐ-CP hướng dẫn Bộ luật Lao động về vấn đề này hiện còn giá trị áp dụng không?",legal_validity,unanswerable,False,0.0,0.0,0.0,0.0,0.0,0.0,-0.0738461538461538,-0.0738461538461538,26.335296586418004
vlrag-d03db0e0b7,DenseGraph_minus_DenseOnly,"Sắp tới tôi có nhiệm vụ quản lý kho lưu trữ sổ sách hộ tịch, liệu có trường hợp ngoại lệ nào cho phép tôi không cần bố trí kệ, tủ chuyên dụng để tiết kiệm diện tích không?",single_hop,boolean,True,0.0,0.0,0.0,0.0,0.0,0.0,0.0,0.0,0.03819533399973851
vlrag-d03db0e0b7,HybridGraph_minus_HybridOnly,"Sắp tới tôi có nhiệm vụ quản lý kho lưu trữ sổ sách hộ tịch, liệu có trường hợp ngoại lệ nào cho phép tôi không cần bố trí kệ, tủ chuyên dụng để tiết kiệm diện tích không?",single_hop,boolean,True,0.0,0.0,0.0,0.0,0.0,0.0,-0.1222222222222222,-0.1222222222222222,-1.0626470309980505
vlrag-d03db0e0b7,HybridOnly_minus_DenseOnly,"Sắp tới tôi có nhiệm vụ quản lý kho lưu trữ sổ sách hộ tịch, liệu có trường hợp ngoại lệ nào cho phép tôi không cần bố trí kệ, tủ chuyên dụng để tiết kiệm diện tích không?",single_hop,boolean,True,0.0,0.0,0.0,0.0,0.0,0.0,0.0,0.0,27.975537054420958
vlrag-d03db0e0b7,HybridGraph_minus_DenseGraph,"Sắp tới tôi có nhiệm vụ quản lý kho lưu trữ sổ sách hộ tịch, liệu có trường hợp ngoại lệ nào cho phép tôi không cần bố trí kệ, tủ chuyên dụng để tiết kiệm diện tích không?",single_hop,boolean,True,0.0,0.0,0.0,0.0,0.0,0.0,-0.1222222222222222,-0.1222222222222222,26.87469468942317
vlrag-d2c3bb045c,DenseGraph_minus_DenseOnly,"Nếu tôi cần căn cứ pháp lý để làm việc với xã về kế hoạch phát triển kinh tế - xã hội địa phương, thì văn bản nào quy định về vấn đề này?",citation,extractive,True,0.0,0.0,0.0,0.0,0.0,0.0,0.0289855072463768,0.0289855072463768,0.8355206569999609
vlrag-d2c3bb045c,HybridGraph_minus_HybridOnly,"Nếu tôi cần căn cứ pháp lý để làm việc với xã về kế hoạch phát triển kinh tế - xã hội địa phương, thì văn bản nào quy định về vấn đề này?",citation,extractive,True,0.0,0.0,0.0,0.0,0.0,0.0,0.0378787878787879,0.0378787878787879,-0.6913762689982832
vlrag-d2c3bb045c,HybridOnly_minus_DenseOnly,"Nếu tôi cần căn cứ pháp lý để làm việc với xã về kế hoạch phát triển kinh tế - xã hội địa phương, thì văn bản nào quy định về vấn đề này?",citation,extractive,True,0.0,0.0,0.0,0.0,0.0,0.0,-0.0036231884057971037,-0.0036231884057971037,26.494201303423953
vlrag-d2c3bb045c,HybridGraph_minus_DenseGraph,"Nếu tôi cần căn cứ pháp lý để làm việc với xã về kế hoạch phát triển kinh tế - xã hội địa phương, thì văn bản nào quy định về vấn đề này?",citation,extractive,True,0.0,0.0,0.0,0.0,0.0,0.0,0.0052700922266139955,0.0052700922266139955,24.96730437742571
vlrag-d382e0dede,DenseGraph_minus_DenseOnly,"Chúng tôi đang thẩm định hồ sơ cho một ứng viên, họ có bằng đại học chính quy loại Khá trong nước nhưng chưa có hộ khẩu ở Cà Mau đủ 3 năm thì có đủ điều kiện theo chương trình đào tạo sau đại học ở nước ngoài không?",single_hop,boolean,True,0.0,0.0,0.0,0.0,0.0,0.0,0.0048608042421563954,0.0048608042421563954,-4.6046847489997145
vlrag-d382e0dede,HybridGraph_minus_HybridOnly,"Chúng tôi đang thẩm định hồ sơ cho một ứng viên, họ có bằng đại học chính quy loại Khá trong nước nhưng chưa có hộ khẩu ở Cà Mau đủ 3 năm thì có đủ điều kiện theo chương trình đào tạo sau đại học ở nước ngoài không?",single_hop,boolean,True,0.0,0.0,0.0,0.0,0.0,0.0,-0.0011419870574800005,-0.0011419870574800005,0.33577668400539196
vlrag-d382e0dede,HybridOnly_minus_DenseOnly,"Chúng tôi đang thẩm định hồ sơ cho một ứng viên, họ có bằng đại học chính quy loại Khá trong nước nhưng chưa có hộ khẩu ở Cà Mau đủ 3 năm thì có đủ điều kiện theo chương trình đào tạo sau đại học ở nước ngoài không?",single_hop,boolean,True,0.0,0.0,0.5,0.36907024642854247,0.0,0.0,0.0007717538105344,0.0007717538105344,20.083341598424063
vlrag-d382e0dede,HybridGraph_minus_DenseGraph,"Chúng tôi đang thẩm định hồ sơ cho một ứng viên, họ có bằng đại học chính quy loại Khá trong nước nhưng chưa có hộ khẩu ở Cà Mau đủ 3 năm thì có đủ điều kiện theo chương trình đào tạo sau đại học ở nước ngoài không?",single_hop,boolean,True,0.0,0.0,0.5,0.36907024642854247,0.0,0.0,-0.005231037489101996,-0.005231037489101996,25.02380303142917
vlrag-d44d1a734a,DenseGraph_minus_DenseOnly,"Sắp tới tôi muốn tham gia vào việc xây dựng chương trình phát triển đô thị tại địa phương, không biết danh sách các đối tượng áp dụng của Nghị định mới có thay đổi gì so với trước không hay tôi cứ áp dụng như cũ?",legal_validity,abstractive,True,-1.0,-1.0,-0.1666666666666666,-0.3562071871080222,-0.1,0.0,0.0,0.0,3.6966059720002704
vlrag-d44d1a734a,HybridGraph_minus_HybridOnly,"Sắp tới tôi muốn tham gia vào việc xây dựng chương trình phát triển đô thị tại địa phương, không biết danh sách các đối tượng áp dụng của Nghị định mới có thay đổi gì so với trước không hay tôi cứ áp dụng như cũ?",legal_validity,abstractive,True,0.0,0.0,0.0,0.0,0.0,0.0,0.0,0.0,-1.0025410590005777
vlrag-d44d1a734a,HybridOnly_minus_DenseOnly,"Sắp tới tôi muốn tham gia vào việc xây dựng chương trình phát triển đô thị tại địa phương, không biết danh sách các đối tượng áp dụng của Nghị định mới có thay đổi gì so với trước không hay tôi cứ áp dụng như cũ?",legal_validity,abstractive,True,-1.0,-1.0,-0.1666666666666666,-0.3562071871080222,-0.1,0.0,0.0,0.0,26.583525763425033
vlrag-d44d1a734a,HybridGraph_minus_DenseGraph,"Sắp tới tôi muốn tham gia vào việc xây dựng chương trình phát triển đô thị tại địa phương, không biết danh sách các đối tượng áp dụng của Nghị định mới có thay đổi gì so với trước không hay tôi cứ áp dụng như cũ?",legal_validity,abstractive,True,0.0,0.0,0.0,0.0,0.0,0.0,0.0,0.0,21.884378732424185
vlrag-d4b738f1af,DenseGraph_minus_DenseOnly,"Doanh nghiệp của tôi có nghe nói về việc tỉnh Cà Mau có quy định hỗ trợ thêm lương cho nghệ sĩ, không biết thông tin này có chính xác theo văn bản nào không?",citation,abstractive,True,0.0,0.0,0.0,0.0,0.0,0.0,0.04596825396825399,0.01460317460317459,-0.3079043059999549
vlrag-d4b738f1af,HybridGraph_minus_HybridOnly,"Doanh nghiệp của tôi có nghe nói về việc tỉnh Cà Mau có quy định hỗ trợ thêm lương cho nghệ sĩ, không biết thông tin này có chính xác theo văn bản nào không?",citation,abstractive,True,-1.0,-1.0,-0.1428571428571428,-0.3333333333333333,-0.1,0.0,0.1214821763602251,0.09036898061288312,0.4615521009982331
vlrag-d4b738f1af,HybridOnly_minus_DenseOnly,"Doanh nghiệp của tôi có nghe nói về việc tỉnh Cà Mau có quy định hỗ trợ thêm lương cho nghệ sĩ, không biết thông tin này có chính xác theo văn bản nào không?",citation,abstractive,True,0.0,0.0,-0.1071428571428572,-0.09734322474005969,0.0,0.0,0.035902439024390304,0.018861788617886094,23.715938915422328
vlrag-d4b738f1af,HybridGraph_minus_DenseGraph,"Doanh nghiệp của tôi có nghe nói về việc tỉnh Cà Mau có quy định hỗ trợ thêm lương cho nghệ sĩ, không biết thông tin này có chính xác theo văn bản nào không?",citation,abstractive,True,-1.0,-1.0,-0.25,-0.430676558073393,-0.1,0.0,0.11141636141636141,0.09462759462759462,24.485395322420516
vlrag-d4c2c44a0b,DenseGraph_minus_DenseOnly,Có cần văn bản pháp luật cụ thể nào làm căn cứ để tôi thành lập và vận hành Câu lạc bộ trợ giúp pháp lý tại địa phương không?,citation,boolean,True,0.0,0.0,0.0,0.0,0.0,0.0,-0.0022222222222221984,-0.0022222222222221984,0.03630568700009462
vlrag-d4c2c44a0b,HybridGraph_minus_HybridOnly,Có cần văn bản pháp luật cụ thể nào làm căn cứ để tôi thành lập và vận hành Câu lạc bộ trợ giúp pháp lý tại địa phương không?,citation,boolean,True,0.0,0.0,0.0,0.0,0.0,0.0,0.0071061014457241,0.0071061014457241,-0.48319906999859086
vlrag-d4c2c44a0b,HybridOnly_minus_DenseOnly,Có cần văn bản pháp luật cụ thể nào làm căn cứ để tôi thành lập và vận hành Câu lạc bộ trợ giúp pháp lý tại địa phương không?,citation,boolean,True,-1.0,-1.0,-0.2,-0.3868528072345416,-0.1,0.0,-0.0033542976939203994,-0.0033542976939203994,26.28602056841982
vlrag-d4c2c44a0b,HybridGraph_minus_DenseGraph,Có cần văn bản pháp luật cụ thể nào làm căn cứ để tôi thành lập và vận hành Câu lạc bộ trợ giúp pháp lý tại địa phương không?,citation,boolean,True,-1.0,-1.0,-0.2,-0.3868528072345416,-0.1,0.0,0.005974025974025899,0.005974025974025899,25.766515811421133
vlrag-d5a67efe30,DenseGraph_minus_DenseOnly,Nếu tôi không thực hiện đúng các quy định về hệ số điều chỉnh giá đất năm 2023 tại Lào Cai theo quyết định của tỉnh thì có bị xử lý gì không?,single_hop,unanswerable,False,0.0,0.0,0.0,0.0,0.0,0.0,0.0,0.0,-1.7275859760002277
vlrag-d5a67efe30,HybridGraph_minus_HybridOnly,Nếu tôi không thực hiện đúng các quy định về hệ số điều chỉnh giá đất năm 2023 tại Lào Cai theo quyết định của tỉnh thì có bị xử lý gì không?,single_hop,unanswerable,False,0.0,0.0,0.0,0.0,0.0,0.0,0.0,0.0,0.6012058619999188
vlrag-d5a67efe30,HybridOnly_minus_DenseOnly,Nếu tôi không thực hiện đúng các quy định về hệ số điều chỉnh giá đất năm 2023 tại Lào Cai theo quyết định của tỉnh thì có bị xử lý gì không?,single_hop,unanswerable,False,0.0,0.0,0.0,0.0,0.0,0.0,0.0,0.0,24.587057146420367
vlrag-d5a67efe30,HybridGraph_minus_DenseGraph,Nếu tôi không thực hiện đúng các quy định về hệ số điều chỉnh giá đất năm 2023 tại Lào Cai theo quyết định của tỉnh thì có bị xử lý gì không?,single_hop,unanswerable,False,0.0,0.0,0.0,0.0,0.0,0.0,0.0,0.0,26.915848984420514
vlrag-d6259b812b,DenseGraph_minus_DenseOnly,"Có cần Ủy ban nhân dân xã tự mình giải quyết hết các thủ tục hộ tịch không, hay là tôi có thể làm việc đó ở cấp huyện?",single_hop,abstractive,True,0.0,0.0,0.0,0.0,0.0,0.0,-0.0036772658446895257,0.0214146658014277,-1.9364533279999705
vlrag-d6259b812b,HybridGraph_minus_HybridOnly,"Có cần Ủy ban nhân dân xã tự mình giải quyết hết các thủ tục hộ tịch không, hay là tôi có thể làm việc đó ở cấp huyện?",single_hop,abstractive,True,0.0,0.0,0.0,0.0,0.0,0.0,-0.011510791366906525,-0.056172661870503515,-0.6707790789987484
vlrag-d6259b812b,HybridOnly_minus_DenseOnly,"Có cần Ủy ban nhân dân xã tự mình giải quyết hết các thủ tục hộ tịch không, hay là tôi có thể làm việc đó ở cấp huyện?",single_hop,abstractive,True,0.0,0.0,0.0,0.0,0.0,0.0,0.02318840579710152,0.05460869565217391,27.63019561442178
vlrag-d6259b812b,HybridGraph_minus_DenseGraph,"Có cần Ủy ban nhân dân xã tự mình giải quyết hết các thủ tục hộ tịch không, hay là tôi có thể làm việc đó ở cấp huyện?",single_hop,abstractive,True,0.0,0.0,0.0,0.0,0.0,0.0,0.01535488027488452,-0.022978632019757306,28.895869863423002
vlrag-d72b5360ec,DenseGraph_minus_DenseOnly,"Tôi là chủ một công ty đang làm dịch vụ đưa người đi làm việc ở nước ngoài, nếu công ty bị thu hồi giấy phép vì hoạt động không hiệu quả thì tôi có phải đóng khoản phí nào cho thủ tục này không?",single_hop,unanswerable,False,0.0,0.0,0.0,0.0,0.0,0.0,0.0,0.0,4.066660521999892
vlrag-d72b5360ec,HybridGraph_minus_HybridOnly,"Tôi là chủ một công ty đang làm dịch vụ đưa người đi làm việc ở nước ngoài, nếu công ty bị thu hồi giấy phép vì hoạt động không hiệu quả thì tôi có phải đóng khoản phí nào cho thủ tục này không?",single_hop,unanswerable,False,0.0,0.0,0.0,0.0,0.0,0.0,0.0,0.0,0.7114995259980788
vlrag-d72b5360ec,HybridOnly_minus_DenseOnly,"Tôi là chủ một công ty đang làm dịch vụ đưa người đi làm việc ở nước ngoài, nếu công ty bị thu hồi giấy phép vì hoạt động không hiệu quả thì tôi có phải đóng khoản phí nào cho thủ tục này không?",single_hop,unanswerable,False,0.0,0.0,0.0,0.0,0.0,0.0,0.0,0.0,26.921462426422014
vlrag-d72b5360ec,HybridGraph_minus_DenseGraph,"Tôi là chủ một công ty đang làm dịch vụ đưa người đi làm việc ở nước ngoài, nếu công ty bị thu hồi giấy phép vì hoạt động không hiệu quả thì tôi có phải đóng khoản phí nào cho thủ tục này không?",single_hop,unanswerable,False,0.0,0.0,0.0,0.0,0.0,0.0,0.0,0.0,23.5663014304202
vlrag-d89bbfd484,DenseGraph_minus_DenseOnly,Làm sao để tôi biết được các cấp chính quyền địa phương có trách nhiệm gì trong việc hỗ trợ bảo đảm an ninh hàng không dân dụng?,single_hop,extractive,True,0.0,0.0,0.0,0.0,0.0,0.0,-0.000142524585490994,0.027032163048125807,0.5378602149999097
vlrag-d89bbfd484,HybridGraph_minus_HybridOnly,Làm sao để tôi biết được các cấp chính quyền địa phương có trách nhiệm gì trong việc hỗ trợ bảo đảm an ninh hàng không dân dụng?,single_hop,extractive,True,0.0,0.0,0.0,0.0,0.0,0.0,0.0,0.0102040816326531,0.7244117610007343
vlrag-d89bbfd484,HybridOnly_minus_DenseOnly,Làm sao để tôi biết được các cấp chính quyền địa phương có trách nhiệm gì trong việc hỗ trợ bảo đảm an ninh hàng không dân dụng?,single_hop,extractive,True,0.0,0.0,0.0,0.0,0.0,0.0,-0.001788344203660891,-0.0009467704607615951,23.459114968419673
vlrag-d89bbfd484,HybridGraph_minus_DenseGraph,Làm sao để tôi biết được các cấp chính quyền địa phương có trách nhiệm gì trong việc hỗ trợ bảo đảm an ninh hàng không dân dụng?,single_hop,extractive,True,0.0,0.0,0.0,0.0,0.0,0.0,-0.001645819618169897,-0.0177748518762343,23.645666514420498
vlrag-d9a8184eb6,DenseGraph_minus_DenseOnly,"Gia đình tôi ở vùng nông thôn đang muốn được hướng dẫn chuyên môn và tập huấn về vệ sinh môi trường, không biết Trung tâm Quốc gia Nước sạch và Vệ sinh môi trường nông thôn có hỗ trợ trực tiếp cho người dân không hay chỉ làm việc với địa phương?",legal_validity,abstractive,True,0.0,0.0,0.0,0.0,0.0,0.0,0.0,0.0,-5.3145042460000695
vlrag-d9a8184eb6,HybridGraph_minus_HybridOnly,"Gia đình tôi ở vùng nông thôn đang muốn được hướng dẫn chuyên môn và tập huấn về vệ sinh môi trường, không biết Trung tâm Quốc gia Nước sạch và Vệ sinh môi trường nông thôn có hỗ trợ trực tiếp cho người dân không hay chỉ làm việc với địa phương?",legal_validity,abstractive,True,0.0,0.0,0.0,0.0,0.0,0.0,0.03563813585135539,0.05888922733272417,0.23851118999664322
vlrag-d9a8184eb6,HybridOnly_minus_DenseOnly,"Gia đình tôi ở vùng nông thôn đang muốn được hướng dẫn chuyên môn và tập huấn về vệ sinh môi trường, không biết Trung tâm Quốc gia Nước sạch và Vệ sinh môi trường nông thôn có hỗ trợ trực tiếp cho người dân không hay chỉ làm việc với địa phương?",legal_validity,abstractive,True,1.0,1.0,0.3333333333333333,0.5,0.1,0.0,0.3673469387755102,0.2993197278911564,21.43687331142218
vlrag-d9a8184eb6,HybridGraph_minus_DenseGraph,"Gia đình tôi ở vùng nông thôn đang muốn được hướng dẫn chuyên môn và tập huấn về vệ sinh môi trường, không biết Trung tâm Quốc gia Nước sạch và Vệ sinh môi trường nông thôn có hỗ trợ trực tiếp cho người dân không hay chỉ làm việc với địa phương?",legal_validity,abstractive,True,1.0,1.0,0.3333333333333333,0.5,0.1,0.0,0.4029850746268656,0.3582089552238806,26.98988874741889
vlrag-da5376c265,DenseGraph_minus_DenseOnly,Chúng tôi muốn biết quy trình để được cấp sổ bộ hộ tịch hằng năm cho Ủy ban nhân dân xã diễn ra như thế nào?,single_hop,abstractive,True,0.0,0.0,0.0,0.0,0.0,0.0,0.0,0.0,-0.11980346000018471
vlrag-da5376c265,HybridGraph_minus_HybridOnly,Chúng tôi muốn biết quy trình để được cấp sổ bộ hộ tịch hằng năm cho Ủy ban nhân dân xã diễn ra như thế nào?,single_hop,abstractive,True,0.0,0.0,0.0,0.0,0.0,0.0,0.0,0.0,-1.3865491750002548
vlrag-da5376c265,HybridOnly_minus_DenseOnly,Chúng tôi muốn biết quy trình để được cấp sổ bộ hộ tịch hằng năm cho Ủy ban nhân dân xã diễn ra như thế nào?,single_hop,abstractive,True,0.0,0.0,0.0,0.0,0.0,0.0,0.0,0.0,27.444739977423698
vlrag-da5376c265,HybridGraph_minus_DenseGraph,Chúng tôi muốn biết quy trình để được cấp sổ bộ hộ tịch hằng năm cho Ủy ban nhân dân xã diễn ra như thế nào?,single_hop,abstractive,True,0.0,0.0,0.0,0.0,0.0,0.0,0.0,0.0,26.177994262423628
vlrag-da5b685596,DenseGraph_minus_DenseOnly,"Trong trường hợp tôi muốn tìm hiểu cơ sở pháp lý về việc Hội đồng nhân dân tỉnh ban hành Nghị quyết 23/2014/NQ-HĐND, thì văn bản này có dựa trên quy định nào của pháp luật không?",citation,abstractive,True,0.0,0.0,0.0,0.0,0.0,0.0,0.0,0.012987012987012991,-1.331882356000278
vlrag-da5b685596,HybridGraph_minus_HybridOnly,"Trong trường hợp tôi muốn tìm hiểu cơ sở pháp lý về việc Hội đồng nhân dân tỉnh ban hành Nghị quyết 23/2014/NQ-HĐND, thì văn bản này có dựa trên quy định nào của pháp luật không?",citation,abstractive,True,0.0,0.0,0.0,0.0,0.0,0.0,-0.0074285714285713955,0.03314285714285728,-0.0982939970017469
vlrag-da5b685596,HybridOnly_minus_DenseOnly,"Trong trường hợp tôi muốn tìm hiểu cơ sở pháp lý về việc Hội đồng nhân dân tỉnh ban hành Nghị quyết 23/2014/NQ-HĐND, thì văn bản này có dựa trên quy định nào của pháp luật không?",citation,abstractive,True,0.0,0.0,0.0,0.0,0.0,0.0,0.002666666666666595,-0.04872727272727281,26.23924298642277
vlrag-da5b685596,HybridGraph_minus_DenseGraph,"Trong trường hợp tôi muốn tìm hiểu cơ sở pháp lý về việc Hội đồng nhân dân tỉnh ban hành Nghị quyết 23/2014/NQ-HĐND, thì văn bản này có dựa trên quy định nào của pháp luật không?",citation,abstractive,True,0.0,0.0,0.0,0.0,0.0,0.0,-0.0047619047619048005,-0.028571428571428525,27.4728313454213
vlrag-dac96424f0,DenseGraph_minus_DenseOnly,Làm sao để biết quy định về mở tài khoản tại Kho bạc Nhà nước hiện nay có phải là quy định mới nhất thay thế cho quy định cũ từ năm 1997 hay không?,cross_document,extractive,True,0.0,0.0,0.0,0.0,0.0,0.0,0.0173734692646437,0.0173734692646437,-0.6972866739997698
vlrag-dac96424f0,HybridGraph_minus_HybridOnly,Làm sao để biết quy định về mở tài khoản tại Kho bạc Nhà nước hiện nay có phải là quy định mới nhất thay thế cho quy định cũ từ năm 1997 hay không?,cross_document,extractive,True,-0.3333333333333333,-1.0,-0.1111111111111111,-0.1412669728598289,-0.1,0.0,0.0052135054617676035,0.004634227077126796,-0.8879003719994181
vlrag-dac96424f0,HybridOnly_minus_DenseOnly,Làm sao để biết quy định về mở tài khoản tại Kho bạc Nhà nước hiện nay có phải là quy định mới nhất thay thế cho quy định cũ từ năm 1997 hay không?,cross_document,extractive,True,0.0,0.0,-0.1388888888888889,-0.06084037364071862,0.0,0.0,-0.018179314144057296,-0.030757930496258593,27.65905215442416
vlrag-dac96424f0,HybridGraph_minus_DenseGraph,Làm sao để biết quy định về mở tài khoản tại Kho bạc Nhà nước hiện nay có phải là quy định mới nhất thay thế cho quy định cũ từ năm 1997 hay không?,cross_document,extractive,True,-0.3333333333333333,-1.0,-0.25,-0.2021073465005475,-0.1,0.0,-0.03033927794693339,-0.043497172683775495,27.46843845642451
vlrag-db68f6b542,DenseGraph_minus_DenseOnly,Có được thanh toán cước điện thoại di động cho Phó Chủ tịch Hội Nhà báo tỉnh không và quy định cụ thể tại văn bản nào?,citation,extractive,True,0.0,0.0,0.0,0.0,0.0,0.0,0.0106044538706256,0.0106044538706256,1.7454489719998492
vlrag-db68f6b542,HybridGraph_minus_HybridOnly,Có được thanh toán cước điện thoại di động cho Phó Chủ tịch Hội Nhà báo tỉnh không và quy định cụ thể tại văn bản nào?,citation,extractive,True,0.0,0.0,0.0,0.0,0.0,0.0,0.0106044538706256,0.0106044538706256,-0.23581771699718246
vlrag-db68f6b542,HybridOnly_minus_DenseOnly,Có được thanh toán cước điện thoại di động cho Phó Chủ tịch Hội Nhà báo tỉnh không và quy định cụ thể tại văn bản nào?,citation,extractive,True,0.0,0.0,0.0,0.0,0.0,0.0,0.0,0.0,27.028736331422067
vlrag-db68f6b542,HybridGraph_minus_DenseGraph,Có được thanh toán cước điện thoại di động cho Phó Chủ tịch Hội Nhà báo tỉnh không và quy định cụ thể tại văn bản nào?,citation,extractive,True,0.0,0.0,0.0,0.0,0.0,0.0,0.0,0.0,25.047469642425035
vlrag-dbcc135a11,DenseGraph_minus_DenseOnly,Sắp tới tôi muốn biết quy hoạch điện lực của tỉnh đã được thông qua thì ai sẽ là người chịu trách nhiệm trình các thủ tục để Bộ Công Thương phê duyệt?,single_hop,extractive,True,0.0,0.0,0.0,0.0,0.0,0.0,-0.1066666666666666,-0.1066666666666666,-1.936464012000215
vlrag-dbcc135a11,HybridGraph_minus_HybridOnly,Sắp tới tôi muốn biết quy hoạch điện lực của tỉnh đã được thông qua thì ai sẽ là người chịu trách nhiệm trình các thủ tục để Bộ Công Thương phê duyệt?,single_hop,extractive,True,0.0,0.0,0.0,0.0,0.0,0.0,-0.1302759740259741,-0.1302759740259741,1.2220628380000598
vlrag-dbcc135a11,HybridOnly_minus_DenseOnly,Sắp tới tôi muốn biết quy hoạch điện lực của tỉnh đã được thông qua thì ai sẽ là người chịu trách nhiệm trình các thủ tục để Bộ Công Thương phê duyệt?,single_hop,extractive,True,0.0,0.0,0.0,0.0,0.0,0.0,0.049583333333333396,0.049583333333333396,25.417012963419158
vlrag-dbcc135a11,HybridGraph_minus_DenseGraph,Sắp tới tôi muốn biết quy hoạch điện lực của tỉnh đã được thông qua thì ai sẽ là người chịu trách nhiệm trình các thủ tục để Bộ Công Thương phê duyệt?,single_hop,extractive,True,0.0,0.0,0.0,0.0,0.0,0.0,0.0259740259740259,0.0259740259740259,28.575539813419432
vlrag-dd4bea6a14,DenseGraph_minus_DenseOnly,Doanh nghiệp của tôi có nghĩa vụ gì khi Thông tư về quy chuẩn kỹ thuật đường sắt mới được ban hành?,single_hop,extractive,True,-1.0,-1.0,-0.1666666666666666,-0.3562071871080222,-0.1,0.0,0.01097213078779899,0.01097213078779899,-0.5572395909994157
vlrag-dd4bea6a14,HybridGraph_minus_HybridOnly,Doanh nghiệp của tôi có nghĩa vụ gì khi Thông tư về quy chuẩn kỹ thuật đường sắt mới được ban hành?,single_hop,extractive,True,0.0,0.0,0.0,0.0,0.0,0.0,0.0031665253039298985,0.0031665253039298985,0.4573575590002257
vlrag-dd4bea6a14,HybridOnly_minus_DenseOnly,Doanh nghiệp của tôi có nghĩa vụ gì khi Thông tư về quy chuẩn kỹ thuật đường sắt mới được ban hành?,single_hop,extractive,True,-1.0,-1.0,-0.1666666666666666,-0.3562071871080222,-0.1,0.0,-0.1003779289493575,-0.1003779289493575,26.129648041423653
vlrag-dd4bea6a14,HybridGraph_minus_DenseGraph,Doanh nghiệp của tôi có nghĩa vụ gì khi Thông tư về quy chuẩn kỹ thuật đường sắt mới được ban hành?,single_hop,extractive,True,0.0,0.0,0.0,0.0,0.0,0.0,-0.10818353443322659,-0.10818353443322659,27.144245191423295
vlrag-dd5abb77cc,DenseGraph_minus_DenseOnly,"Sắp tới tôi dự định chuyển người bệnh từ cơ sở y tế của Công an sang bệnh viện tư nhân ngoài ngành, quy định hiện hành có còn cho phép việc chuyển tuyến như vậy không?",legal_validity,boolean,True,0.0,0.0,0.0,0.0,0.0,0.0,0.0,0.0,3.7322010239995507
vlrag-dd5abb77cc,HybridGraph_minus_HybridOnly,"Sắp tới tôi dự định chuyển người bệnh từ cơ sở y tế của Công an sang bệnh viện tư nhân ngoài ngành, quy định hiện hành có còn cho phép việc chuyển tuyến như vậy không?",legal_validity,boolean,True,0.0,0.0,0.0,0.0,0.0,0.0,0.0,0.0,-0.17205500100135396
vlrag-dd5abb77cc,HybridOnly_minus_DenseOnly,"Sắp tới tôi dự định chuyển người bệnh từ cơ sở y tế của Công an sang bệnh viện tư nhân ngoài ngành, quy định hiện hành có còn cho phép việc chuyển tuyến như vậy không?",legal_validity,boolean,True,0.0,0.0,0.0,0.0,0.0,0.0,0.0,0.0,26.72627611742036
vlrag-dd5abb77cc,HybridGraph_minus_DenseGraph,"Sắp tới tôi dự định chuyển người bệnh từ cơ sở y tế của Công an sang bệnh viện tư nhân ngoài ngành, quy định hiện hành có còn cho phép việc chuyển tuyến như vậy không?",legal_validity,boolean,True,0.0,0.0,0.0,0.0,0.0,0.0,0.0,0.0,22.822020092419454
vlrag-dda9d10e8e,DenseGraph_minus_DenseOnly,Làm sao để doanh nghiệp của tôi được hưởng ưu đãi về giá thuê đất khi đầu tư vào lĩnh vực nông nghiệp tại tỉnh Thái Bình?,single_hop,extractive,True,0.0,0.0,0.0,0.0,0.0,0.0,0.03127643521799761,0.0016461281693682939,9.081624831999761
vlrag-dda9d10e8e,HybridGraph_minus_HybridOnly,Làm sao để doanh nghiệp của tôi được hưởng ưu đãi về giá thuê đất khi đầu tư vào lĩnh vực nông nghiệp tại tỉnh Thái Bình?,single_hop,extractive,True,0.0,0.0,0.0,0.0,0.0,0.0,0.040378863409770704,0.015453639082751713,-1.4052712909979164
vlrag-dda9d10e8e,HybridOnly_minus_DenseOnly,Làm sao để doanh nghiệp của tôi được hưởng ưu đãi về giá thuê đất khi đầu tư vào lĩnh vực nông nghiệp tại tỉnh Thái Bình?,single_hop,extractive,True,0.0,0.0,0.0,0.0,0.0,0.0,0.03771001406261559,0.047479831248612284,27.971294065420068
vlrag-dda9d10e8e,HybridGraph_minus_DenseGraph,Làm sao để doanh nghiệp của tôi được hưởng ưu đãi về giá thuê đất khi đầu tư vào lĩnh vực nông nghiệp tại tỉnh Thái Bình?,single_hop,extractive,True,0.0,0.0,0.0,0.0,0.0,0.0,0.046812442254388686,0.0612873421619957,17.48439794242239
vlrag-ddac69bd57,DenseGraph_minus_DenseOnly,"Sắp tới tôi cần khai thác số liệu về chất lượng nước sông hồ, cụ thể là các yếu tố như độ kiềm và độ cứng toàn phần, thì mức phí phải nộp là bao nhiêu cho mỗi năm?",single_hop,extractive,True,0.0,0.0,0.0,0.0,0.0,0.0,-0.002419842710223802,-0.002419842710223802,-4.861636479000026
vlrag-ddac69bd57,HybridGraph_minus_HybridOnly,"Sắp tới tôi cần khai thác số liệu về chất lượng nước sông hồ, cụ thể là các yếu tố như độ kiềm và độ cứng toàn phần, thì mức phí phải nộp là bao nhiêu cho mỗi năm?",single_hop,extractive,True,0.0,0.0,0.0,0.0,0.0,0.0,-0.002419842710223802,-0.002419842710223802,1.4283203339982684
vlrag-ddac69bd57,HybridOnly_minus_DenseOnly,"Sắp tới tôi cần khai thác số liệu về chất lượng nước sông hồ, cụ thể là các yếu tố như độ kiềm và độ cứng toàn phần, thì mức phí phải nộp là bao nhiêu cho mỗi năm?",single_hop,extractive,True,0.0,0.0,0.0,0.0,0.0,0.0,0.0,0.0,20.89395508042225
vlrag-ddac69bd57,HybridGraph_minus_DenseGraph,"Sắp tới tôi cần khai thác số liệu về chất lượng nước sông hồ, cụ thể là các yếu tố như độ kiềm và độ cứng toàn phần, thì mức phí phải nộp là bao nhiêu cho mỗi năm?",single_hop,extractive,True,0.0,0.0,0.0,0.0,0.0,0.0,0.0,0.0,27.183911893420543
vlrag-dee885cbf7,DenseGraph_minus_DenseOnly,Nếu gia đình tôi không áp dụng quy trình sản xuất nông nghiệp tốt theo chính sách của tỉnh thì tôi có bị bắt buộc phải thực hiện hay có ngoại lệ nào không?,single_hop,unanswerable,False,0.0,0.0,0.0,0.0,0.0,0.0,0.0,0.0,-0.42650606200004404
vlrag-dee885cbf7,HybridGraph_minus_HybridOnly,Nếu gia đình tôi không áp dụng quy trình sản xuất nông nghiệp tốt theo chính sách của tỉnh thì tôi có bị bắt buộc phải thực hiện hay có ngoại lệ nào không?,single_hop,unanswerable,False,0.0,0.0,0.0,0.0,0.0,0.0,0.0,0.0,-0.6617428309982678
vlrag-dee885cbf7,HybridOnly_minus_DenseOnly,Nếu gia đình tôi không áp dụng quy trình sản xuất nông nghiệp tốt theo chính sách của tỉnh thì tôi có bị bắt buộc phải thực hiện hay có ngoại lệ nào không?,single_hop,unanswerable,False,0.0,0.0,0.0,0.0,0.0,0.0,0.0,0.0,27.48269260041952
vlrag-dee885cbf7,HybridGraph_minus_DenseGraph,Nếu gia đình tôi không áp dụng quy trình sản xuất nông nghiệp tốt theo chính sách của tỉnh thì tôi có bị bắt buộc phải thực hiện hay có ngoại lệ nào không?,single_hop,unanswerable,False,0.0,0.0,0.0,0.0,0.0,0.0,0.0,0.0,27.247455831421295
vlrag-e0085deda2,DenseGraph_minus_DenseOnly,Chúng tôi có thể đề nghị cơ quan y tế kiểm tra các quy định về an toàn truyền máu tại bệnh viện không?,single_hop,boolean,True,0.0,0.0,0.0,0.0,0.0,0.0,0.005291005291005298,0.005291005291005298,-1.4885169760009376
vlrag-e0085deda2,HybridGraph_minus_HybridOnly,Chúng tôi có thể đề nghị cơ quan y tế kiểm tra các quy định về an toàn truyền máu tại bệnh viện không?,single_hop,boolean,True,0.0,0.0,0.0,0.0,0.0,0.0,0.004784688995215298,0.004784688995215298,-0.927367147996847
vlrag-e0085deda2,HybridOnly_minus_DenseOnly,Chúng tôi có thể đề nghị cơ quan y tế kiểm tra các quy định về an toàn truyền máu tại bệnh viện không?,single_hop,boolean,True,0.0,0.0,0.8,0.6131471927654584,0.0,0.0,-0.0014430014430014022,-0.0014430014430014022,26.575266446425022
vlrag-e0085deda2,HybridGraph_minus_DenseGraph,Chúng tôi có thể đề nghị cơ quan y tế kiểm tra các quy định về an toàn truyền máu tại bệnh viện không?,single_hop,boolean,True,0.0,0.0,0.8,0.6131471927654584,0.0,0.0,-0.001949317738791402,-0.001949317738791402,27.136416274429113
vlrag-e010511ef5,DenseGraph_minus_DenseOnly,"Trong trường hợp tôi là Phó Chủ tịch Hội Nhà báo tỉnh, tôi muốn biết mức thanh toán cước điện thoại hàng tháng của mình được tính như thế nào?",single_hop,abstractive,True,0.0,0.0,0.0,0.0,0.0,0.0,0.028687544824288813,0.02629691608893142,4.588276512999984
vlrag-e010511ef5,HybridGraph_minus_HybridOnly,"Trong trường hợp tôi là Phó Chủ tịch Hội Nhà báo tỉnh, tôi muốn biết mức thanh toán cước điện thoại hàng tháng của mình được tính như thế nào?",single_hop,abstractive,True,0.0,0.0,0.0,0.0,0.0,0.0,0.021367521367521403,0.021367521367521403,0.6321796859992901
vlrag-e010511ef5,HybridOnly_minus_DenseOnly,"Trong trường hợp tôi là Phó Chủ tịch Hội Nhà báo tỉnh, tôi muốn biết mức thanh toán cước điện thoại hàng tháng của mình được tính như thế nào?",single_hop,abstractive,True,0.0,0.0,0.0,0.0,0.0,0.0,-0.08756137479541731,-0.045008183306055605,26.92707751242341
vlrag-e010511ef5,HybridGraph_minus_DenseGraph,"Trong trường hợp tôi là Phó Chủ tịch Hội Nhà báo tỉnh, tôi muốn biết mức thanh toán cước điện thoại hàng tháng của mình được tính như thế nào?",single_hop,abstractive,True,0.0,0.0,0.0,0.0,0.0,0.0,-0.09488139825218472,-0.04993757802746562,22.970980685422717
vlrag-e0826fa8fe,DenseGraph_minus_DenseOnly,Sắp tới tôi muốn làm thủ tục liên quan đến công tác quản lý biên chế tại tỉnh Điện Biên thì cần nộp hồ sơ ở đâu và theo trình tự nào?,single_hop,unanswerable,False,0.0,0.0,0.0,0.0,0.0,0.0,-0.0005096839959224941,0.018008834522596003,-4.005575235000379
vlrag-e0826fa8fe,HybridGraph_minus_HybridOnly,Sắp tới tôi muốn làm thủ tục liên quan đến công tác quản lý biên chế tại tỉnh Điện Biên thì cần nộp hồ sơ ở đâu và theo trình tự nào?,single_hop,unanswerable,False,0.0,0.0,0.0,0.0,0.0,0.0,-0.0006734006734007009,-0.0006734006734007009,-0.01815222100049496
vlrag-e0826fa8fe,HybridOnly_minus_DenseOnly,Sắp tới tôi muốn làm thủ tục liên quan đến công tác quản lý biên chế tại tỉnh Điện Biên thì cần nộp hồ sơ ở đâu và theo trình tự nào?,single_hop,unanswerable,False,0.0,0.0,0.0,0.0,0.0,0.0,-0.018518518518518497,0.0,22.949031394419254
vlrag-e0826fa8fe,HybridGraph_minus_DenseGraph,Sắp tới tôi muốn làm thủ tục liên quan đến công tác quản lý biên chế tại tỉnh Điện Biên thì cần nộp hồ sơ ở đâu và theo trình tự nào?,single_hop,unanswerable,False,0.0,0.0,0.0,0.0,0.0,0.0,-0.018682235195996703,-0.018682235195996703,26.936454408419138
vlrag-e0bbf4786d,DenseGraph_minus_DenseOnly,"Doanh nghiệp của tôi muốn tham khảo quy hoạch phát triển điện lực của tỉnh Quảng Nam, tôi có cần đóng khoản phí hay lệ phí nào khi xem các tài liệu này không?",single_hop,unanswerable,False,0.0,0.0,0.0,0.0,0.0,0.0,0.0,0.0,-0.3049545530002433
vlrag-e0bbf4786d,HybridGraph_minus_HybridOnly,"Doanh nghiệp của tôi muốn tham khảo quy hoạch phát triển điện lực của tỉnh Quảng Nam, tôi có cần đóng khoản phí hay lệ phí nào khi xem các tài liệu này không?",single_hop,unanswerable,False,0.0,0.0,0.0,0.0,0.0,0.0,0.0,0.0,0.4214494799998647
vlrag-e0bbf4786d,HybridOnly_minus_DenseOnly,"Doanh nghiệp của tôi muốn tham khảo quy hoạch phát triển điện lực của tỉnh Quảng Nam, tôi có cần đóng khoản phí hay lệ phí nào khi xem các tài liệu này không?",single_hop,unanswerable,False,0.0,0.0,0.0,0.0,0.0,0.0,0.0,0.0,25.379108288423318
vlrag-e0bbf4786d,HybridGraph_minus_DenseGraph,"Doanh nghiệp của tôi muốn tham khảo quy hoạch phát triển điện lực của tỉnh Quảng Nam, tôi có cần đóng khoản phí hay lệ phí nào khi xem các tài liệu này không?",single_hop,unanswerable,False,0.0,0.0,0.0,0.0,0.0,0.0,0.0,0.0,26.105512321423426
vlrag-e18761a1d5,DenseGraph_minus_DenseOnly,Nếu doanh nghiệp của tôi kinh doanh tại chợ mà không tuân thủ các quy định về quản lý chợ thì sẽ như thế nào?,single_hop,unanswerable,False,0.0,0.0,0.0,0.0,0.0,0.0,0.012369858777445591,0.012369858777445591,-0.7979298959999142
vlrag-e18761a1d5,HybridGraph_minus_HybridOnly,Nếu doanh nghiệp của tôi kinh doanh tại chợ mà không tuân thủ các quy định về quản lý chợ thì sẽ như thế nào?,single_hop,unanswerable,False,0.0,0.0,0.0,0.0,0.0,0.0,0.0041407867494824,0.0041407867494824,1.3153015719981305
vlrag-e18761a1d5,HybridOnly_minus_DenseOnly,Nếu doanh nghiệp của tôi kinh doanh tại chợ mà không tuân thủ các quy định về quản lý chợ thì sẽ như thế nào?,single_hop,unanswerable,False,0.0,0.0,0.0,0.0,0.0,0.0,-0.0115676106900678,-0.0115676106900678,25.96404588142258
vlrag-e18761a1d5,HybridGraph_minus_DenseGraph,Nếu doanh nghiệp của tôi kinh doanh tại chợ mà không tuân thủ các quy định về quản lý chợ thì sẽ như thế nào?,single_hop,unanswerable,False,0.0,0.0,0.0,0.0,0.0,0.0,-0.019796682718030992,-0.019796682718030992,28.077277349420626
vlrag-e2cc9cd42a,DenseGraph_minus_DenseOnly,Doanh nghiệp của tôi muốn biết chính sách hỗ trợ lãi suất cho hộ đồng bào dân tộc thiểu số tại Đắk Nông hiện nay còn áp dụng đến bao giờ để chúng tôi tư vấn cho bà con?,single_hop,extractive,True,-1.0,-1.0,-0.1,-0.2890648263178879,-0.1,0.0,0.0233766233766233,0.0233766233766233,-2.658113989999947
vlrag-e2cc9cd42a,HybridGraph_minus_HybridOnly,Doanh nghiệp của tôi muốn biết chính sách hỗ trợ lãi suất cho hộ đồng bào dân tộc thiểu số tại Đắk Nông hiện nay còn áp dụng đến bao giờ để chúng tôi tư vấn cho bà con?,single_hop,extractive,True,0.0,0.0,0.0,0.0,0.0,0.0,0.009090909090909108,0.009090909090909108,-0.31895458299914026
vlrag-e2cc9cd42a,HybridOnly_minus_DenseOnly,Doanh nghiệp của tôi muốn biết chính sách hỗ trợ lãi suất cho hộ đồng bào dân tộc thiểu số tại Đắk Nông hiện nay còn áp dụng đến bao giờ để chúng tôi tư vấn cho bà con?,single_hop,extractive,True,0.0,0.0,0.1,0.0977879809166537,0.0,0.0,0.014285714285714193,0.014285714285714193,24.865153118422942
vlrag-e2cc9cd42a,HybridGraph_minus_DenseGraph,Doanh nghiệp của tôi muốn biết chính sách hỗ trợ lãi suất cho hộ đồng bào dân tộc thiểu số tại Đắk Nông hiện nay còn áp dụng đến bao giờ để chúng tôi tư vấn cho bà con?,single_hop,extractive,True,1.0,1.0,0.2,0.3868528072345416,0.1,0.0,0.0,0.0,27.20431252542375
vlrag-e2d1e8182c,DenseGraph_minus_DenseOnly,"Trong trường hợp doanh nghiệp tôi đầu tư vào lĩnh vực môi trường tại Cà Mau, tôi phải nộp những khoản lệ phí nào để được hưởng chính sách khuyến khích xã hội hóa?",single_hop,unanswerable,False,0.0,0.0,0.0,0.0,0.0,0.0,0.012112614578786502,0.0080750763858577,0.7047605519996978
vlrag-e2d1e8182c,HybridGraph_minus_HybridOnly,"Trong trường hợp doanh nghiệp tôi đầu tư vào lĩnh vực môi trường tại Cà Mau, tôi phải nộp những khoản lệ phí nào để được hưởng chính sách khuyến khích xã hội hóa?",single_hop,unanswerable,False,0.0,0.0,0.0,0.0,0.0,0.0,0.6027327935222673,0.6123481781376519,-3.212899047999599
vlrag-e2d1e8182c,HybridOnly_minus_DenseOnly,"Trong trường hợp doanh nghiệp tôi đầu tư vào lĩnh vực môi trường tại Cà Mau, tôi phải nộp những khoản lệ phí nào để được hưởng chính sách khuyến khích xã hội hóa?",single_hop,unanswerable,False,0.0,0.0,0.0,0.0,0.0,0.0,0.0029840848806366,0.001989389920424401,26.29544360942026
vlrag-e2d1e8182c,HybridGraph_minus_DenseGraph,"Trong trường hợp doanh nghiệp tôi đầu tư vào lĩnh vực môi trường tại Cà Mau, tôi phải nộp những khoản lệ phí nào để được hưởng chính sách khuyến khích xã hội hóa?",single_hop,unanswerable,False,0.0,0.0,0.0,0.0,0.0,0.0,0.5936042638241174,0.6062624916722186,22.377784009420964
vlrag-e3766c8a2c,DenseGraph_minus_DenseOnly,"Chúng tôi thấy có sự khác biệt giữa các quy định cũ và quy định mới về kinh doanh bảo hiểm, vậy khi nộp hồ sơ xin phép, chúng tôi nên ưu tiên áp dụng theo hướng dẫn nào?",legal_validity,unanswerable,False,0.0,0.0,0.0,0.0,0.0,0.0,0.002700421940928302,-0.0239662447257384,-1.2005528519994186
vlrag-e3766c8a2c,HybridGraph_minus_HybridOnly,"Chúng tôi thấy có sự khác biệt giữa các quy định cũ và quy định mới về kinh doanh bảo hiểm, vậy khi nộp hồ sơ xin phép, chúng tôi nên ưu tiên áp dụng theo hướng dẫn nào?",legal_validity,unanswerable,False,0.0,0.0,0.0,0.0,0.0,0.0,-0.0087628865979381,-0.0087628865979381,0.5752709479984333
vlrag-e3766c8a2c,HybridOnly_minus_DenseOnly,"Chúng tôi thấy có sự khác biệt giữa các quy định cũ và quy định mới về kinh doanh bảo hiểm, vậy khi nộp hồ sơ xin phép, chúng tôi nên ưu tiên áp dụng theo hướng dẫn nào?",legal_validity,unanswerable,False,0.0,0.0,0.0,0.0,0.0,0.0,-0.0006329113924051014,-0.0006329113924051014,25.382936844423227
vlrag-e3766c8a2c,HybridGraph_minus_DenseGraph,"Chúng tôi thấy có sự khác biệt giữa các quy định cũ và quy định mới về kinh doanh bảo hiểm, vậy khi nộp hồ sơ xin phép, chúng tôi nên ưu tiên áp dụng theo hướng dẫn nào?",legal_validity,unanswerable,False,0.0,0.0,0.0,0.0,0.0,0.0,-0.012096219931271503,0.0145704467353952,27.15876064442108
vlrag-e416b6a033,DenseGraph_minus_DenseOnly,Làm sao để biết căn cứ pháp lý nào quy định về việc sửa đổi Thông tư 19/2013/TT-NHNN liên quan đến việc mua bán nợ xấu?,citation,extractive,True,0.0,0.0,0.0,0.0,0.0,0.0,0.06715522984676879,0.046102598267821496,-0.029684379999707744
vlrag-e416b6a033,HybridGraph_minus_HybridOnly,Làm sao để biết căn cứ pháp lý nào quy định về việc sửa đổi Thông tư 19/2013/TT-NHNN liên quan đến việc mua bán nợ xấu?,citation,extractive,True,-1.0,-1.0,-0.1111111111111111,-0.3010299956639812,-0.1,0.0,0.015017430946634505,0.015017430946634505,-4.330694178999689
vlrag-e416b6a033,HybridOnly_minus_DenseOnly,Làm sao để biết căn cứ pháp lý nào quy định về việc sửa đổi Thông tư 19/2013/TT-NHNN liên quan đến việc mua bán nợ xấu?,citation,extractive,True,1.0,1.0,0.1111111111111111,0.3010299956639812,0.1,0.0,0.004928867480676599,0.004928867480676599,25.598575238421915
vlrag-e416b6a033,HybridGraph_minus_DenseGraph,Làm sao để biết căn cứ pháp lý nào quy định về việc sửa đổi Thông tư 19/2013/TT-NHNN liên quan đến việc mua bán nợ xấu?,citation,extractive,True,0.0,0.0,0.0,0.0,0.0,0.0,-0.047208931419457686,-0.02615629984051039,21.297565439421934
vlrag-e6094add97,DenseGraph_minus_DenseOnly,Có cần chuẩn bị giấy tờ gì đặc biệt không khi tôi là lãnh đạo một sở tại tỉnh Tiền Giang muốn đi nước ngoài?,single_hop,extractive,True,-1.0,-1.0,-0.1111111111111111,-0.3010299956639812,-0.1,0.0,-0.1055603572457505,-0.1465859982713915,-1.9242463849996057
vlrag-e6094add97,HybridGraph_minus_HybridOnly,Có cần chuẩn bị giấy tờ gì đặc biệt không khi tôi là lãnh đạo một sở tại tỉnh Tiền Giang muốn đi nước ngoài?,single_hop,extractive,True,0.0,0.0,0.0,0.0,0.0,0.0,0.10456446626659388,0.10456446626659388,0.13213320999784628
vlrag-e6094add97,HybridOnly_minus_DenseOnly,Có cần chuẩn bị giấy tờ gì đặc biệt không khi tôi là lãnh đạo một sở tại tỉnh Tiền Giang muốn đi nước ngoài?,single_hop,extractive,True,0.0,0.0,0.2222222222222222,0.1989700043360188,0.0,0.0,0.1576875060021129,0.1576875060021129,23.460359857416453
vlrag-e6094add97,HybridGraph_minus_DenseGraph,Có cần chuẩn bị giấy tờ gì đặc biệt không khi tôi là lãnh đạo một sở tại tỉnh Tiền Giang muốn đi nước ngoài?,single_hop,extractive,True,1.0,1.0,0.3333333333333333,0.5,0.1,0.0,0.3678123295144573,0.4088379705400983,25.516739452413905
vlrag-e64a30a76a,DenseGraph_minus_DenseOnly,"Trong trường hợp tôi muốn biết mình có đủ điều kiện nhận Kỷ niệm chương 'Vì sự nghiệp Tư pháp' theo Quyết định 102/2005/QĐ-BTP hay không, tôi có thể xem các tiêu chuẩn này ở đâu?",multi_hop,abstractive,True,-0.5,-1.0,-0.125,-0.1934264036172708,-0.1,0.0,0.002669336002669498,0.09075742409075738,2.6739521469996816
vlrag-e64a30a76a,HybridGraph_minus_HybridOnly,"Trong trường hợp tôi muốn biết mình có đủ điều kiện nhận Kỷ niệm chương 'Vì sự nghiệp Tư pháp' theo Quyết định 102/2005/QĐ-BTP hay không, tôi có thể xem các tiêu chuẩn này ở đâu?",multi_hop,abstractive,True,0.0,0.0,0.0,0.0,0.0,0.0,0.051907442151344574,0.04815509693558473,-0.2418835360003868
vlrag-e64a30a76a,HybridOnly_minus_DenseOnly,"Trong trường hợp tôi muốn biết mình có đủ điều kiện nhận Kỷ niệm chương 'Vì sự nghiệp Tư pháp' theo Quyết định 102/2005/QĐ-BTP hay không, tôi có thể xem các tiêu chuẩn này ở đâu?",multi_hop,abstractive,True,-0.5,-1.0,-0.125,-0.1934264036172708,-0.1,0.0,-0.028345418589320936,0.060646011865523985,26.557591898422917
vlrag-e64a30a76a,HybridGraph_minus_DenseGraph,"Trong trường hợp tôi muốn biết mình có đủ điều kiện nhận Kỷ niệm chương 'Vì sự nghiệp Tư pháp' theo Quyết định 102/2005/QĐ-BTP hay không, tôi có thể xem các tiêu chuẩn này ở đâu?",multi_hop,abstractive,True,0.0,0.0,0.0,0.0,0.0,0.0,0.02089268755935414,0.018043684710351338,23.64175621542285
vlrag-e72e740fa6,DenseGraph_minus_DenseOnly,Nếu tôi muốn tra cứu văn bản nào quy định cụ thể về việc xếp phụ cấp cho kế toán trưởng để đảm bảo quyền lợi khi làm việc tại đơn vị nhà nước thì nên dựa vào đâu?,citation,extractive,True,0.0,0.0,0.0,0.0,0.0,0.0,-0.016385542168674702,-0.016385542168674702,-0.5790320759997485
vlrag-e72e740fa6,HybridGraph_minus_HybridOnly,Nếu tôi muốn tra cứu văn bản nào quy định cụ thể về việc xếp phụ cấp cho kế toán trưởng để đảm bảo quyền lợi khi làm việc tại đơn vị nhà nước thì nên dựa vào đâu?,citation,extractive,True,0.0,0.0,0.0,0.0,0.0,0.0,0.008780487804878105,0.004390243902439101,-0.46663984199767583
vlrag-e72e740fa6,HybridOnly_minus_DenseOnly,Nếu tôi muốn tra cứu văn bản nào quy định cụ thể về việc xếp phụ cấp cho kế toán trưởng để đảm bảo quyền lợi khi làm việc tại đơn vị nhà nước thì nên dựa vào đâu?,citation,extractive,True,0.0,0.0,0.0,0.0,0.0,0.0,-0.05638554216867471,-0.07638554216867471,26.720722541422848
vlrag-e72e740fa6,HybridGraph_minus_DenseGraph,Nếu tôi muốn tra cứu văn bản nào quy định cụ thể về việc xếp phụ cấp cho kế toán trưởng để đảm bảo quyền lợi khi làm việc tại đơn vị nhà nước thì nên dựa vào đâu?,citation,extractive,True,0.0,0.0,0.0,0.0,0.0,0.0,-0.031219512195121903,-0.0556097560975609,26.83311477542492
vlrag-e72f518cd5,DenseGraph_minus_DenseOnly,"Chúng tôi đang xử lý hồ sơ liên quan đến điện lực, có người dân hỏi liệu quy hoạch phát triển điện lực tỉnh Quảng Nam giai đoạn 2011 - 2015, xét đến năm 2020 có được xây dựng dựa trên Luật Điện lực hay không, thông tin này có chính xác không?",citation,boolean,True,0.0,0.0,0.0,0.0,0.0,0.0,0.027027027027027,0.027027027027027,1.1038790230002178
vlrag-e72f518cd5,HybridGraph_minus_HybridOnly,"Chúng tôi đang xử lý hồ sơ liên quan đến điện lực, có người dân hỏi liệu quy hoạch phát triển điện lực tỉnh Quảng Nam giai đoạn 2011 - 2015, xét đến năm 2020 có được xây dựng dựa trên Luật Điện lực hay không, thông tin này có chính xác không?",citation,boolean,True,0.0,0.0,0.0,0.0,0.0,0.0,0.0,0.0,-0.6506467569979613
vlrag-e72f518cd5,HybridOnly_minus_DenseOnly,"Chúng tôi đang xử lý hồ sơ liên quan đến điện lực, có người dân hỏi liệu quy hoạch phát triển điện lực tỉnh Quảng Nam giai đoạn 2011 - 2015, xét đến năm 2020 có được xây dựng dựa trên Luật Điện lực hay không, thông tin này có chính xác không?",citation,boolean,True,0.0,0.0,0.0,0.0,0.0,0.0,0.0,0.0,25.029278813422884
vlrag-e72f518cd5,HybridGraph_minus_DenseGraph,"Chúng tôi đang xử lý hồ sơ liên quan đến điện lực, có người dân hỏi liệu quy hoạch phát triển điện lực tỉnh Quảng Nam giai đoạn 2011 - 2015, xét đến năm 2020 có được xây dựng dựa trên Luật Điện lực hay không, thông tin này có chính xác không?",citation,boolean,True,0.0,0.0,0.0,0.0,0.0,0.0,-0.027027027027027,-0.027027027027027,23.274753033424705
vlrag-e7afad3312,DenseGraph_minus_DenseOnly,Có được quy định mức phí cụ thể để thành lập câu lạc bộ trợ giúp pháp lý trong điều lệ không?,single_hop,unanswerable,False,0.0,0.0,0.0,0.0,0.0,0.0,0.0,0.0,-0.5687708179998481
vlrag-e7afad3312,HybridGraph_minus_HybridOnly,Có được quy định mức phí cụ thể để thành lập câu lạc bộ trợ giúp pháp lý trong điều lệ không?,single_hop,unanswerable,False,0.0,0.0,0.0,0.0,0.0,0.0,-0.5274122807017544,-0.5482456140350878,1.3529708069982007
vlrag-e7afad3312,HybridOnly_minus_DenseOnly,Có được quy định mức phí cụ thể để thành lập câu lạc bộ trợ giúp pháp lý trong điều lệ không?,single_hop,unanswerable,False,0.0,0.0,0.0,0.0,0.0,0.0,0.0,0.0,26.984829144424285
vlrag-e7afad3312,HybridGraph_minus_DenseGraph,Có được quy định mức phí cụ thể để thành lập câu lạc bộ trợ giúp pháp lý trong điều lệ không?,single_hop,unanswerable,False,0.0,0.0,0.0,0.0,0.0,0.0,-0.5274122807017544,-0.5482456140350878,28.906570769422334
vlrag-e947654fdc,DenseGraph_minus_DenseOnly,Có được áp dụng các quy định cũ về bộ phận tiếp nhận kết quả tại xã từ trước năm 2016 để giải quyết hồ sơ hiện tại của doanh nghiệp tôi không?,multi_hop,boolean,True,0.0,0.0,0.0,0.0,0.0,0.0,0.0,0.0,3.1177229690001695
vlrag-e947654fdc,HybridGraph_minus_HybridOnly,Có được áp dụng các quy định cũ về bộ phận tiếp nhận kết quả tại xã từ trước năm 2016 để giải quyết hồ sơ hiện tại của doanh nghiệp tôi không?,multi_hop,boolean,True,0.0,0.0,0.0,0.0,0.0,0.0,0.0,0.0,0.7352350940018368
vlrag-e947654fdc,HybridOnly_minus_DenseOnly,Có được áp dụng các quy định cũ về bộ phận tiếp nhận kết quả tại xã từ trước năm 2016 để giải quyết hồ sơ hiện tại của doanh nghiệp tôi không?,multi_hop,boolean,True,0.0,0.0,0.0,0.0,0.0,0.0,0.0,0.0,22.77373761942039
vlrag-e947654fdc,HybridGraph_minus_DenseGraph,Có được áp dụng các quy định cũ về bộ phận tiếp nhận kết quả tại xã từ trước năm 2016 để giải quyết hồ sơ hiện tại của doanh nghiệp tôi không?,multi_hop,boolean,True,0.0,0.0,0.0,0.0,0.0,0.0,0.0,0.0,20.39124974442206
vlrag-e99b918799,DenseGraph_minus_DenseOnly,Có cần chuẩn bị thêm hồ sơ hay giấy tờ gì đặc biệt khi công ty tôi muốn tham gia hoạt động liên quan đến quy chuẩn kỹ thuật quốc gia về đường sắt mới không?,single_hop,unanswerable,False,0.0,0.0,0.0,0.0,0.0,0.0,0.0,0.0,1.2152275890002784
vlrag-e99b918799,HybridGraph_minus_HybridOnly,Có cần chuẩn bị thêm hồ sơ hay giấy tờ gì đặc biệt khi công ty tôi muốn tham gia hoạt động liên quan đến quy chuẩn kỹ thuật quốc gia về đường sắt mới không?,single_hop,unanswerable,False,0.0,0.0,0.0,0.0,0.0,0.0,-0.6012759170653907,-0.6012759170653907,2.4496837459992022
vlrag-e99b918799,HybridOnly_minus_DenseOnly,Có cần chuẩn bị thêm hồ sơ hay giấy tờ gì đặc biệt khi công ty tôi muốn tham gia hoạt động liên quan đến quy chuẩn kỹ thuật quốc gia về đường sắt mới không?,single_hop,unanswerable,False,0.0,0.0,0.0,0.0,0.0,0.0,0.0,0.0,26.95785967241654
vlrag-e99b918799,HybridGraph_minus_DenseGraph,Có cần chuẩn bị thêm hồ sơ hay giấy tờ gì đặc biệt khi công ty tôi muốn tham gia hoạt động liên quan đến quy chuẩn kỹ thuật quốc gia về đường sắt mới không?,single_hop,unanswerable,False,0.0,0.0,0.0,0.0,0.0,0.0,-0.6012759170653907,-0.6012759170653907,28.192315829415463
vlrag-e9cdb92a02,DenseGraph_minus_DenseOnly,"Trong trường hợp tôi là hộ kinh doanh đang muốn tìm hiểu về công tác phổ biến giáo dục pháp luật tại tỉnh Quảng Bình, tôi có thể căn cứ vào những văn bản nào để biết về tổ chức hội đồng thực hiện việc này?",single_hop,abstractive,True,0.0,0.0,0.0,0.0,0.0,0.0,-0.006682430348514401,-0.005654364141050694,-2.9403757430009136
vlrag-e9cdb92a02,HybridGraph_minus_HybridOnly,"Trong trường hợp tôi là hộ kinh doanh đang muốn tìm hiểu về công tác phổ biến giáo dục pháp luật tại tỉnh Quảng Bình, tôi có thể căn cứ vào những văn bản nào để biết về tổ chức hội đồng thực hiện việc này?",single_hop,abstractive,True,0.0,0.0,0.0,0.0,0.0,0.0,-0.0049697157943779935,-0.004141429828648291,0.1496428930004221
vlrag-e9cdb92a02,HybridOnly_minus_DenseOnly,"Trong trường hợp tôi là hộ kinh doanh đang muốn tìm hiểu về công tác phổ biến giáo dục pháp luật tại tỉnh Quảng Bình, tôi có thể căn cứ vào những văn bản nào để biết về tổ chức hội đồng thực hiện việc này?",single_hop,abstractive,True,0.0,0.0,0.0,0.0,0.0,0.0,-0.014598540145985411,-0.014598540145985384,22.760402970415896
vlrag-e9cdb92a02,HybridGraph_minus_DenseGraph,"Trong trường hợp tôi là hộ kinh doanh đang muốn tìm hiểu về công tác phổ biến giáo dục pháp luật tại tỉnh Quảng Bình, tôi có thể căn cứ vào những văn bản nào để biết về tổ chức hội đồng thực hiện việc này?",single_hop,abstractive,True,0.0,0.0,0.0,0.0,0.0,0.0,-0.012885825591849004,-0.01308560583358298,25.850421606417232
vlrag-eaac7bf0ef,DenseGraph_minus_DenseOnly,Chúng tôi muốn biết quy định về trình tự ban hành văn bản quy phạm pháp luật ở cấp tỉnh như thế nào?,single_hop,unanswerable,False,0.0,0.0,0.0,0.0,0.0,0.0,-0.008570376991429702,-0.0010515799989485007,-0.07236265999972602
vlrag-eaac7bf0ef,HybridGraph_minus_HybridOnly,Chúng tôi muốn biết quy định về trình tự ban hành văn bản quy phạm pháp luật ở cấp tỉnh như thế nào?,single_hop,unanswerable,False,0.0,0.0,0.0,0.0,0.0,0.0,0.0098324331809998,0.010940312976042098,-1.8314566589997376
vlrag-eaac7bf0ef,HybridOnly_minus_DenseOnly,Chúng tôi muốn biết quy định về trình tự ban hành văn bản quy phạm pháp luật ở cấp tỉnh như thế nào?,single_hop,unanswerable,False,0.0,0.0,0.0,0.0,0.0,0.0,0.013588187335809396,-0.0029894012138781,26.640716714425878
vlrag-eaac7bf0ef,HybridGraph_minus_DenseGraph,Chúng tôi muốn biết quy định về trình tự ban hành văn bản quy phạm pháp luật ở cấp tỉnh như thế nào?,single_hop,unanswerable,False,0.0,0.0,0.0,0.0,0.0,0.0,0.031990997508238896,0.009002491761112499,24.881622715425866
vlrag-ed3adefd0a,DenseGraph_minus_DenseOnly,"Trong trường hợp tôi là chủ một cơ sở kinh doanh, tôi cần phải làm những thủ tục gì hoặc nộp hồ sơ ở đâu để được trang bị phương tiện phòng cháy chữa cháy cho lực lượng tại chỗ?",single_hop,unanswerable,False,0.0,0.0,0.0,0.0,0.0,0.0,-0.0014030612244897017,-0.0010522959183674012,-2.438164715000312
vlrag-ed3adefd0a,HybridGraph_minus_HybridOnly,"Trong trường hợp tôi là chủ một cơ sở kinh doanh, tôi cần phải làm những thủ tục gì hoặc nộp hồ sơ ở đâu để được trang bị phương tiện phòng cháy chữa cháy cho lực lượng tại chỗ?",single_hop,unanswerable,False,0.0,0.0,0.0,0.0,0.0,0.0,-0.003083914948871898,-0.0129849050478818,1.4618349259981187
vlrag-ed3adefd0a,HybridOnly_minus_DenseOnly,"Trong trường hợp tôi là chủ một cơ sở kinh doanh, tôi cần phải làm những thủ tục gì hoặc nộp hồ sơ ở đâu để được trang bị phương tiện phòng cháy chữa cháy cho lực lượng tại chỗ?",single_hop,unanswerable,False,0.0,0.0,0.0,0.0,0.0,0.0,0.0001338240214118977,0.008297089327534299,20.460466394424373
vlrag-ed3adefd0a,HybridGraph_minus_DenseGraph,"Trong trường hợp tôi là chủ một cơ sở kinh doanh, tôi cần phải làm những thủ tục gì hoặc nộp hồ sơ ở đâu để được trang bị phương tiện phòng cháy chữa cháy cho lực lượng tại chỗ?",single_hop,unanswerable,False,0.0,0.0,0.0,0.0,0.0,0.0,-0.0015470297029702984,-0.0036355198019801006,24.360466035422803
vlrag-edb97585f2,DenseGraph_minus_DenseOnly,"Doanh nghiệp của tôi đang thực hiện dự án đầu tư từ vốn nhà nước tại Bình Thuận, khi bị yêu cầu đóng phí thẩm định kết quả đấu thầu, tôi muốn biết quy định này dựa trên văn bản pháp lý nào để kiểm tra tính hợp lệ?",citation,abstractive,True,0.0,0.0,0.0,0.0,0.0,0.0,0.1998742928975487,0.16530483972344442,0.6000426679997872
vlrag-edb97585f2,HybridGraph_minus_HybridOnly,"Doanh nghiệp của tôi đang thực hiện dự án đầu tư từ vốn nhà nước tại Bình Thuận, khi bị yêu cầu đóng phí thẩm định kết quả đấu thầu, tôi muốn biết quy định này dựa trên văn bản pháp lý nào để kiểm tra tính hợp lệ?",citation,abstractive,True,0.0,0.0,0.0,0.0,0.0,0.0,0.1404255319148936,0.11659574468085107,-1.8236130249988491
vlrag-edb97585f2,HybridOnly_minus_DenseOnly,"Doanh nghiệp của tôi đang thực hiện dự án đầu tư từ vốn nhà nước tại Bình Thuận, khi bị yêu cầu đóng phí thẩm định kết quả đấu thầu, tôi muốn biết quy định này dựa trên văn bản pháp lý nào để kiểm tra tính hợp lệ?",citation,abstractive,True,0.0,0.0,0.0,0.0,0.0,0.0,-0.03255813953488368,-0.026046511627906888,26.50193811842127
vlrag-edb97585f2,HybridGraph_minus_DenseGraph,"Doanh nghiệp của tôi đang thực hiện dự án đầu tư từ vốn nhà nước tại Bình Thuận, khi bị yêu cầu đóng phí thẩm định kết quả đấu thầu, tôi muốn biết quy định này dựa trên văn bản pháp lý nào để kiểm tra tính hợp lệ?",citation,abstractive,True,0.0,0.0,0.0,0.0,0.0,0.0,-0.09200690051753879,-0.07475560667050024,24.078282425422632
vlrag-ee91a405f3,DenseGraph_minus_DenseOnly,"Doanh nghiệp của tôi dự định đầu tư xây dựng một công trình hạ tầng kỹ thuật tại quận Long Biên, vậy căn cứ vào quy hoạch đã được duyệt thì công trình này có được phép xây dựng không?",single_hop,unanswerable,False,0.0,0.0,0.0,0.0,0.0,0.0,0.5923632610939112,0.5923632610939112,-1.2455584559997979
vlrag-ee91a405f3,HybridGraph_minus_HybridOnly,"Doanh nghiệp của tôi dự định đầu tư xây dựng một công trình hạ tầng kỹ thuật tại quận Long Biên, vậy căn cứ vào quy hoạch đã được duyệt thì công trình này có được phép xây dựng không?",single_hop,unanswerable,False,0.0,0.0,0.0,0.0,0.0,0.0,0.5871345029239766,0.5871345029239766,-0.1598139590005303
vlrag-ee91a405f3,HybridOnly_minus_DenseOnly,"Doanh nghiệp của tôi dự định đầu tư xây dựng một công trình hạ tầng kỹ thuật tại quận Long Biên, vậy căn cứ vào quy hoạch đã được duyệt thì công trình này có được phép xây dựng không?",single_hop,unanswerable,False,0.0,0.0,0.0,0.0,0.0,0.0,0.005228758169934594,0.005228758169934594,26.042159862422242
vlrag-ee91a405f3,HybridGraph_minus_DenseGraph,"Doanh nghiệp của tôi dự định đầu tư xây dựng một công trình hạ tầng kỹ thuật tại quận Long Biên, vậy căn cứ vào quy hoạch đã được duyệt thì công trình này có được phép xây dựng không?",single_hop,unanswerable,False,0.0,0.0,0.0,0.0,0.0,0.0,0.0,0.0,27.12790435942151
vlrag-eeba34783b,DenseGraph_minus_DenseOnly,"Gia đình tôi nghe nói có quy định mới về quản lý máy ATM thay thế cho thông tư cũ năm 2012, không biết văn bản đó có đúng là Thông tư 44/2018/TT-NHNN không?",citation,abstractive,True,0.0,0.0,0.0,0.0,0.0,0.0,0.015086206896551713,0.015086206896551713,-0.11776585100051307
vlrag-eeba34783b,HybridGraph_minus_HybridOnly,"Gia đình tôi nghe nói có quy định mới về quản lý máy ATM thay thế cho thông tư cũ năm 2012, không biết văn bản đó có đúng là Thông tư 44/2018/TT-NHNN không?",citation,abstractive,True,-1.0,-1.0,-0.1111111111111111,-0.3010299956639812,-0.1,0.0,0.011952546606011971,0.029970564624030138,-1.192911362999439
vlrag-eeba34783b,HybridOnly_minus_DenseOnly,"Gia đình tôi nghe nói có quy định mới về quản lý máy ATM thay thế cho thông tư cũ năm 2012, không biết văn bản đó có đúng là Thông tư 44/2018/TT-NHNN không?",citation,abstractive,True,0.0,0.0,-0.1388888888888889,-0.1296465624094118,0.0,0.0,0.21497359428393903,0.19695557626592086,27.11065058441972
vlrag-eeba34783b,HybridGraph_minus_DenseGraph,"Gia đình tôi nghe nói có quy định mới về quản lý máy ATM thay thế cho thông tư cũ năm 2012, không biết văn bản đó có đúng là Thông tư 44/2018/TT-NHNN không?",citation,abstractive,True,-1.0,-1.0,-0.25,-0.430676558073393,-0.1,0.0,0.2118399339933993,0.2118399339933993,26.035505072420793
vlrag-eefd8dad96,DenseGraph_minus_DenseOnly,"Sắp tới tôi dự định đăng ký để cơ quan thanh toán cước điện thoại di động phục vụ công việc cho một số nhân viên không thuộc diện lãnh đạo, không biết việc này có được cho phép hay có quy định nào cấm không?",single_hop,boolean,True,0.0,0.0,0.0,0.0,0.0,0.0,0.0,0.0,-5.250985633000255
vlrag-eefd8dad96,HybridGraph_minus_HybridOnly,"Sắp tới tôi dự định đăng ký để cơ quan thanh toán cước điện thoại di động phục vụ công việc cho một số nhân viên không thuộc diện lãnh đạo, không biết việc này có được cho phép hay có quy định nào cấm không?",single_hop,boolean,True,0.0,0.0,0.0,0.0,0.0,0.0,-0.1523809523809524,-0.1523809523809524,0.16852166999887785
vlrag-eefd8dad96,HybridOnly_minus_DenseOnly,"Sắp tới tôi dự định đăng ký để cơ quan thanh toán cước điện thoại di động phục vụ công việc cho một số nhân viên không thuộc diện lãnh đạo, không biết việc này có được cho phép hay có quy định nào cấm không?",single_hop,boolean,True,0.0,0.0,0.0,0.0,0.0,0.0,0.0,0.0,22.06134876042342
vlrag-eefd8dad96,HybridGraph_minus_DenseGraph,"Sắp tới tôi dự định đăng ký để cơ quan thanh toán cước điện thoại di động phục vụ công việc cho một số nhân viên không thuộc diện lãnh đạo, không biết việc này có được cho phép hay có quy định nào cấm không?",single_hop,boolean,True,0.0,0.0,0.0,0.0,0.0,0.0,-0.1523809523809524,-0.1523809523809524,27.480856063422554
vlrag-f05483a0d4,DenseGraph_minus_DenseOnly,"Sắp tới tôi dự định kinh doanh vé xổ số bóc, tôi cần lưu ý gì về thời hạn lưu hành vé của mỗi đợt phát hành để tránh vi phạm?",single_hop,extractive,True,0.0,0.0,0.0,0.0,0.0,0.0,0.04603481624758221,0.000386847195357809,-0.8698597220000011
vlrag-f05483a0d4,HybridGraph_minus_HybridOnly,"Sắp tới tôi dự định kinh doanh vé xổ số bóc, tôi cần lưu ý gì về thời hạn lưu hành vé của mỗi đợt phát hành để tránh vi phạm?",single_hop,extractive,True,0.0,0.0,0.0,0.0,0.0,0.0,0.31222740261693493,0.3489246503233569,-0.2133988410023413
vlrag-f05483a0d4,HybridOnly_minus_DenseOnly,"Sắp tới tôi dự định kinh doanh vé xổ số bóc, tôi cần lưu ý gì về thời hạn lưu hành vé của mỗi đợt phát hành để tránh vi phạm?",single_hop,extractive,True,1.0,1.0,0.25,0.430676558073393,0.1,0.0,0.0013344453711426063,-0.01718098415346128,25.842050113422545
vlrag-f05483a0d4,HybridGraph_minus_DenseGraph,"Sắp tới tôi dự định kinh doanh vé xổ số bóc, tôi cần lưu ý gì về thời hạn lưu hành vé của mỗi đợt phát hành để tránh vi phạm?",single_hop,extractive,True,1.0,1.0,0.25,0.430676558073393,0.1,0.0,0.2675270317404953,0.33135681897453784,26.498510994420204
vlrag-f090f905b0,DenseGraph_minus_DenseOnly,"Chúng tôi đang muốn tìm hiểu về cơ sở pháp lý để xác định liệu các quyết định cũ về phụ cấp cho cán bộ tiếp nhận hồ sơ tại Lào Cai còn giá trị hay không, cơ quan có thể hướng dẫn giúp không?",citation,abstractive,True,0.0,0.0,0.0,0.0,0.0,0.0,-0.098639455782313,-0.108843537414966,-0.9891153950002263
vlrag-f090f905b0,HybridGraph_minus_HybridOnly,"Chúng tôi đang muốn tìm hiểu về cơ sở pháp lý để xác định liệu các quyết định cũ về phụ cấp cho cán bộ tiếp nhận hồ sơ tại Lào Cai còn giá trị hay không, cơ quan có thể hướng dẫn giúp không?",citation,abstractive,True,-1.0,-1.0,-0.3333333333333333,-0.5,-0.1,0.0,-0.016685001833516677,0.005683901723505691,-0.30727307800407644
vlrag-f090f905b0,HybridOnly_minus_DenseOnly,"Chúng tôi đang muốn tìm hiểu về cơ sở pháp lý để xác định liệu các quyết định cũ về phụ cấp cho cán bộ tiếp nhận hồ sơ tại Lào Cai còn giá trị hay không, cơ quan có thể hướng dẫn giúp không?",citation,abstractive,True,0.0,0.0,-0.16666666666666669,-0.13092975357145753,0.0,0.0,-0.007880379874722232,-0.0060618306728632,25.068830319421696
vlrag-f090f905b0,HybridGraph_minus_DenseGraph,"Chúng tôi đang muốn tìm hiểu về cơ sở pháp lý để xác định liệu các quyết định cũ về phụ cấp cho cán bộ tiếp nhận hồ sơ tại Lào Cai còn giá trị hay không, cơ quan có thể hướng dẫn giúp không?",citation,abstractive,True,-1.0,-1.0,-0.5,-0.6309297535714575,-0.1,0.0,0.0740740740740741,0.10846560846560849,25.750672636417846
vlrag-f0cb281638,DenseGraph_minus_DenseOnly,"Tôi bị chó cắn thì có được tự ý mua thuốc hoặc đến các thầy lang, cơ sở thuốc nam để lấy nọc không?",single_hop,boolean,True,0.0,0.0,0.0,0.0,0.0,0.0,-0.0021116138763197997,-0.0021116138763197997,0.16327577000038218
vlrag-f0cb281638,HybridGraph_minus_HybridOnly,"Tôi bị chó cắn thì có được tự ý mua thuốc hoặc đến các thầy lang, cơ sở thuốc nam để lấy nọc không?",single_hop,boolean,True,0.0,0.0,0.0,0.0,0.0,0.0,-0.0012077294685991016,-0.0012077294685991016,-1.1222882209985983
vlrag-f0cb281638,HybridOnly_minus_DenseOnly,"Tôi bị chó cắn thì có được tự ý mua thuốc hoặc đến các thầy lang, cơ sở thuốc nam để lấy nọc không?",single_hop,boolean,True,0.0,0.0,0.6666666666666667,0.5,0.0,0.0,0.003344481605351203,0.003344481605351203,25.60441717642124
vlrag-f0cb281638,HybridGraph_minus_DenseGraph,"Tôi bị chó cắn thì có được tự ý mua thuốc hoặc đến các thầy lang, cơ sở thuốc nam để lấy nọc không?",single_hop,boolean,True,0.0,0.0,0.6666666666666667,0.5,0.0,0.0,0.004248366013071901,0.004248366013071901,24.31885318542226
vlrag-f0d0601ecb,DenseGraph_minus_DenseOnly,Có được xem danh mục cụ thể các văn bản mà tỉnh đã bãi bỏ theo Quyết định 14/QĐ-UBND không và tôi cần tra cứu ở đâu?,single_hop,abstractive,True,0.0,0.0,0.0,0.0,0.0,0.0,0.0,0.0,-0.608462397999574
vlrag-f0d0601ecb,HybridGraph_minus_HybridOnly,Có được xem danh mục cụ thể các văn bản mà tỉnh đã bãi bỏ theo Quyết định 14/QĐ-UBND không và tôi cần tra cứu ở đâu?,single_hop,abstractive,True,0.0,0.0,0.0,0.0,0.0,0.0,0.0,0.0,-0.11055625500011956
vlrag-f0d0601ecb,HybridOnly_minus_DenseOnly,Có được xem danh mục cụ thể các văn bản mà tỉnh đã bãi bỏ theo Quyết định 14/QĐ-UBND không và tôi cần tra cứu ở đâu?,single_hop,abstractive,True,0.0,0.0,0.0,0.0,0.0,0.0,0.0,0.0,26.978912642426337
vlrag-f0d0601ecb,HybridGraph_minus_DenseGraph,Có được xem danh mục cụ thể các văn bản mà tỉnh đã bãi bỏ theo Quyết định 14/QĐ-UBND không và tôi cần tra cứu ở đâu?,single_hop,abstractive,True,0.0,0.0,0.0,0.0,0.0,0.0,0.0,0.0,27.47681878542579
vlrag-f105e23e4e,DenseGraph_minus_DenseOnly,Làm sao để tôi biết các lệ phí phải nộp khi làm thủ tục liên quan đến lĩnh vực thông tin và truyền thông tại tỉnh?,single_hop,unanswerable,False,0.0,0.0,0.0,0.0,0.0,0.0,-0.003674540682414698,-0.019422572178477697,0.778074566000214
vlrag-f105e23e4e,HybridGraph_minus_HybridOnly,Làm sao để tôi biết các lệ phí phải nộp khi làm thủ tục liên quan đến lĩnh vực thông tin và truyền thông tại tỉnh?,single_hop,unanswerable,False,0.0,0.0,0.0,0.0,0.0,0.0,0.5718774548311076,0.586802827965436,-2.2550437580011895
vlrag-f105e23e4e,HybridOnly_minus_DenseOnly,Làm sao để tôi biết các lệ phí phải nộp khi làm thủ tục liên quan đến lĩnh vực thông tin và truyền thông tại tỉnh?,single_hop,unanswerable,False,0.0,0.0,0.0,0.0,0.0,0.0,-0.006965174129353199,-0.021890547263681594,26.87825599841898
vlrag-f105e23e4e,HybridGraph_minus_DenseGraph,Làm sao để tôi biết các lệ phí phải nộp khi làm thủ tục liên quan đến lĩnh vực thông tin và truyền thông tại tỉnh?,single_hop,unanswerable,False,0.0,0.0,0.0,0.0,0.0,0.0,0.5685868213841692,0.5843348528802321,23.845137674417575
vlrag-f16e0355a0,DenseGraph_minus_DenseOnly,"Chúng tôi đang xử lý một vụ vi phạm lấn chiếm hành lang kè bờ biển tại Phan Thiết, xin cho biết văn bản nào quy định về phạm vi bảo vệ các công trình kè này trên địa bàn tỉnh Bình Thuận?",citation,extractive,True,0.0,0.0,0.0,0.0,0.0,0.0,-0.004729729729729626,-0.0608108108108108,-4.619631601000037
vlrag-f16e0355a0,HybridGraph_minus_HybridOnly,"Chúng tôi đang xử lý một vụ vi phạm lấn chiếm hành lang kè bờ biển tại Phan Thiết, xin cho biết văn bản nào quy định về phạm vi bảo vệ các công trình kè này trên địa bàn tỉnh Bình Thuận?",citation,extractive,True,0.0,0.0,0.0,0.0,0.0,0.0,-0.11283783783783782,-0.08783783783783791,-0.03338921199974365
vlrag-f16e0355a0,HybridOnly_minus_DenseOnly,"Chúng tôi đang xử lý một vụ vi phạm lấn chiếm hành lang kè bờ biển tại Phan Thiết, xin cho biết văn bản nào quy định về phạm vi bảo vệ các công trình kè này trên địa bàn tỉnh Bình Thuận?",citation,extractive,True,-1.0,-1.0,-0.25,-0.430676558073393,-0.1,0.0,0.0,0.0,21.81219279742226
vlrag-f16e0355a0,HybridGraph_minus_DenseGraph,"Chúng tôi đang xử lý một vụ vi phạm lấn chiếm hành lang kè bờ biển tại Phan Thiết, xin cho biết văn bản nào quy định về phạm vi bảo vệ các công trình kè này trên địa bàn tỉnh Bình Thuận?",citation,extractive,True,-1.0,-1.0,-0.25,-0.430676558073393,-0.1,0.0,-0.1081081081081082,-0.027027027027027112,26.398435186422553
vlrag-f24f87d9e1,DenseGraph_minus_DenseOnly,"Công ty tôi sắp mở một cơ sở kinh doanh tại An Giang, tôi muốn biết quy định về vành đai biên giới của tỉnh có áp dụng cho doanh nghiệp của tôi không?",single_hop,boolean,True,0.0,0.0,0.0,0.0,0.0,0.0,0.1666666666666666,0.1666666666666666,-2.2454983420002463
vlrag-f24f87d9e1,HybridGraph_minus_HybridOnly,"Công ty tôi sắp mở một cơ sở kinh doanh tại An Giang, tôi muốn biết quy định về vành đai biên giới của tỉnh có áp dụng cho doanh nghiệp của tôi không?",single_hop,boolean,True,0.0,0.0,0.0,0.0,0.0,0.0,-0.1666666666666666,-0.1666666666666666,1.206569566998951
vlrag-f24f87d9e1,HybridOnly_minus_DenseOnly,"Công ty tôi sắp mở một cơ sở kinh doanh tại An Giang, tôi muốn biết quy định về vành đai biên giới của tỉnh có áp dụng cho doanh nghiệp của tôi không?",single_hop,boolean,True,0.0,0.0,0.0,0.0,0.0,0.0,0.1666666666666666,0.1666666666666666,25.80164689742441
vlrag-f24f87d9e1,HybridGraph_minus_DenseGraph,"Công ty tôi sắp mở một cơ sở kinh doanh tại An Giang, tôi muốn biết quy định về vành đai biên giới của tỉnh có áp dụng cho doanh nghiệp của tôi không?",single_hop,boolean,True,0.0,0.0,0.0,0.0,0.0,0.0,-0.1666666666666666,-0.1666666666666666,29.253714806423606
vlrag-f2d9d6a132,DenseGraph_minus_DenseOnly,Có cần chuẩn bị ngân sách từ nguồn nào để thực hiện chương trình xúc tiến thương mại thị trường trong nước năm 2009 không?,single_hop,abstractive,True,0.0,0.0,0.0,0.0,0.0,0.0,0.0,0.0,-1.4194144550006058
vlrag-f2d9d6a132,HybridGraph_minus_HybridOnly,Có cần chuẩn bị ngân sách từ nguồn nào để thực hiện chương trình xúc tiến thương mại thị trường trong nước năm 2009 không?,single_hop,abstractive,True,0.0,0.0,0.0,0.0,0.0,0.0,0.16412821095703567,-0.028642873380313683,-0.056430147997158286
vlrag-f2d9d6a132,HybridOnly_minus_DenseOnly,Có cần chuẩn bị ngân sách từ nguồn nào để thực hiện chương trình xúc tiến thương mại thị trường trong nước năm 2009 không?,single_hop,abstractive,True,0.0,0.0,0.0,0.0,0.0,0.0,-0.10727157091371631,0.09497562009751959,24.872196296418394
vlrag-f2d9d6a132,HybridGraph_minus_DenseGraph,Có cần chuẩn bị ngân sách từ nguồn nào để thực hiện chương trình xúc tiến thương mại thị trường trong nước năm 2009 không?,single_hop,abstractive,True,0.0,0.0,0.0,0.0,0.0,0.0,0.05685664004331936,0.0663327467172059,26.235180603421842
vlrag-f2e9a6882e,DenseGraph_minus_DenseOnly,Doanh nghiệp của tôi muốn biết văn bản nào quy định cụ thể việc thành lập xã Đak Năng để tôi nộp hồ sơ xin phép đầu tư tại địa bàn này?,citation,extractive,True,0.0,0.0,0.0,0.0,0.0,0.0,0.0,0.0,0.4538734080006188
vlrag-f2e9a6882e,HybridGraph_minus_HybridOnly,Doanh nghiệp của tôi muốn biết văn bản nào quy định cụ thể việc thành lập xã Đak Năng để tôi nộp hồ sơ xin phép đầu tư tại địa bàn này?,citation,extractive,True,0.0,0.0,0.0,0.0,0.0,0.0,0.0,0.0,1.1544431500005885
vlrag-f2e9a6882e,HybridOnly_minus_DenseOnly,Doanh nghiệp của tôi muốn biết văn bản nào quy định cụ thể việc thành lập xã Đak Năng để tôi nộp hồ sơ xin phép đầu tư tại địa bàn này?,citation,extractive,True,0.0,0.0,0.0,0.0,0.0,0.0,0.0,0.0,25.00209241741931
vlrag-f2e9a6882e,HybridGraph_minus_DenseGraph,Doanh nghiệp của tôi muốn biết văn bản nào quy định cụ thể việc thành lập xã Đak Năng để tôi nộp hồ sơ xin phép đầu tư tại địa bàn này?,citation,extractive,True,0.0,0.0,0.0,0.0,0.0,0.0,0.0,0.0,25.70266215941928
vlrag-f34fa99201,DenseGraph_minus_DenseOnly,"Trong trường hợp cơ quan tôi đang thực hiện xử lý thông tin tại Đắk Lắk, tôi muốn biết hiện nay việc bảo vệ bí mật nhà nước trên địa bàn tỉnh đang được áp dụng theo quy định nào?",single_hop,abstractive,True,0.0,0.0,0.0,0.0,0.0,0.0,-0.0819902471278619,-0.09868584180510781,-2.1859768760000406
vlrag-f34fa99201,HybridGraph_minus_HybridOnly,"Trong trường hợp cơ quan tôi đang thực hiện xử lý thông tin tại Đắk Lắk, tôi muốn biết hiện nay việc bảo vệ bí mật nhà nước trên địa bàn tỉnh đang được áp dụng theo quy định nào?",single_hop,abstractive,True,0.0,0.0,0.0,0.0,0.0,0.0,0.10459777762991551,0.10898928737773639,-0.9157281159968989
vlrag-f34fa99201,HybridOnly_minus_DenseOnly,"Trong trường hợp cơ quan tôi đang thực hiện xử lý thông tin tại Đắk Lắk, tôi muốn biết hiện nay việc bảo vệ bí mật nhà nước trên địa bàn tỉnh đang được áp dụng theo quy định nào?",single_hop,abstractive,True,0.0,0.0,0.0,0.0,0.0,0.0,-0.15948127198730783,-0.1612747464992757,25.293563590420664
vlrag-f34fa99201,HybridGraph_minus_DenseGraph,"Trong trường hợp cơ quan tôi đang thực hiện xử lý thông tin tại Đắk Lắk, tôi muốn biết hiện nay việc bảo vệ bí mật nhà nước trên địa bàn tỉnh đang được áp dụng theo quy định nào?",single_hop,abstractive,True,0.0,0.0,0.0,0.0,0.0,0.0,0.02710675277046959,0.0464003826835685,26.563812350423806
vlrag-f3505f3840,DenseGraph_minus_DenseOnly,Doanh nghiệp của tôi muốn tìm hiểu về quy trình tiếp công dân tại tỉnh Hậu Giang thì có văn bản nào hướng dẫn cụ thể không?,single_hop,abstractive,True,0.0,0.0,0.0,0.0,0.0,0.0,0.003151260504201614,0.003151260504201614,-0.2428270780001185
vlrag-f3505f3840,HybridGraph_minus_HybridOnly,Doanh nghiệp của tôi muốn tìm hiểu về quy trình tiếp công dân tại tỉnh Hậu Giang thì có văn bản nào hướng dẫn cụ thể không?,single_hop,abstractive,True,0.0,0.0,0.0,0.0,0.0,0.0,0.010195412064570919,-0.04587935429056922,-0.617353407000337
vlrag-f3505f3840,HybridOnly_minus_DenseOnly,Doanh nghiệp của tôi muốn tìm hiểu về quy trình tiếp công dân tại tỉnh Hậu Giang thì có văn bản nào hướng dẫn cụ thể không?,single_hop,abstractive,True,0.0,0.0,0.0,0.0,0.0,0.0,0.027501909854851014,0.027501909854851014,27.224558123420085
vlrag-f3505f3840,HybridGraph_minus_DenseGraph,Doanh nghiệp của tôi muốn tìm hiểu về quy trình tiếp công dân tại tỉnh Hậu Giang thì có văn bản nào hướng dẫn cụ thể không?,single_hop,abstractive,True,0.0,0.0,0.0,0.0,0.0,0.0,0.03454606141522032,-0.021528704939919818,26.850031794419866
vlrag-f450f13b2f,DenseGraph_minus_DenseOnly,"Nếu ngân hàng của tôi tham gia vào hệ thống thanh toán điện tử liên ngân hàng, tôi muốn biết mình có quyền gì khi bị thiếu hụt vốn và liệu có phải thực hiện nghĩa vụ nào để tất toán khoản thiếu hụt đó vào cuối ngày không?",multi_hop,abstractive,True,0.0,0.0,0.0,0.0,0.0,0.0,-0.03140866102538578,-0.024340467894474888,-1.5384727549999297
vlrag-f450f13b2f,HybridGraph_minus_HybridOnly,"Nếu ngân hàng của tôi tham gia vào hệ thống thanh toán điện tử liên ngân hàng, tôi muốn biết mình có quyền gì khi bị thiếu hụt vốn và liệu có phải thực hiện nghĩa vụ nào để tất toán khoản thiếu hụt đó vào cuối ngày không?",multi_hop,abstractive,True,0.0,0.0,0.0,0.0,0.0,0.0,-0.024713958810068715,-0.006750572082379891,-0.5710111550015391
vlrag-f450f13b2f,HybridOnly_minus_DenseOnly,"Nếu ngân hàng của tôi tham gia vào hệ thống thanh toán điện tử liên ngân hàng, tôi muốn biết mình có quyền gì khi bị thiếu hụt vốn và liệu có phải thực hiện nghĩa vụ nào để tất toán khoản thiếu hụt đó vào cuối ngày không?",multi_hop,abstractive,True,0.0,0.0,0.0,0.0,0.0,0.0,0.03722721437740692,-0.010269576379974305,23.775788163425375
vlrag-f450f13b2f,HybridGraph_minus_DenseGraph,"Nếu ngân hàng của tôi tham gia vào hệ thống thanh toán điện tử liên ngân hàng, tôi muốn biết mình có quyền gì khi bị thiếu hụt vốn và liệu có phải thực hiện nghĩa vụ nào để tất toán khoản thiếu hụt đó vào cuối ngày không?",multi_hop,abstractive,True,0.0,0.0,0.0,0.0,0.0,0.0,0.043921916592723986,0.007320319432120692,24.743249763423766
vlrag-f5e24c138d,DenseGraph_minus_DenseOnly,Sắp tới tôi muốn biết mức quà mừng thọ cho người cao tuổi 70 tuổi ở Hậu Giang có thay đổi gì so với trước đây không?,legal_validity,extractive,True,0.0,0.0,0.0,0.0,0.0,0.0,-0.08118393234672311,-0.07610993657505277,0.3155711999988853
vlrag-f5e24c138d,HybridGraph_minus_HybridOnly,Sắp tới tôi muốn biết mức quà mừng thọ cho người cao tuổi 70 tuổi ở Hậu Giang có thay đổi gì so với trước đây không?,legal_validity,extractive,True,0.0,0.0,0.0,0.0,0.0,0.0,0.029024943310657525,0.027210884353741527,-1.2689552730007563
vlrag-f5e24c138d,HybridOnly_minus_DenseOnly,Sắp tới tôi muốn biết mức quà mừng thọ cho người cao tuổi 70 tuổi ở Hậu Giang có thay đổi gì so với trước đây không?,legal_validity,extractive,True,0.0,0.0,0.0,0.0,0.0,0.0,-0.045562411010916015,-0.04271476032273369,27.58613669042251
vlrag-f5e24c138d,HybridGraph_minus_DenseGraph,Sắp tới tôi muốn biết mức quà mừng thọ cho người cao tuổi 70 tuổi ở Hậu Giang có thay đổi gì so với trước đây không?,legal_validity,extractive,True,0.0,0.0,0.0,0.0,0.0,0.0,0.06464646464646462,0.06060606060606061,26.00161021742287
vlrag-f6a3bc5121,DenseGraph_minus_DenseOnly,Làm sao để biết được những cơ quan nào tại địa phương sẽ chịu trách nhiệm chính trong việc xử lý hồ sơ nuôi con nuôi có yếu tố nước ngoài để tôi liên hệ làm việc?,single_hop,extractive,True,0.0,0.0,0.0,0.0,0.0,0.0,0.01193366287402381,0.009827722366843206,-0.5623340489996727
vlrag-f6a3bc5121,HybridGraph_minus_HybridOnly,Làm sao để biết được những cơ quan nào tại địa phương sẽ chịu trách nhiệm chính trong việc xử lý hồ sơ nuôi con nuôi có yếu tố nước ngoài để tôi liên hệ làm việc?,single_hop,extractive,True,0.0,0.0,0.0,0.0,0.0,0.0,-0.013782827342149293,-0.013161979263674212,-0.3035990710013685
vlrag-f6a3bc5121,HybridOnly_minus_DenseOnly,Làm sao để biết được những cơ quan nào tại địa phương sẽ chịu trách nhiệm chính trong việc xử lý hồ sơ nuôi con nuôi có yếu tố nước ngoài để tôi liên hệ làm việc?,single_hop,extractive,True,0.0,0.0,0.0,0.0,0.0,0.0,-0.0763155559499512,-0.06750081344100328,25.7641585414205
vlrag-f6a3bc5121,HybridGraph_minus_DenseGraph,Làm sao để biết được những cơ quan nào tại địa phương sẽ chịu trách nhiệm chính trong việc xử lý hồ sơ nuôi con nuôi có yếu tố nước ngoài để tôi liên hệ làm việc?,single_hop,extractive,True,0.0,0.0,0.0,0.0,0.0,0.0,-0.1020320461661243,-0.0904905150715207,26.022893519418805
vlrag-f7744ab2c6,DenseGraph_minus_DenseOnly,"Nếu cơ quan của tôi muốn sử dụng kinh phí từ Quỹ Phòng, chống tội phạm tỉnh Long An thì cần phải lập dự toán như thế nào?",single_hop,abstractive,True,-1.0,-1.0,-0.1,-0.2890648263178879,-0.1,0.0,-0.49235277955856765,-0.4588332264859419,-2.9375148629997057
vlrag-f7744ab2c6,HybridGraph_minus_HybridOnly,"Nếu cơ quan của tôi muốn sử dụng kinh phí từ Quỹ Phòng, chống tội phạm tỉnh Long An thì cần phải lập dự toán như thế nào?",single_hop,abstractive,True,0.0,0.0,0.0,0.0,0.0,0.0,0.03872818551279,0.03693521396127181,0.2953398790013999
vlrag-f7744ab2c6,HybridOnly_minus_DenseOnly,"Nếu cơ quan của tôi muốn sử dụng kinh phí từ Quỹ Phòng, chống tội phạm tỉnh Long An thì cần phải lập dự toán như thế nào?",single_hop,abstractive,True,0.0,0.0,0.1,0.0977879809166537,0.0,0.0,-0.03577796267680977,-0.03417330322120521,24.308076238421965
vlrag-f7744ab2c6,HybridGraph_minus_DenseGraph,"Nếu cơ quan của tôi muốn sử dụng kinh phí từ Quỹ Phòng, chống tội phạm tỉnh Long An thì cần phải lập dự toán như thế nào?",single_hop,abstractive,True,1.0,1.0,0.2,0.3868528072345416,0.1,0.0,0.4953030023945479,0.4615951372260085,27.54093098042307
vlrag-f7798a271f,DenseGraph_minus_DenseOnly,Có được hưởng mức trợ cấp bằng nhau khi đối tượng là trẻ em mồ côi 10 tuổi và trẻ em dưới 18 tháng tuổi cùng đang ở tại Trung tâm Bảo trợ trẻ em Vũng Tàu không?,cross_document,boolean,True,-0.5,-1.0,-0.1,-0.1772392867840477,-0.1,0.0,-0.0095663265306122,-0.0095663265306122,-0.3927131370001007
vlrag-f7798a271f,HybridGraph_minus_HybridOnly,Có được hưởng mức trợ cấp bằng nhau khi đối tượng là trẻ em mồ côi 10 tuổi và trẻ em dưới 18 tháng tuổi cùng đang ở tại Trung tâm Bảo trợ trẻ em Vũng Tàu không?,cross_document,boolean,True,0.5,0.0,-0.08333333333333331,0.1759019630080258,0.1,0.0,0.0119202831067238,0.0119202831067238,-1.3210093160014331
vlrag-f7798a271f,HybridOnly_minus_DenseOnly,Có được hưởng mức trợ cấp bằng nhau khi đối tượng là trẻ em mồ côi 10 tuổi và trẻ em dưới 18 tháng tuổi cùng đang ở tại Trung tâm Bảo trợ trẻ em Vũng Tàu không?,cross_document,boolean,True,0.0,0.0,0.2333333333333333,0.12933430959868147,0.0,0.0,-0.0188383045525903,-0.0188383045525903,27.41947714542465
vlrag-f7798a271f,HybridGraph_minus_DenseGraph,Có được hưởng mức trợ cấp bằng nhau khi đối tượng là trẻ em mồ côi 10 tuổi và trẻ em dưới 18 tháng tuổi cùng đang ở tại Trung tâm Bảo trợ trẻ em Vũng Tàu không?,cross_document,boolean,True,1.0,1.0,0.25,0.482475559390755,0.2,0.0,0.0026483050847457,0.0026483050847457,26.491180966423318
vlrag-f791a2451c,DenseGraph_minus_DenseOnly,Có cần phải thực hiện thủ tục theo Quyết định 06/2008/QĐ-UBND của tỉnh Hậu Giang nữa không hay đã có quy định thay thế?,legal_validity,boolean,True,0.0,0.0,0.0,0.0,0.0,0.0,0.0,0.0,3.2700158559996453
vlrag-f791a2451c,HybridGraph_minus_HybridOnly,Có cần phải thực hiện thủ tục theo Quyết định 06/2008/QĐ-UBND của tỉnh Hậu Giang nữa không hay đã có quy định thay thế?,legal_validity,boolean,True,0.0,0.0,0.0,0.0,0.0,0.0,0.0,0.0,-1.4907169219986827
vlrag-f791a2451c,HybridOnly_minus_DenseOnly,Có cần phải thực hiện thủ tục theo Quyết định 06/2008/QĐ-UBND của tỉnh Hậu Giang nữa không hay đã có quy định thay thế?,legal_validity,boolean,True,0.0,0.0,0.0,0.0,0.0,0.0,0.0,0.0,27.12155833042215
vlrag-f791a2451c,HybridGraph_minus_DenseGraph,Có cần phải thực hiện thủ tục theo Quyết định 06/2008/QĐ-UBND của tỉnh Hậu Giang nữa không hay đã có quy định thay thế?,legal_validity,boolean,True,0.0,0.0,0.0,0.0,0.0,0.0,0.0,0.0,22.360825552423822
vlrag-f7c387bbce,DenseGraph_minus_DenseOnly,"Sắp tới tôi muốn thành lập một cơ sở giáo dục ngoài công lập tại Cà Mau, tôi cần trích dẫn văn bản nào của tỉnh để đảm bảo quyền lợi được hưởng chính sách khuyến khích xã hội hóa?",citation,abstractive,True,0.0,0.0,0.0,0.0,0.0,0.0,-0.09708063021316032,-0.043790546802595004,4.759627490999719
vlrag-f7c387bbce,HybridGraph_minus_HybridOnly,"Sắp tới tôi muốn thành lập một cơ sở giáo dục ngoài công lập tại Cà Mau, tôi cần trích dẫn văn bản nào của tỉnh để đảm bảo quyền lợi được hưởng chính sách khuyến khích xã hội hóa?",citation,abstractive,True,0.0,0.0,0.0,0.0,0.0,0.0,-0.2417582417582418,-0.1978021978021977,-1.6277684200013027
vlrag-f7c387bbce,HybridOnly_minus_DenseOnly,"Sắp tới tôi muốn thành lập một cơ sở giáo dục ngoài công lập tại Cà Mau, tôi cần trích dẫn văn bản nào của tỉnh để đảm bảo quyền lợi được hưởng chính sách khuyến khích xã hội hóa?",citation,abstractive,True,-1.0,-1.0,-0.2,-0.3868528072345416,-0.1,0.0,-0.14378392691645703,-0.019065272077320394,27.87938072742526
vlrag-f7c387bbce,HybridGraph_minus_DenseGraph,"Sắp tới tôi muốn thành lập một cơ sở giáo dục ngoài công lập tại Cà Mau, tôi cần trích dẫn văn bản nào của tỉnh để đảm bảo quyền lợi được hưởng chính sách khuyến khích xã hội hóa?",citation,abstractive,True,-1.0,-1.0,-0.2,-0.3868528072345416,-0.1,0.0,-0.2884615384615385,-0.1730769230769231,21.49198481642424
vlrag-f7d4ac3d1f,DenseGraph_minus_DenseOnly,Có được hỗ trợ kinh phí để xây dựng nhà xưởng và hệ thống xử lý chất thải khi tôi tham gia dự án trồng dược liệu quý không?,single_hop,boolean,True,0.0,0.0,0.0,0.0,0.0,0.0,0.0227272727272727,0.0227272727272727,-0.5735757649999869
vlrag-f7d4ac3d1f,HybridGraph_minus_HybridOnly,Có được hỗ trợ kinh phí để xây dựng nhà xưởng và hệ thống xử lý chất thải khi tôi tham gia dự án trồng dược liệu quý không?,single_hop,boolean,True,0.5,0.0,0.0,0.2184074368181641,0.1,0.0,-0.0227272727272727,-0.0227272727272727,-0.6253444849971821
vlrag-f7d4ac3d1f,HybridOnly_minus_DenseOnly,Có được hỗ trợ kinh phí để xây dựng nhà xưởng và hệ thống xử lý chất thải khi tôi tham gia dự án trồng dược liệu quý không?,single_hop,boolean,True,0.5,1.0,0.2,0.2371977127692962,0.1,0.0,0.0227272727272727,0.0227272727272727,23.129288566423558
vlrag-f7d4ac3d1f,HybridGraph_minus_DenseGraph,Có được hỗ trợ kinh phí để xây dựng nhà xưởng và hệ thống xử lý chất thải khi tôi tham gia dự án trồng dược liệu quý không?,single_hop,boolean,True,1.0,1.0,0.2,0.4556051495874603,0.2,0.0,-0.0227272727272727,-0.0227272727272727,23.077519846426362
vlrag-f80158b10d,DenseGraph_minus_DenseOnly,"Gia đình tôi mới mua một chiếc tàu nhỏ để chạy dịch vụ, ngoài việc đưa tàu đi đăng kiểm theo quy định, tôi còn phải chú ý gì nữa để biết tàu của mình có thuộc diện bắt buộc phải đăng kiểm hay không?",multi_hop,abstractive,True,0.0,0.0,0.0,0.0,0.0,0.0,0.057142857142857106,0.02857142857142861,-0.2843368579997332
vlrag-f80158b10d,HybridGraph_minus_HybridOnly,"Gia đình tôi mới mua một chiếc tàu nhỏ để chạy dịch vụ, ngoài việc đưa tàu đi đăng kiểm theo quy định, tôi còn phải chú ý gì nữa để biết tàu của mình có thuộc diện bắt buộc phải đăng kiểm hay không?",multi_hop,abstractive,True,0.0,0.0,0.0,0.0,0.0,0.0,-0.0431034482758621,-0.04741379310344829,-0.018479773001672584
vlrag-f80158b10d,HybridOnly_minus_DenseOnly,"Gia đình tôi mới mua một chiếc tàu nhỏ để chạy dịch vụ, ngoài việc đưa tàu đi đăng kiểm theo quy định, tôi còn phải chú ý gì nữa để biết tàu của mình có thuộc diện bắt buộc phải đăng kiểm hay không?",multi_hop,abstractive,True,0.0,0.0,0.0,0.0,0.0,0.0,0.0785714285714286,0.07976190476190478,25.54922127341951
vlrag-f80158b10d,HybridGraph_minus_DenseGraph,"Gia đình tôi mới mua một chiếc tàu nhỏ để chạy dịch vụ, ngoài việc đưa tàu đi đăng kiểm theo quy định, tôi còn phải chú ý gì nữa để biết tàu của mình có thuộc diện bắt buộc phải đăng kiểm hay không?",multi_hop,abstractive,True,0.0,0.0,0.0,0.0,0.0,0.0,-0.02167487684729061,0.003776683087027888,25.81507835841757
vlrag-f875f5877f,DenseGraph_minus_DenseOnly,"Trong trường hợp tôi muốn tìm hiểu về các đề án bảo vệ trẻ em có hoàn cảnh đặc biệt mà tỉnh đang áp dụng để kiến nghị, tôi nên dựa vào văn bản nào?",citation,abstractive,True,0.0,0.0,0.0,0.0,0.0,0.0,0.005102040816326592,0.004676870748299311,-1.9094441269999152
vlrag-f875f5877f,HybridGraph_minus_HybridOnly,"Trong trường hợp tôi muốn tìm hiểu về các đề án bảo vệ trẻ em có hoàn cảnh đặc biệt mà tỉnh đang áp dụng để kiến nghị, tôi nên dựa vào văn bản nào?",citation,abstractive,True,0.0,0.0,0.0,0.0,0.0,0.0,0.007548526240115039,0.007009345794392607,1.358117436000608
vlrag-f875f5877f,HybridOnly_minus_DenseOnly,"Trong trường hợp tôi muốn tìm hiểu về các đề án bảo vệ trẻ em có hoàn cảnh đặc biệt mà tỉnh đang áp dụng để kiến nghị, tôi nên dựa vào văn bản nào?",citation,abstractive,True,0.0,0.0,0.0,0.0,0.0,0.0,0.01678428380698077,0.0185008582872401,25.957367938426334
vlrag-f875f5877f,HybridGraph_minus_DenseGraph,"Trong trường hợp tôi muốn tìm hiểu về các đề án bảo vệ trẻ em có hoàn cảnh đặc biệt mà tỉnh đang áp dụng để kiến nghị, tôi nên dựa vào văn bản nào?",citation,abstractive,True,0.0,0.0,0.0,0.0,0.0,0.0,0.019230769230769218,0.020833333333333398,29.224929501426857
vlrag-f8a2a0c7f1,DenseGraph_minus_DenseOnly,"Sắp tới tôi muốn biết về các quyền lợi đơn giản hóa thủ tục hành chính của doanh nghiệp theo giai đoạn 2007 - 2010, tôi có thể tìm thông tin này ở đâu?",single_hop,unanswerable,False,0.0,0.0,0.0,0.0,0.0,0.0,-0.0361117688846792,-0.0361117688846792,2.662758507000035
vlrag-f8a2a0c7f1,HybridGraph_minus_HybridOnly,"Sắp tới tôi muốn biết về các quyền lợi đơn giản hóa thủ tục hành chính của doanh nghiệp theo giai đoạn 2007 - 2010, tôi có thể tìm thông tin này ở đâu?",single_hop,unanswerable,False,0.0,0.0,0.0,0.0,0.0,0.0,-0.02627257799671591,-0.02627257799671591,0.19778505999965645
vlrag-f8a2a0c7f1,HybridOnly_minus_DenseOnly,"Sắp tới tôi muốn biết về các quyền lợi đơn giản hóa thủ tục hành chính của doanh nghiệp theo giai đoạn 2007 - 2010, tôi có thể tìm thông tin này ở đâu?",single_hop,unanswerable,False,0.0,0.0,0.0,0.0,0.0,0.0,-0.0018492834026814925,-0.0018492834026814925,25.39199721542281
vlrag-f8a2a0c7f1,HybridGraph_minus_DenseGraph,"Sắp tới tôi muốn biết về các quyền lợi đơn giản hóa thủ tục hành chính của doanh nghiệp theo giai đoạn 2007 - 2010, tôi có thể tìm thông tin này ở đâu?",single_hop,unanswerable,False,0.0,0.0,0.0,0.0,0.0,0.0,0.007989907485281798,0.007989907485281798,22.92702376842243
vlrag-f8c718e774,DenseGraph_minus_DenseOnly,Làm sao để tôi biết được những địa điểm nào đã được cơ quan chức năng công nhận là nơi sản xuất thực phẩm an toàn để tôi yên tâm lựa chọn mua thực phẩm?,single_hop,abstractive,True,0.0,0.0,0.0,0.0,0.0,0.0,0.015762925598991215,0.03368011769651111,-2.762622466000723
vlrag-f8c718e774,HybridGraph_minus_HybridOnly,Làm sao để tôi biết được những địa điểm nào đã được cơ quan chức năng công nhận là nơi sản xuất thực phẩm an toàn để tôi yên tâm lựa chọn mua thực phẩm?,single_hop,abstractive,True,0.0,0.0,0.0,0.0,0.0,0.0,0.011168164313222012,0.01835686777920409,-0.4744930790002364
vlrag-f8c718e774,HybridOnly_minus_DenseOnly,Làm sao để tôi biết được những địa điểm nào đã được cơ quan chức năng công nhận là nơi sản xuất thực phẩm an toàn để tôi yên tâm lựa chọn mua thực phẩm?,single_hop,abstractive,True,1.0,1.0,0.3333333333333333,0.5,0.1,0.0,0.0319838056680163,0.029251012145749003,20.2072941384219
vlrag-f8c718e774,HybridGraph_minus_DenseGraph,Làm sao để tôi biết được những địa điểm nào đã được cơ quan chức năng công nhận là nơi sản xuất thực phẩm an toàn để tôi yên tâm lựa chọn mua thực phẩm?,single_hop,abstractive,True,1.0,1.0,0.3333333333333333,0.5,0.1,0.0,0.027389044382247096,0.013927762228441984,22.49542352542239
vlrag-f8c9099ac9,DenseGraph_minus_DenseOnly,"Có cần phải đóng lệ phí bao nhiêu để áp dụng chế độ kế toán hợp tác xã tiểu công nghiệp, thủ công nghiệp từ ngày 01 tháng 01 năm 1969 không?",single_hop,unanswerable,False,0.0,0.0,0.0,0.0,0.0,0.0,0.0,0.0,1.4895161859994919
vlrag-f8c9099ac9,HybridGraph_minus_HybridOnly,"Có cần phải đóng lệ phí bao nhiêu để áp dụng chế độ kế toán hợp tác xã tiểu công nghiệp, thủ công nghiệp từ ngày 01 tháng 01 năm 1969 không?",single_hop,unanswerable,False,0.0,0.0,0.0,0.0,0.0,0.0,0.0,0.0,-0.5175284559991269
vlrag-f8c9099ac9,HybridOnly_minus_DenseOnly,"Có cần phải đóng lệ phí bao nhiêu để áp dụng chế độ kế toán hợp tác xã tiểu công nghiệp, thủ công nghiệp từ ngày 01 tháng 01 năm 1969 không?",single_hop,unanswerable,False,0.0,0.0,0.0,0.0,0.0,0.0,0.0,0.0,26.854882625418387
vlrag-f8c9099ac9,HybridGraph_minus_DenseGraph,"Có cần phải đóng lệ phí bao nhiêu để áp dụng chế độ kế toán hợp tác xã tiểu công nghiệp, thủ công nghiệp từ ngày 01 tháng 01 năm 1969 không?",single_hop,unanswerable,False,0.0,0.0,0.0,0.0,0.0,0.0,0.0,0.0,24.84783798341977
vlrag-f91b7b0e1f,DenseGraph_minus_DenseOnly,"Sắp tới tôi cần hướng dẫn cơ quan tiếp khách về thủ tục báo cáo khi có khách nước ngoài đến đột xuất, tôi nên căn cứ vào quy định nào?",citation,abstractive,True,0.0,0.0,0.0,0.0,0.0,0.0,0.0305741983594333,0.025478498632861002,0.1356174219999957
vlrag-f91b7b0e1f,HybridGraph_minus_HybridOnly,"Sắp tới tôi cần hướng dẫn cơ quan tiếp khách về thủ tục báo cáo khi có khách nước ngoài đến đột xuất, tôi nên căn cứ vào quy định nào?",citation,abstractive,True,0.0,0.0,0.0,0.0,0.0,0.0,0.0015864621893178082,0.0013220518244315,0.13578392599446687
vlrag-f91b7b0e1f,HybridOnly_minus_DenseOnly,"Sắp tới tôi cần hướng dẫn cơ quan tiếp khách về thủ tục báo cáo khi có khách nước ngoài đến đột xuất, tôi nên căn cứ vào quy định nào?",citation,abstractive,True,0.0,0.0,0.0,0.0,0.0,0.0,0.01623728079670929,0.013531067330590993,26.271216644426836
vlrag-f91b7b0e1f,HybridGraph_minus_DenseGraph,"Sắp tới tôi cần hướng dẫn cơ quan tiếp khách về thủ tục báo cáo khi có khách nước ngoài đến đột xuất, tôi nên căn cứ vào quy định nào?",citation,abstractive,True,0.0,0.0,0.0,0.0,0.0,0.0,-0.012750455373406203,-0.010625379477838509,26.271383148421307
vlrag-f9e2c4890f,DenseGraph_minus_DenseOnly,"Tôi là chủ hộ gia đình đang muốn thực hiện thủ tục đất đai, không biết bảng giá các loại đất năm 2011 đã được thông qua chưa và ai là đơn vị chịu trách nhiệm tổ chức thực hiện?",multi_hop,abstractive,True,-0.3333333333333333,0.0,0.0,-0.15642624200758548,-0.1,0.0,0.015342465753424461,0.013881278538812825,-0.7838892939998914
vlrag-f9e2c4890f,HybridGraph_minus_HybridOnly,"Tôi là chủ hộ gia đình đang muốn thực hiện thủ tục đất đai, không biết bảng giá các loại đất năm 2011 đã được thông qua chưa và ai là đơn vị chịu trách nhiệm tổ chức thực hiện?",multi_hop,abstractive,True,0.0,0.0,0.0,0.0,0.0,0.0,0.007774898185856971,0.007034431691965937,0.06147655099994154
vlrag-f9e2c4890f,HybridOnly_minus_DenseOnly,"Tôi là chủ hộ gia đình đang muốn thực hiện thủ tục đất đai, không biết bảng giá các loại đất năm 2011 đã được thông qua chưa và ai là đơn vị chịu trách nhiệm tổ chức thực hiện?",multi_hop,abstractive,True,-0.3333333333333333,0.0,-0.16666666666666669,-0.2178687899620725,-0.1,0.0,0.00756756756756749,0.006846846846846888,26.80865138142116
vlrag-f9e2c4890f,HybridGraph_minus_DenseGraph,"Tôi là chủ hộ gia đình đang muốn thực hiện thủ tục đất đai, không biết bảng giá các loại đất năm 2011 đã được thông qua chưa và ai là đơn vị chịu trách nhiệm tổ chức thực hiện?",multi_hop,abstractive,True,0.0,0.0,-0.16666666666666669,-0.06144254795448703,0.0,0.0,0.0,0.0,27.654017226420994
vlrag-fa41c69348,DenseGraph_minus_DenseOnly,"Có cần phải nộp lệ phí hay phí gì khi đăng ký đề tài, dự án cấp bộ trong lĩnh vực thủy sản giai đoạn 2008-2010 không?",single_hop,unanswerable,False,0.0,0.0,0.0,0.0,0.0,0.0,0.0,0.0,-3.9666154420001476
vlrag-fa41c69348,HybridGraph_minus_HybridOnly,"Có cần phải nộp lệ phí hay phí gì khi đăng ký đề tài, dự án cấp bộ trong lĩnh vực thủy sản giai đoạn 2008-2010 không?",single_hop,unanswerable,False,0.0,0.0,0.0,0.0,0.0,0.0,0.5303131245836109,0.5556295802798135,-0.4783182770006533
vlrag-fa41c69348,HybridOnly_minus_DenseOnly,"Có cần phải nộp lệ phí hay phí gì khi đăng ký đề tài, dự án cấp bộ trong lĩnh vực thủy sản giai đoạn 2008-2010 không?",single_hop,unanswerable,False,0.0,0.0,0.0,0.0,0.0,0.0,-0.5303131245836109,-0.5556295802798135,22.06279976342302
vlrag-fa41c69348,HybridGraph_minus_DenseGraph,"Có cần phải nộp lệ phí hay phí gì khi đăng ký đề tài, dự án cấp bộ trong lĩnh vực thủy sản giai đoạn 2008-2010 không?",single_hop,unanswerable,False,0.0,0.0,0.0,0.0,0.0,0.0,0.0,0.0,25.551096928422513
vlrag-fa4a423574,DenseGraph_minus_DenseOnly,Sắp tới tôi muốn làm thủ tục để cơ sở sản xuất rau sạch của gia đình được công nhận là cơ sở sản xuất thực phẩm an toàn thì cần liên hệ với cơ quan nào và thực hiện ra sao?,single_hop,abstractive,True,0.0,0.0,0.0,0.0,0.0,0.0,-0.02510425354462051,-0.08940783986655557,-0.0846843009985605
vlrag-fa4a423574,HybridGraph_minus_HybridOnly,Sắp tới tôi muốn làm thủ tục để cơ sở sản xuất rau sạch của gia đình được công nhận là cơ sở sản xuất thực phẩm an toàn thì cần liên hệ với cơ quan nào và thực hiện ra sao?,single_hop,abstractive,True,0.0,0.0,0.0,0.0,0.0,0.0,-0.014956377233070306,-0.1298989059687024,4.587395910995838
vlrag-fa4a423574,HybridOnly_minus_DenseOnly,Sắp tới tôi muốn làm thủ tục để cơ sở sản xuất rau sạch của gia đình được công nhận là cơ sở sản xuất thực phẩm an toàn thì cần liên hệ với cơ quan nào và thực hiện ra sao?,single_hop,abstractive,True,0.0,0.0,0.0,0.0,0.0,0.0,0.06166484118291349,0.07075575027382253,25.302592072423693
vlrag-fa4a423574,HybridGraph_minus_DenseGraph,Sắp tới tôi muốn làm thủ tục để cơ sở sản xuất rau sạch của gia đình được công nhận là cơ sở sản xuất thực phẩm an toàn thì cần liên hệ với cơ quan nào và thực hiện ra sao?,single_hop,abstractive,True,0.0,0.0,0.0,0.0,0.0,0.0,0.07181271749446369,0.030264684171675688,29.97467228441809
vlrag-fa733a53b0,DenseGraph_minus_DenseOnly,"Trong trường hợp tôi cần làm đơn kiến nghị gửi cơ quan chức năng về việc quy hoạch tại thị trấn Đức Hòa, tôi có thể trích dẫn văn bản nào của Hội đồng nhân dân tỉnh Long An về việc công nhận thị trấn này là đô thị loại IV để làm căn cứ pháp lý?",citation,extractive,True,0.0,0.0,0.0,0.0,0.0,0.0,0.01099267155229855,0.009993337774816813,-0.48145579700030794
vlrag-fa733a53b0,HybridGraph_minus_HybridOnly,"Trong trường hợp tôi cần làm đơn kiến nghị gửi cơ quan chức năng về việc quy hoạch tại thị trấn Đức Hòa, tôi có thể trích dẫn văn bản nào của Hội đồng nhân dân tỉnh Long An về việc công nhận thị trấn này là đô thị loại IV để làm căn cứ pháp lý?",citation,extractive,True,0.0,0.0,0.0,0.0,0.0,0.0,-0.0399540757749714,-0.009184845005740627,0.11604588699993457
vlrag-fa733a53b0,HybridOnly_minus_DenseOnly,"Trong trường hợp tôi cần làm đơn kiến nghị gửi cơ quan chức năng về việc quy hoạch tại thị trấn Đức Hòa, tôi có thể trích dẫn văn bản nào của Hội đồng nhân dân tỉnh Long An về việc công nhận thị trấn này là đô thị loại IV để làm căn cứ pháp lý?",citation,extractive,True,0.0,0.0,0.0,0.0,0.0,0.0,0.0599805258033107,0.05452775073028243,23.94411590142198
vlrag-fa733a53b0,HybridGraph_minus_DenseGraph,"Trong trường hợp tôi cần làm đơn kiến nghị gửi cơ quan chức năng về việc quy hoạch tại thị trấn Đức Hòa, tôi có thể trích dẫn văn bản nào của Hội đồng nhân dân tỉnh Long An về việc công nhận thị trấn này là đô thị loại IV để làm căn cứ pháp lý?",citation,extractive,True,0.0,0.0,0.0,0.0,0.0,0.0,0.009033778476040755,0.03534956794972499,24.541617585422223
vlrag-fad5c4da84,DenseGraph_minus_DenseOnly,"Tôi muốn biết quy định về trình tự, thủ tục ban hành văn bản quy phạm pháp luật của Ủy ban nhân dân thì tìm ở đâu?",single_hop,unanswerable,False,0.0,0.0,0.0,0.0,0.0,0.0,0.0,0.0,1.2937903419997383
vlrag-fad5c4da84,HybridGraph_minus_HybridOnly,"Tôi muốn biết quy định về trình tự, thủ tục ban hành văn bản quy phạm pháp luật của Ủy ban nhân dân thì tìm ở đâu?",single_hop,unanswerable,False,0.0,0.0,0.0,0.0,0.0,0.0,-0.022892761014308004,-0.022892761014308004,1.0012028379987896
vlrag-fad5c4da84,HybridOnly_minus_DenseOnly,"Tôi muốn biết quy định về trình tự, thủ tục ban hành văn bản quy phạm pháp luật của Ủy ban nhân dân thì tìm ở đâu?",single_hop,unanswerable,False,0.0,0.0,0.0,0.0,0.0,0.0,-0.008956091887176498,-0.008956091887176498,26.23885789142531
vlrag-fad5c4da84,HybridGraph_minus_DenseGraph,"Tôi muốn biết quy định về trình tự, thủ tục ban hành văn bản quy phạm pháp luật của Ủy ban nhân dân thì tìm ở đâu?",single_hop,unanswerable,False,0.0,0.0,0.0,0.0,0.0,0.0,-0.0318488529014845,-0.0318488529014845,25.946270387424363
vlrag-fb525d4f77,DenseGraph_minus_DenseOnly,"Tôi đang quản lý một cơ sở tín ngưỡng tại Cà Mau, tôi muốn biết hiện nay việc giải quyết các thủ tục hành chính về tín ngưỡng, tôn giáo tại tỉnh mình đã có sự thay đổi về thẩm quyền hay chưa và thuộc đơn vị nào giải quyết?",single_hop,boolean,True,0.0,0.0,0.0,0.0,0.0,0.0,0.005693296602387498,0.005693296602387498,-0.3817185980005888
vlrag-fb525d4f77,HybridGraph_minus_HybridOnly,"Tôi đang quản lý một cơ sở tín ngưỡng tại Cà Mau, tôi muốn biết hiện nay việc giải quyết các thủ tục hành chính về tín ngưỡng, tôn giáo tại tỉnh mình đã có sự thay đổi về thẩm quyền hay chưa và thuộc đơn vị nào giải quyết?",single_hop,boolean,True,0.0,0.0,0.0,0.0,0.0,0.0,0.0029275186755501025,0.0029275186755501025,0.6647786210014601
vlrag-fb525d4f77,HybridOnly_minus_DenseOnly,"Tôi đang quản lý một cơ sở tín ngưỡng tại Cà Mau, tôi muốn biết hiện nay việc giải quyết các thủ tục hành chính về tín ngưỡng, tôn giáo tại tỉnh mình đã có sự thay đổi về thẩm quyền hay chưa và thuộc đơn vị nào giải quyết?",single_hop,boolean,True,0.0,0.0,-0.16666666666666669,-0.13092975357145753,0.0,0.0,-0.0037084127993219015,-0.0037084127993219015,26.709581294420502
vlrag-fb525d4f77,HybridGraph_minus_DenseGraph,"Tôi đang quản lý một cơ sở tín ngưỡng tại Cà Mau, tôi muốn biết hiện nay việc giải quyết các thủ tục hành chính về tín ngưỡng, tôn giáo tại tỉnh mình đã có sự thay đổi về thẩm quyền hay chưa và thuộc đơn vị nào giải quyết?",single_hop,boolean,True,0.0,0.0,-0.16666666666666669,-0.13092975357145753,0.0,0.0,-0.006474190726159297,-0.006474190726159297,27.75607851342255
vlrag-fb70f5a371,DenseGraph_minus_DenseOnly,"Nếu công trình đê bao của tôi là đê cấp IV thuộc công trình thủy lợi tại Bình Thuận, liệu tôi có phải tuân thủ quy định về phạm vi bảo vệ theo Quyết định 04/2019/QĐ-UBND không?",multi_hop,boolean,True,-1.0,-1.0,-0.1111111111111111,-0.3010299956639812,-0.1,0.0,0.0,0.0,0.5045962480003254
vlrag-fb70f5a371,HybridGraph_minus_HybridOnly,"Nếu công trình đê bao của tôi là đê cấp IV thuộc công trình thủy lợi tại Bình Thuận, liệu tôi có phải tuân thủ quy định về phạm vi bảo vệ theo Quyết định 04/2019/QĐ-UBND không?",multi_hop,boolean,True,0.0,0.0,0.0,0.0,0.0,0.0,0.025609756097561002,0.025609756097561002,-2.521551606001598
vlrag-fb70f5a371,HybridOnly_minus_DenseOnly,"Nếu công trình đê bao của tôi là đê cấp IV thuộc công trình thủy lợi tại Bình Thuận, liệu tôi có phải tuân thủ quy định về phạm vi bảo vệ theo Quyết định 04/2019/QĐ-UBND không?",multi_hop,boolean,True,0.0,0.0,0.0888888888888889,0.08582281157056038,0.0,0.0,0.024390243902439,0.024390243902439,28.30011047842317
vlrag-fb70f5a371,HybridGraph_minus_DenseGraph,"Nếu công trình đê bao của tôi là đê cấp IV thuộc công trình thủy lợi tại Bình Thuận, liệu tôi có phải tuân thủ quy định về phạm vi bảo vệ theo Quyết định 04/2019/QĐ-UBND không?",multi_hop,boolean,True,1.0,1.0,0.2,0.3868528072345416,0.1,0.0,0.05,0.05,25.273962624421248
vlrag-fbc0552bec,DenseGraph_minus_DenseOnly,Gia đình tôi muốn biết văn bản nào quy định về chính sách hỗ trợ phát triển sản xuất nông nghiệp trên địa bàn tỉnh Lai Châu để chúng tôi có căn cứ bảo vệ quyền lợi khi làm hồ sơ?,citation,extractive,True,0.0,0.0,0.0,0.0,0.0,0.0,-0.0025252525252525,-0.0012626262626262014,-0.38053810400060684
vlrag-fbc0552bec,HybridGraph_minus_HybridOnly,Gia đình tôi muốn biết văn bản nào quy định về chính sách hỗ trợ phát triển sản xuất nông nghiệp trên địa bàn tỉnh Lai Châu để chúng tôi có căn cứ bảo vệ quyền lợi khi làm hồ sơ?,citation,extractive,True,0.0,0.0,0.0,0.0,0.0,0.0,-0.07716555289370819,-0.1291136048417601,0.7476830240011623
vlrag-fbc0552bec,HybridOnly_minus_DenseOnly,Gia đình tôi muốn biết văn bản nào quy định về chính sách hỗ trợ phát triển sản xuất nông nghiệp trên địa bàn tỉnh Lai Châu để chúng tôi có căn cứ bảo vệ quyền lợi khi làm hồ sơ?,citation,extractive,True,0.0,0.0,0.5,0.36907024642854247,0.0,0.0,0.14967637540453071,0.1913430420711974,27.105527368420727
vlrag-fbc0552bec,HybridGraph_minus_DenseGraph,Gia đình tôi muốn biết văn bản nào quy định về chính sách hỗ trợ phát triển sản xuất nông nghiệp trên địa bàn tỉnh Lai Châu để chúng tôi có căn cứ bảo vệ quyền lợi khi làm hồ sơ?,citation,extractive,True,0.0,0.0,0.5,0.36907024642854247,0.0,0.0,0.07503607503607501,0.0634920634920635,28.233748496422496
vlrag-fcc3c5a825,DenseGraph_minus_DenseOnly,Làm sao để tôi kiểm tra tính pháp lý của một quyết định về tổ chức quản lý thị trường tại địa phương khi nghe tin nó đã bị bãi bỏ?,single_hop,abstractive,True,0.0,0.0,0.0,0.0,0.0,0.0,0.0032969297341851056,0.025845574166200605,-2.3215476529994703
vlrag-fcc3c5a825,HybridGraph_minus_HybridOnly,Làm sao để tôi kiểm tra tính pháp lý của một quyết định về tổ chức quản lý thị trường tại địa phương khi nghe tin nó đã bị bãi bỏ?,single_hop,abstractive,True,0.0,0.0,0.0,0.0,0.0,0.0,-0.07158125513839408,-0.041710057550013696,0.32072357799552265
vlrag-fcc3c5a825,HybridOnly_minus_DenseOnly,Làm sao để tôi kiểm tra tính pháp lý của một quyết định về tổ chức quản lý thị trường tại địa phương khi nghe tin nó đã bị bãi bỏ?,single_hop,abstractive,True,0.0,0.0,0.0,0.0,0.0,0.0,0.0765748974918792,0.045316577027530794,24.244665769423307
vlrag-fcc3c5a825,HybridGraph_minus_DenseGraph,Làm sao để tôi kiểm tra tính pháp lý của một quyết định về tổ chức quản lý thị trường tại địa phương khi nghe tin nó đã bị bãi bỏ?,single_hop,abstractive,True,0.0,0.0,0.0,0.0,0.0,0.0,0.001696712619300017,-0.022239054688683507,26.8869370004183
vlrag-fd62570620,DenseGraph_minus_DenseOnly,"Trong trường hợp tôi muốn tìm hiểu các kiến thức và kỹ năng để tự bảo vệ gia đình mình khỏi bạo lực, tôi nên tham gia các hoạt động nào hoặc tìm đến đâu để được hỗ trợ theo chỉ đạo của tỉnh?",single_hop,abstractive,True,0.0,0.0,0.0,0.0,0.0,0.0,-0.01025641025641022,-0.017948717948717885,0.05437084300024164
vlrag-fd62570620,HybridGraph_minus_HybridOnly,"Trong trường hợp tôi muốn tìm hiểu các kiến thức và kỹ năng để tự bảo vệ gia đình mình khỏi bạo lực, tôi nên tham gia các hoạt động nào hoặc tìm đến đâu để được hỗ trợ theo chỉ đạo của tỉnh?",single_hop,abstractive,True,0.0,0.0,0.0,0.0,0.0,0.0,0.03999115239991158,-0.0007962840079628053,1.2757288169977947
vlrag-fd62570620,HybridOnly_minus_DenseOnly,"Trong trường hợp tôi muốn tìm hiểu các kiến thức và kỹ năng để tự bảo vệ gia đình mình khỏi bạo lực, tôi nên tham gia các hoạt động nào hoặc tìm đến đâu để được hỗ trợ theo chỉ đạo của tỉnh?",single_hop,abstractive,True,0.0,0.0,0.0,0.0,0.0,0.0,-0.033464345873104984,-0.04256035934868049,26.086998955424352
vlrag-fd62570620,HybridGraph_minus_DenseGraph,"Trong trường hợp tôi muốn tìm hiểu các kiến thức và kỹ năng để tự bảo vệ gia đình mình khỏi bạo lực, tôi nên tham gia các hoạt động nào hoặc tìm đến đâu để được hỗ trợ theo chỉ đạo của tỉnh?",single_hop,abstractive,True,0.0,0.0,0.0,0.0,0.0,0.0,0.016783216783216814,-0.025407925407925414,27.308356929421905
vlrag-fd9f48cb49,DenseGraph_minus_DenseOnly,"Nếu tôi là cán bộ xử lý vi phạm trong lĩnh vực bán hàng đa cấp, tôi có thể tra cứu trong văn bản này về mức lệ phí người vi phạm phải nộp cho nhà nước khi bị phạt không?",single_hop,boolean,True,0.0,0.0,0.0,0.0,0.0,0.0,0.0,0.0,3.665883064000127
vlrag-fd9f48cb49,HybridGraph_minus_HybridOnly,"Nếu tôi là cán bộ xử lý vi phạm trong lĩnh vực bán hàng đa cấp, tôi có thể tra cứu trong văn bản này về mức lệ phí người vi phạm phải nộp cho nhà nước khi bị phạt không?",single_hop,boolean,True,0.0,0.0,0.0,0.0,0.0,0.0,0.0,0.0,-0.6928610410013825
vlrag-fd9f48cb49,HybridOnly_minus_DenseOnly,"Nếu tôi là cán bộ xử lý vi phạm trong lĩnh vực bán hàng đa cấp, tôi có thể tra cứu trong văn bản này về mức lệ phí người vi phạm phải nộp cho nhà nước khi bị phạt không?",single_hop,boolean,True,0.0,0.0,0.0,0.0,0.0,0.0,0.0,0.0,27.92046216842136
vlrag-fd9f48cb49,HybridGraph_minus_DenseGraph,"Nếu tôi là cán bộ xử lý vi phạm trong lĩnh vực bán hàng đa cấp, tôi có thể tra cứu trong văn bản này về mức lệ phí người vi phạm phải nộp cho nhà nước khi bị phạt không?",single_hop,boolean,True,0.0,0.0,0.0,0.0,0.0,0.0,0.0,0.0,23.56171806341985
vlrag-fe6539cc6f,DenseGraph_minus_DenseOnly,Doanh nghiệp của tôi muốn phối hợp thực hiện các dự án về nước sạch và vệ sinh môi trường nông thôn. Xin cho biết Trung tâm Quốc gia Nước sạch và Vệ sinh môi trường nông thôn có thẩm quyền làm việc với các tổ chức tư nhân không và họ có thể hỗ trợ những gì?,multi_hop,abstractive,True,0.0,0.0,0.0,0.0,0.0,0.0,0.0069782538136968775,0.031483284647841614,-6.1766439160001045
vlrag-fe6539cc6f,HybridGraph_minus_HybridOnly,Doanh nghiệp của tôi muốn phối hợp thực hiện các dự án về nước sạch và vệ sinh môi trường nông thôn. Xin cho biết Trung tâm Quốc gia Nước sạch và Vệ sinh môi trường nông thôn có thẩm quyền làm việc với các tổ chức tư nhân không và họ có thể hỗ trợ những gì?,multi_hop,abstractive,True,0.0,0.0,0.0,0.0,0.0,0.0,-0.0018449374039094524,-0.016780144959367582,-1.3706551620016363
vlrag-fe6539cc6f,HybridOnly_minus_DenseOnly,Doanh nghiệp của tôi muốn phối hợp thực hiện các dự án về nước sạch và vệ sinh môi trường nông thôn. Xin cho biết Trung tâm Quốc gia Nước sạch và Vệ sinh môi trường nông thôn có thẩm quyền làm việc với các tổ chức tư nhân không và họ có thể hỗ trợ những gì?,multi_hop,abstractive,True,-0.3333333333333333,0.0,-0.25,-0.2960819109658653,-0.1,0.0,-0.02016586643387175,-0.06948930597992131,20.99519337441842
vlrag-fe6539cc6f,HybridGraph_minus_DenseGraph,Doanh nghiệp của tôi muốn phối hợp thực hiện các dự án về nước sạch và vệ sinh môi trường nông thôn. Xin cho biết Trung tâm Quốc gia Nước sạch và Vệ sinh môi trường nông thôn có thẩm quyền làm việc với các tổ chức tư nhân không và họ có thể hỗ trợ những gì?,multi_hop,abstractive,True,-0.3333333333333333,0.0,-0.25,-0.2960819109658653,-0.1,0.0,-0.02898905765147808,-0.11775273558713051,25.801182128416887
vlrag-fe8395096a,DenseGraph_minus_DenseOnly,"Tôi đang cần tìm căn cứ pháp lý để xác định phạm vi quy hoạch chi tiết hạ tầng kỹ thuật tại quận Long Biên để làm hồ sơ khiếu nại, tôi nên dùng văn bản nào?",citation,extractive,True,0.0,0.0,-0.1333333333333333,-0.11314719276545843,0.0,0.0,-0.02197802197802201,0.016483516483516494,-0.7170905640004999
vlrag-fe8395096a,HybridGraph_minus_HybridOnly,"Tôi đang cần tìm căn cứ pháp lý để xác định phạm vi quy hoạch chi tiết hạ tầng kỹ thuật tại quận Long Biên để làm hồ sơ khiếu nại, tôi nên dùng văn bản nào?",citation,extractive,True,-1.0,-1.0,-0.2,-0.3868528072345416,-0.1,0.0,0.0083672005737509,0.007171886206072203,3.017682392999628
vlrag-fe8395096a,HybridOnly_minus_DenseOnly,"Tôi đang cần tìm căn cứ pháp lý để xác định phạm vi quy hoạch chi tiết hạ tầng kỹ thuật tại quận Long Biên để làm hồ sơ khiếu nại, tôi nên dùng văn bản nào?",citation,extractive,True,0.0,0.0,-0.1333333333333333,-0.11314719276545843,0.0,0.0,-0.004909983633387904,0.012274959083469802,27.120230437422098
vlrag-fe8395096a,HybridGraph_minus_DenseGraph,"Tôi đang cần tìm căn cứ pháp lý để xác định phạm vi quy hoạch chi tiết hạ tầng kỹ thuật tại quận Long Biên để làm hồ sơ khiếu nại, tôi nên dùng văn bản nào?",citation,extractive,True,-1.0,-1.0,-0.2,-0.3868528072345416,-0.1,0.0,0.025435238918385006,0.0029633288060255114,30.855003394422226
vlrag-feb0b05960,DenseGraph_minus_DenseOnly,"Sắp tới tôi dự định nhập khẩu hàng hóa qua cửa khẩu biên giới đất liền, xin hỏi Bộ đội Biên phòng sẽ kiểm tra những gì tại Ba-ri-e số 2 sau khi tôi đã làm xong thủ tục nhập cảnh?",single_hop,abstractive,True,0.0,0.0,0.0,0.0,0.0,0.0,0.028432377049180335,0.027663934426229275,2.017372624000018
vlrag-feb0b05960,HybridGraph_minus_HybridOnly,"Sắp tới tôi dự định nhập khẩu hàng hóa qua cửa khẩu biên giới đất liền, xin hỏi Bộ đội Biên phòng sẽ kiểm tra những gì tại Ba-ri-e số 2 sau khi tôi đã làm xong thủ tục nhập cảnh?",single_hop,abstractive,True,0.0,0.0,0.0,0.0,0.0,0.0,0.0,0.0,0.495674722995318
vlrag-feb0b05960,HybridOnly_minus_DenseOnly,"Sắp tới tôi dự định nhập khẩu hàng hóa qua cửa khẩu biên giới đất liền, xin hỏi Bộ đội Biên phòng sẽ kiểm tra những gì tại Ba-ri-e số 2 sau khi tôi đã làm xong thủ tục nhập cảnh?",single_hop,abstractive,True,0.0,0.0,0.0,0.0,0.0,0.0,0.01387499999999997,0.013499999999999956,25.413828123427894
vlrag-feb0b05960,HybridGraph_minus_DenseGraph,"Sắp tới tôi dự định nhập khẩu hàng hóa qua cửa khẩu biên giới đất liền, xin hỏi Bộ đội Biên phòng sẽ kiểm tra những gì tại Ba-ri-e số 2 sau khi tôi đã làm xong thủ tục nhập cảnh?",single_hop,abstractive,True,0.0,0.0,0.0,0.0,0.0,0.0,-0.014557377049180364,-0.014163934426229319,23.892130222423194
vlrag-ff37e07c45,DenseGraph_minus_DenseOnly,"Gia đình tôi nghe nói có văn bản riêng của tỉnh Bắc Ninh quy định về cách xã làm kế hoạch phát triển kinh tế - xã hội, điều này có đúng không?",citation,boolean,True,0.0,0.0,0.0,0.0,0.0,0.0,0.006333567909922601,0.006333567909922601,-1.2989921789999244
vlrag-ff37e07c45,HybridGraph_minus_HybridOnly,"Gia đình tôi nghe nói có văn bản riêng của tỉnh Bắc Ninh quy định về cách xã làm kế hoạch phát triển kinh tế - xã hội, điều này có đúng không?",citation,boolean,True,-1.0,-1.0,-0.3333333333333333,-0.5,-0.1,0.0,0.0,0.0,0.4102252159991622
vlrag-ff37e07c45,HybridOnly_minus_DenseOnly,"Gia đình tôi nghe nói có văn bản riêng của tỉnh Bắc Ninh quy định về cách xã làm kế hoạch phát triển kinh tế - xã hội, điều này có đúng không?",citation,boolean,True,0.0,0.0,-0.16666666666666669,-0.13092975357145753,0.0,0.0,-0.009482758620689698,-0.009482758620689698,28.186266134421373
vlrag-ff37e07c45,HybridGraph_minus_DenseGraph,"Gia đình tôi nghe nói có văn bản riêng của tỉnh Bắc Ninh quy định về cách xã làm kế hoạch phát triển kinh tế - xã hội, điều này có đúng không?",citation,boolean,True,-1.0,-1.0,-0.5,-0.6309297535714575,-0.1,0.0,-0.0158163265306123,-0.0158163265306123,29.89548352942046
vlrag-ffc0ba82e8,DenseGraph_minus_DenseOnly,"Chúng tôi là một đơn vị nghệ thuật chuyên nghiệp, nếu muốn thực hiện việc chi trả hỗ trợ đặc thù cho nhân viên thì có trường hợp nào được miễn trừ hoặc không phải thực hiện theo quy định này không?",single_hop,unanswerable,False,0.0,0.0,0.0,0.0,0.0,0.0,0.0,0.0,-0.45896263199995246
vlrag-ffc0ba82e8,HybridGraph_minus_HybridOnly,"Chúng tôi là một đơn vị nghệ thuật chuyên nghiệp, nếu muốn thực hiện việc chi trả hỗ trợ đặc thù cho nhân viên thì có trường hợp nào được miễn trừ hoặc không phải thực hiện theo quy định này không?",single_hop,unanswerable,False,0.0,0.0,0.0,0.0,0.0,0.0,0.0,0.0,-2.244853094998689
vlrag-ffc0ba82e8,HybridOnly_minus_DenseOnly,"Chúng tôi là một đơn vị nghệ thuật chuyên nghiệp, nếu muốn thực hiện việc chi trả hỗ trợ đặc thù cho nhân viên thì có trường hợp nào được miễn trừ hoặc không phải thực hiện theo quy định này không?",single_hop,unanswerable,False,0.0,0.0,0.0,0.0,0.0,0.0,0.0,0.0,27.23544588741999
vlrag-ffc0ba82e8,HybridGraph_minus_DenseGraph,"Chúng tôi là một đơn vị nghệ thuật chuyên nghiệp, nếu muốn thực hiện việc chi trả hỗ trợ đặc thù cho nhân viên thì có trường hợp nào được miễn trừ hoặc không phải thực hiện theo quy định này không?",single_hop,unanswerable,False,0.0,0.0,0.0,0.0,0.0,0.0,0.0,0.0,25.449555424421252
vlrag-nuance-04ee90d338,DenseGraph_minus_DenseOnly,"Nếu trước đây tôi từng thấy quy định về việc trông giữ phương tiện bị tạm giữ tại Hà Nội được ban hành từ năm 2003, thì đến nay văn bản đó còn hiệu lực để áp dụng không hay đã có quy định khác thay thế rồi?",legal_validity,boolean,True,-0.5,-1.0,-0.1428571428571428,-0.2043823975884861,-0.1,0.0,0.0,0.0,1.0585235220005416
vlrag-nuance-04ee90d338,HybridGraph_minus_HybridOnly,"Nếu trước đây tôi từng thấy quy định về việc trông giữ phương tiện bị tạm giữ tại Hà Nội được ban hành từ năm 2003, thì đến nay văn bản đó còn hiệu lực để áp dụng không hay đã có quy định khác thay thế rồi?",legal_validity,boolean,True,0.0,0.0,0.0,0.0,0.0,0.0,0.001149425287356301,0.001149425287356301,0.5612713010013977
vlrag-nuance-04ee90d338,HybridOnly_minus_DenseOnly,"Nếu trước đây tôi từng thấy quy định về việc trông giữ phương tiện bị tạm giữ tại Hà Nội được ban hành từ năm 2003, thì đến nay văn bản đó còn hiệu lực để áp dụng không hay đã có quy định khác thay thế rồi?",legal_validity,boolean,True,-0.5,-1.0,-0.1428571428571428,-0.2043823975884861,-0.1,0.0,-0.0017543859649123,-0.0017543859649123,24.136767414424586
vlrag-nuance-04ee90d338,HybridGraph_minus_DenseGraph,"Nếu trước đây tôi từng thấy quy định về việc trông giữ phương tiện bị tạm giữ tại Hà Nội được ban hành từ năm 2003, thì đến nay văn bản đó còn hiệu lực để áp dụng không hay đã có quy định khác thay thế rồi?",legal_validity,boolean,True,0.0,0.0,0.0,0.0,0.0,0.0,-0.000604960677555999,-0.000604960677555999,23.639515193425442
vlrag-nuance-061efeccb2,DenseGraph_minus_DenseOnly,"Sắp tới tôi dự định kê khai thuế tài nguyên cho doanh nghiệp tại Đồng Tháp, tôi có tham khảo bảng giá tính thuế tài nguyên năm 2023 nhưng không biết hiện tại địa phương đã có quy định mới thay thế cho bảng giá cũ đó chưa, hay tôi vẫn cứ áp dụng theo bảng giá 2023 cũ?",legal_validity,abstractive,True,0.0,0.0,0.0,0.0,0.0,0.0,0.0,0.0,-1.589400382000349
vlrag-nuance-061efeccb2,HybridGraph_minus_HybridOnly,"Sắp tới tôi dự định kê khai thuế tài nguyên cho doanh nghiệp tại Đồng Tháp, tôi có tham khảo bảng giá tính thuế tài nguyên năm 2023 nhưng không biết hiện tại địa phương đã có quy định mới thay thế cho bảng giá cũ đó chưa, hay tôi vẫn cứ áp dụng theo bảng giá 2023 cũ?",legal_validity,abstractive,True,-0.5,-1.0,-0.1666666666666666,-0.2184074368181641,-0.1,0.0,0.05303030303030298,0.07803030303030298,-0.1939085699996248
vlrag-nuance-061efeccb2,HybridOnly_minus_DenseOnly,"Sắp tới tôi dự định kê khai thuế tài nguyên cho doanh nghiệp tại Đồng Tháp, tôi có tham khảo bảng giá tính thuế tài nguyên năm 2023 nhưng không biết hiện tại địa phương đã có quy định mới thay thế cho bảng giá cũ đó chưa, hay tôi vẫn cứ áp dụng theo bảng giá 2023 cũ?",legal_validity,abstractive,True,0.0,0.0,-0.33333333333333337,-0.16844537041637747,0.0,0.0,-0.005813953488372103,-0.007558139534883684,25.45853786641937
vlrag-nuance-061efeccb2,HybridGraph_minus_DenseGraph,"Sắp tới tôi dự định kê khai thuế tài nguyên cho doanh nghiệp tại Đồng Tháp, tôi có tham khảo bảng giá tính thuế tài nguyên năm 2023 nhưng không biết hiện tại địa phương đã có quy định mới thay thế cho bảng giá cũ đó chưa, hay tôi vẫn cứ áp dụng theo bảng giá 2023 cũ?",legal_validity,abstractive,True,-0.5,-1.0,-0.5,-0.3868528072345416,-0.1,0.0,0.04721634954193088,0.0704721634954193,26.854029678420094
vlrag-nuance-06d1efdbbd,DenseGraph_minus_DenseOnly,"Tôi đang tìm hiểu về cơ cấu tổ chức và nhiệm vụ của Sở Nội vụ tỉnh Hải Dương theo quy định cũ từ năm 2015, không biết đến nay quy định đó có còn nguyên vẹn không hay đã có sự thay đổi, điều chỉnh gì rồi?",legal_validity,boolean,True,0.0,0.0,0.0,0.0,0.0,0.0,0.0010104837691044984,0.0010104837691044984,-0.7535787060005532
vlrag-nuance-06d1efdbbd,HybridGraph_minus_HybridOnly,"Tôi đang tìm hiểu về cơ cấu tổ chức và nhiệm vụ của Sở Nội vụ tỉnh Hải Dương theo quy định cũ từ năm 2015, không biết đến nay quy định đó có còn nguyên vẹn không hay đã có sự thay đổi, điều chỉnh gì rồi?",legal_validity,boolean,True,0.0,0.0,0.0,0.0,0.0,0.0,0.006408470325996101,0.006408470325996101,-0.7169915820013557
vlrag-nuance-06d1efdbbd,HybridOnly_minus_DenseOnly,"Tôi đang tìm hiểu về cơ cấu tổ chức và nhiệm vụ của Sở Nội vụ tỉnh Hải Dương theo quy định cũ từ năm 2015, không biết đến nay quy định đó có còn nguyên vẹn không hay đã có sự thay đổi, điều chỉnh gì rồi?",legal_validity,boolean,True,0.0,0.0,-0.1333333333333333,-0.069375883613433,0.0,0.0,-0.0013594652769910003,-0.0013594652769910003,26.30341979142185
vlrag-nuance-06d1efdbbd,HybridGraph_minus_DenseGraph,"Tôi đang tìm hiểu về cơ cấu tổ chức và nhiệm vụ của Sở Nội vụ tỉnh Hải Dương theo quy định cũ từ năm 2015, không biết đến nay quy định đó có còn nguyên vẹn không hay đã có sự thay đổi, điều chỉnh gì rồi?",legal_validity,boolean,True,0.0,0.0,-0.1333333333333333,-0.069375883613433,0.0,0.0,0.0040385212799006025,0.0040385212799006025,26.340006915421046
vlrag-nuance-084326c05a,DenseGraph_minus_DenseOnly,"Tôi là chủ hộ kinh doanh ở Gia Lai, hiện nay khi áp dụng mức giá dịch vụ sử dụng diện tích bán hàng tại chợ, Ban quản lý chợ và phía cơ quan quản lý nhà nước lại hướng dẫn 2 mức giá khác nhau khiến tôi rất bối rối. Vậy trong trường hợp này, tôi nên ưu tiên làm theo hướng dẫn của văn bản nào để đảm bảo đúng quy định và không bị sai sót?",legal_validity,abstractive,True,0.0,0.0,0.0,0.0,0.0,0.0,0.007142857142857201,0.007142857142857201,-0.4680290149999564
vlrag-nuance-084326c05a,HybridGraph_minus_HybridOnly,"Tôi là chủ hộ kinh doanh ở Gia Lai, hiện nay khi áp dụng mức giá dịch vụ sử dụng diện tích bán hàng tại chợ, Ban quản lý chợ và phía cơ quan quản lý nhà nước lại hướng dẫn 2 mức giá khác nhau khiến tôi rất bối rối. Vậy trong trường hợp này, tôi nên ưu tiên làm theo hướng dẫn của văn bản nào để đảm bảo đúng quy định và không bị sai sót?",legal_validity,abstractive,True,0.0,0.0,0.0,0.0,0.0,0.0,0.08484848484848478,0.08484848484848478,1.537118058000484
vlrag-nuance-084326c05a,HybridOnly_minus_DenseOnly,"Tôi là chủ hộ kinh doanh ở Gia Lai, hiện nay khi áp dụng mức giá dịch vụ sử dụng diện tích bán hàng tại chợ, Ban quản lý chợ và phía cơ quan quản lý nhà nước lại hướng dẫn 2 mức giá khác nhau khiến tôi rất bối rối. Vậy trong trường hợp này, tôi nên ưu tiên làm theo hướng dẫn của văn bản nào để đảm bảo đúng quy định và không bị sai sót?",legal_validity,abstractive,True,-0.5,-1.0,-0.5,-0.3868528072345416,-0.1,0.0,-0.1822510822510822,-0.08225108225108219,26.764897781418487
vlrag-nuance-084326c05a,HybridGraph_minus_DenseGraph,"Tôi là chủ hộ kinh doanh ở Gia Lai, hiện nay khi áp dụng mức giá dịch vụ sử dụng diện tích bán hàng tại chợ, Ban quản lý chợ và phía cơ quan quản lý nhà nước lại hướng dẫn 2 mức giá khác nhau khiến tôi rất bối rối. Vậy trong trường hợp này, tôi nên ưu tiên làm theo hướng dẫn của văn bản nào để đảm bảo đúng quy định và không bị sai sót?",legal_validity,abstractive,True,-0.5,-1.0,-0.5,-0.3868528072345416,-0.1,0.0,-0.10454545454545461,-0.0045454545454546025,28.770044854418927
vlrag-nuance-0846b8e0a7,DenseGraph_minus_DenseOnly,"Làm sao để tôi biết nên theo hướng dẫn nào khi phía Bộ Nội vụ ra quyết định đổi tên hội của chúng tôi, nhưng các thủ tục cũ về quyền lập hội vẫn đang được cơ quan khác hướng dẫn áp dụng?",legal_validity,abstractive,True,0.0,0.0,0.0,0.0,0.0,0.0,0.027247688373008103,0.012738540232146392,1.0598395449987947
vlrag-nuance-0846b8e0a7,HybridGraph_minus_HybridOnly,"Làm sao để tôi biết nên theo hướng dẫn nào khi phía Bộ Nội vụ ra quyết định đổi tên hội của chúng tôi, nhưng các thủ tục cũ về quyền lập hội vẫn đang được cơ quan khác hướng dẫn áp dụng?",legal_validity,abstractive,True,0.0,0.0,0.0,0.0,0.0,0.0,0.0023529411764705993,0.025882352941176495,0.1797397539994563
vlrag-nuance-0846b8e0a7,HybridOnly_minus_DenseOnly,"Làm sao để tôi biết nên theo hướng dẫn nào khi phía Bộ Nội vụ ra quyết định đổi tên hội của chúng tôi, nhưng các thủ tục cũ về quyền lập hội vẫn đang được cơ quan khác hướng dẫn áp dụng?",legal_validity,abstractive,True,0.0,0.0,0.0,0.0,0.0,0.0,0.0361990950226245,0.0307692307692308,26.136931303425342
vlrag-nuance-0846b8e0a7,HybridGraph_minus_DenseGraph,"Làm sao để tôi biết nên theo hướng dẫn nào khi phía Bộ Nội vụ ra quyết định đổi tên hội của chúng tôi, nhưng các thủ tục cũ về quyền lập hội vẫn đang được cơ quan khác hướng dẫn áp dụng?",legal_validity,abstractive,True,0.0,0.0,0.0,0.0,0.0,0.0,0.011304347826086997,0.0439130434782609,25.256831512426004
vlrag-nuance-107d93cd96,DenseGraph_minus_DenseOnly,"Tôi là hộ gia đình đang làm thủ tục đầu tư ngoài khu công nghiệp tại Đắk Lắk. Vừa rồi tôi có tìm hiểu thì thấy có quy định của tỉnh về thủ tục này, nhưng bên phía cơ quan chuyên môn lại yêu cầu tôi thực hiện theo một quy định chung của Chính phủ về đất đai và bồi thường. Hai bên hướng dẫn khác nhau khiến tôi rất hoang mang, không biết nên làm theo hướng nào thì mới đúng quy định và không bị vướng mắc hồ sơ?",legal_validity,abstractive,True,0.0,0.0,0.0,0.0,0.0,0.0,-0.022819755844570397,-0.00957472273198759,-0.8625846740005736
vlrag-nuance-107d93cd96,HybridGraph_minus_HybridOnly,"Tôi là hộ gia đình đang làm thủ tục đầu tư ngoài khu công nghiệp tại Đắk Lắk. Vừa rồi tôi có tìm hiểu thì thấy có quy định của tỉnh về thủ tục này, nhưng bên phía cơ quan chuyên môn lại yêu cầu tôi thực hiện theo một quy định chung của Chính phủ về đất đai và bồi thường. Hai bên hướng dẫn khác nhau khiến tôi rất hoang mang, không biết nên làm theo hướng nào thì mới đúng quy định và không bị vướng mắc hồ sơ?",legal_validity,abstractive,True,0.0,0.0,0.0,0.0,0.0,0.0,-0.015424836601307099,-0.0020915032679738044,1.2906039990011742
vlrag-nuance-107d93cd96,HybridOnly_minus_DenseOnly,"Tôi là hộ gia đình đang làm thủ tục đầu tư ngoài khu công nghiệp tại Đắk Lắk. Vừa rồi tôi có tìm hiểu thì thấy có quy định của tỉnh về thủ tục này, nhưng bên phía cơ quan chuyên môn lại yêu cầu tôi thực hiện theo một quy định chung của Chính phủ về đất đai và bồi thường. Hai bên hướng dẫn khác nhau khiến tôi rất hoang mang, không biết nên làm theo hướng nào thì mới đúng quy định và không bị vướng mắc hồ sơ?",legal_validity,abstractive,True,0.0,0.0,0.0,0.0,0.0,0.0,0.0007947019867548949,0.0007064017660044081,26.21626692441686
vlrag-nuance-107d93cd96,HybridGraph_minus_DenseGraph,"Tôi là hộ gia đình đang làm thủ tục đầu tư ngoài khu công nghiệp tại Đắk Lắk. Vừa rồi tôi có tìm hiểu thì thấy có quy định của tỉnh về thủ tục này, nhưng bên phía cơ quan chuyên môn lại yêu cầu tôi thực hiện theo một quy định chung của Chính phủ về đất đai và bồi thường. Hai bên hướng dẫn khác nhau khiến tôi rất hoang mang, không biết nên làm theo hướng nào thì mới đúng quy định và không bị vướng mắc hồ sơ?",legal_validity,abstractive,True,0.0,0.0,0.0,0.0,0.0,0.0,0.008189621230018193,0.008189621230018193,28.369455597418607
vlrag-nuance-14497a648c,DenseGraph_minus_DenseOnly,"Làm sao để tôi biết tỷ lệ phần trăm tính giá thuê đất cho cửa hàng của mình tại Nam Định đang áp dụng hiện nay có giống như mức cũ tôi từng theo hay không, hay đã có sự thay đổi rồi?",legal_validity,boolean,True,-0.5,-1.0,-0.1666666666666666,-0.2184074368181641,-0.1,0.0,0.0,0.0,1.1857525020004687
vlrag-nuance-14497a648c,HybridGraph_minus_HybridOnly,"Làm sao để tôi biết tỷ lệ phần trăm tính giá thuê đất cho cửa hàng của mình tại Nam Định đang áp dụng hiện nay có giống như mức cũ tôi từng theo hay không, hay đã có sự thay đổi rồi?",legal_validity,boolean,True,0.0,0.0,0.0,0.0,0.0,0.0,0.0,0.0,-0.5430736150010489
vlrag-nuance-14497a648c,HybridOnly_minus_DenseOnly,"Làm sao để tôi biết tỷ lệ phần trăm tính giá thuê đất cho cửa hàng của mình tại Nam Định đang áp dụng hiện nay có giống như mức cũ tôi từng theo hay không, hay đã có sự thay đổi rồi?",legal_validity,boolean,True,-0.5,-1.0,-0.1666666666666666,-0.2184074368181641,-0.1,0.0,0.0,0.0,27.877520471426294
vlrag-nuance-14497a648c,HybridGraph_minus_DenseGraph,"Làm sao để tôi biết tỷ lệ phần trăm tính giá thuê đất cho cửa hàng của mình tại Nam Định đang áp dụng hiện nay có giống như mức cũ tôi từng theo hay không, hay đã có sự thay đổi rồi?",legal_validity,boolean,True,0.0,0.0,0.0,0.0,0.0,0.0,0.0,0.0,26.148694354424777
vlrag-nuance-1739d69fe3,DenseGraph_minus_DenseOnly,Có cần làm theo quy định dân số của tỉnh Thừa Thiên Huế hay phải ưu tiên theo hướng dẫn chung của Chính phủ khi cả hai cùng nói về chính sách kế hoạch hóa gia đình mà tôi thấy có chỗ hơi khác nhau?,legal_validity,abstractive,True,0.0,0.0,0.0,0.0,0.0,0.0,0.04090909090909081,0.0159090909090909,-0.7292823950001552
vlrag-nuance-1739d69fe3,HybridGraph_minus_HybridOnly,Có cần làm theo quy định dân số của tỉnh Thừa Thiên Huế hay phải ưu tiên theo hướng dẫn chung của Chính phủ khi cả hai cùng nói về chính sách kế hoạch hóa gia đình mà tôi thấy có chỗ hơi khác nhau?,legal_validity,abstractive,True,0.0,0.0,0.0,0.0,0.0,0.0,-0.007246376811594207,-0.0063405797101449,-0.6206022490005125
vlrag-nuance-1739d69fe3,HybridOnly_minus_DenseOnly,Có cần làm theo quy định dân số của tỉnh Thừa Thiên Huế hay phải ưu tiên theo hướng dẫn chung của Chính phủ khi cả hai cùng nói về chính sách kế hoạch hóa gia đình mà tôi thấy có chỗ hơi khác nhau?,legal_validity,abstractive,True,0.0,0.0,0.0,0.0,0.0,0.0,0.01482213438735172,-0.006916996047430901,27.153508919424613
vlrag-nuance-1739d69fe3,HybridGraph_minus_DenseGraph,Có cần làm theo quy định dân số của tỉnh Thừa Thiên Huế hay phải ưu tiên theo hướng dẫn chung của Chính phủ khi cả hai cùng nói về chính sách kế hoạch hóa gia đình mà tôi thấy có chỗ hơi khác nhau?,legal_validity,abstractive,True,0.0,0.0,0.0,0.0,0.0,0.0,-0.0333333333333333,-0.029166666666666702,27.262189065424256
vlrag-nuance-1a1e8f979f,DenseGraph_minus_DenseOnly,"Chúng tôi hiện đang tìm hiểu về việc áp dụng các quy định liên quan đến tổ chức bộ máy và quản lý đất đai tại địa phương. Tuy nhiên, khi tham khảo thông tin, có hai nguồn hướng dẫn khác nhau về thẩm quyền và cách thức thực hiện, khiến chúng tôi bối rối không biết nên tuân thủ theo quy định nào để đảm bảo đúng trình tự pháp luật. Mong chuyên gia tư vấn giúp chúng tôi nên dựa vào căn cứ nào để thực hiện cho đúng?",legal_validity,abstractive,True,0.0,0.0,0.0,0.0,0.0,0.0,0.032259033430450806,0.04913945874508159,0.04067249500167236
vlrag-nuance-1a1e8f979f,HybridGraph_minus_HybridOnly,"Chúng tôi hiện đang tìm hiểu về việc áp dụng các quy định liên quan đến tổ chức bộ máy và quản lý đất đai tại địa phương. Tuy nhiên, khi tham khảo thông tin, có hai nguồn hướng dẫn khác nhau về thẩm quyền và cách thức thực hiện, khiến chúng tôi bối rối không biết nên tuân thủ theo quy định nào để đảm bảo đúng trình tự pháp luật. Mong chuyên gia tư vấn giúp chúng tôi nên dựa vào căn cứ nào để thực hiện cho đúng?",legal_validity,abstractive,True,0.0,0.0,0.0,0.0,0.0,0.0,-0.015198511166253093,-0.010132340777502108,-0.179610020997643
vlrag-nuance-1a1e8f979f,HybridOnly_minus_DenseOnly,"Chúng tôi hiện đang tìm hiểu về việc áp dụng các quy định liên quan đến tổ chức bộ máy và quản lý đất đai tại địa phương. Tuy nhiên, khi tham khảo thông tin, có hai nguồn hướng dẫn khác nhau về thẩm quyền và cách thức thực hiện, khiến chúng tôi bối rối không biết nên tuân thủ theo quy định nào để đảm bảo đúng trình tự pháp luật. Mong chuyên gia tư vấn giúp chúng tôi nên dựa vào căn cứ nào để thực hiện cho đúng?",legal_validity,abstractive,True,0.0,0.0,0.0,0.0,0.0,0.0,0.014053254437869783,0.013313609467455606,24.39298394642418
vlrag-nuance-1a1e8f979f,HybridGraph_minus_DenseGraph,"Chúng tôi hiện đang tìm hiểu về việc áp dụng các quy định liên quan đến tổ chức bộ máy và quản lý đất đai tại địa phương. Tuy nhiên, khi tham khảo thông tin, có hai nguồn hướng dẫn khác nhau về thẩm quyền và cách thức thực hiện, khiến chúng tôi bối rối không biết nên tuân thủ theo quy định nào để đảm bảo đúng trình tự pháp luật. Mong chuyên gia tư vấn giúp chúng tôi nên dựa vào căn cứ nào để thực hiện cho đúng?",legal_validity,abstractive,True,0.0,0.0,0.0,0.0,0.0,0.0,-0.033404290158834116,-0.04595819005512809,24.172701430424866
vlrag-nuance-25bcdfaeff,DenseGraph_minus_DenseOnly,"Chúng tôi làm ở Nhà máy In tiền Quốc gia và trước đây vẫn thực hiện theo các quy định về kiểm tra, giám sát từ hồi năm 2006, 2007. Cho tôi hỏi những quy định cũ đó đến nay có còn được áp dụng cho công việc tại nhà máy không, hay đã có thay đổi mới rồi?",legal_validity,boolean,True,-0.3333333333333333,-1.0,-0.1428571428571428,-0.1564262420075854,-0.1,0.0,-0.004194756554307098,-0.004194756554307098,1.7276989470001354
vlrag-nuance-25bcdfaeff,HybridGraph_minus_HybridOnly,"Chúng tôi làm ở Nhà máy In tiền Quốc gia và trước đây vẫn thực hiện theo các quy định về kiểm tra, giám sát từ hồi năm 2006, 2007. Cho tôi hỏi những quy định cũ đó đến nay có còn được áp dụng cho công việc tại nhà máy không, hay đã có thay đổi mới rồi?",legal_validity,boolean,True,0.0,0.0,0.0,0.0,0.0,0.0,0.004348771472059101,0.004348771472059101,-2.2988925079989677
vlrag-nuance-25bcdfaeff,HybridOnly_minus_DenseOnly,"Chúng tôi làm ở Nhà máy In tiền Quốc gia và trước đây vẫn thực hiện theo các quy định về kiểm tra, giám sát từ hồi năm 2006, 2007. Cho tôi hỏi những quy định cũ đó đến nay có còn được áp dụng cho công việc tại nhà máy không, hay đã có thay đổi mới rồi?",legal_validity,boolean,True,-0.3333333333333333,-1.0,-0.1428571428571428,-0.1564262420075854,-0.1,0.0,0.0007305936073060022,0.0007305936073060022,29.15091312942576
vlrag-nuance-25bcdfaeff,HybridGraph_minus_DenseGraph,"Chúng tôi làm ở Nhà máy In tiền Quốc gia và trước đây vẫn thực hiện theo các quy định về kiểm tra, giám sát từ hồi năm 2006, 2007. Cho tôi hỏi những quy định cũ đó đến nay có còn được áp dụng cho công việc tại nhà máy không, hay đã có thay đổi mới rồi?",legal_validity,boolean,True,0.0,0.0,0.0,0.0,0.0,0.0,0.009274121633672201,0.009274121633672201,25.124321674426657
vlrag-nuance-26a37fb09a,DenseGraph_minus_DenseOnly,"Sắp tới tôi có dự định tìm hiểu về cơ cấu tổ chức và quyền hạn của Ban Quản lý Khu kinh tế tỉnh Cà Mau để nộp hồ sơ xin cấp phép đầu tư. Tôi có tìm thấy một quy định từ năm 2011, không biết hiện tại quy định đó còn hiệu lực để tôi tham khảo hay cơ quan này đã có hướng dẫn mới thay thế rồi?",legal_validity,boolean,True,0.0,0.0,0.0,0.0,0.0,0.0,0.0,0.0,-1.6489939750008493
vlrag-nuance-26a37fb09a,HybridGraph_minus_HybridOnly,"Sắp tới tôi có dự định tìm hiểu về cơ cấu tổ chức và quyền hạn của Ban Quản lý Khu kinh tế tỉnh Cà Mau để nộp hồ sơ xin cấp phép đầu tư. Tôi có tìm thấy một quy định từ năm 2011, không biết hiện tại quy định đó còn hiệu lực để tôi tham khảo hay cơ quan này đã có hướng dẫn mới thay thế rồi?",legal_validity,boolean,True,-0.5,-1.0,-0.1111111111111111,-0.1845756967795681,-0.1,0.0,0.0,0.0,-0.5313018699998757
vlrag-nuance-26a37fb09a,HybridOnly_minus_DenseOnly,"Sắp tới tôi có dự định tìm hiểu về cơ cấu tổ chức và quyền hạn của Ban Quản lý Khu kinh tế tỉnh Cà Mau để nộp hồ sơ xin cấp phép đầu tư. Tôi có tìm thấy một quy định từ năm 2011, không biết hiện tại quy định đó còn hiệu lực để tôi tham khảo hay cơ quan này đã có hướng dẫn mới thay thế rồi?",legal_validity,boolean,True,0.0,0.0,-0.0888888888888889,-0.0526220159897281,0.0,0.0,0.0,0.0,26.148427715424702
vlrag-nuance-26a37fb09a,HybridGraph_minus_DenseGraph,"Sắp tới tôi có dự định tìm hiểu về cơ cấu tổ chức và quyền hạn của Ban Quản lý Khu kinh tế tỉnh Cà Mau để nộp hồ sơ xin cấp phép đầu tư. Tôi có tìm thấy một quy định từ năm 2011, không biết hiện tại quy định đó còn hiệu lực để tôi tham khảo hay cơ quan này đã có hướng dẫn mới thay thế rồi?",legal_validity,boolean,True,-0.5,-1.0,-0.2,-0.2371977127692962,-0.1,0.0,0.0,0.0,27.266119820425676
vlrag-nuance-28d391ea6c,DenseGraph_minus_DenseOnly,"Tôi đang làm cán bộ phụ trách hồ sơ nhà ở cho người thu nhập thấp tại Nghệ An. Khi xem xét về phương pháp tính giá bán và cho thuê, tôi thấy có văn bản của Bộ Xây dựng hướng dẫn chung nhưng tỉnh Nghệ An cũng ban hành quy định riêng. Hiện tại hai nơi nói hai kiểu khác nhau khiến tôi rất phân vân, vậy tôi nên áp dụng theo quy định của cấp nào để đảm bảo đúng quy trình và không bị sai sót?",legal_validity,abstractive,True,0.0,0.0,0.0,0.0,0.0,0.0,-0.0051916323102763895,-0.0051916323102763895,-0.30913466200127004
vlrag-nuance-28d391ea6c,HybridGraph_minus_HybridOnly,"Tôi đang làm cán bộ phụ trách hồ sơ nhà ở cho người thu nhập thấp tại Nghệ An. Khi xem xét về phương pháp tính giá bán và cho thuê, tôi thấy có văn bản của Bộ Xây dựng hướng dẫn chung nhưng tỉnh Nghệ An cũng ban hành quy định riêng. Hiện tại hai nơi nói hai kiểu khác nhau khiến tôi rất phân vân, vậy tôi nên áp dụng theo quy định của cấp nào để đảm bảo đúng quy trình và không bị sai sót?",legal_validity,abstractive,True,-0.5,-1.0,-0.1428571428571428,-0.2043823975884861,-0.1,0.0,0.012690019828155985,0.012690019828155985,0.7903263689986488
vlrag-nuance-28d391ea6c,HybridOnly_minus_DenseOnly,"Tôi đang làm cán bộ phụ trách hồ sơ nhà ở cho người thu nhập thấp tại Nghệ An. Khi xem xét về phương pháp tính giá bán và cho thuê, tôi thấy có văn bản của Bộ Xây dựng hướng dẫn chung nhưng tỉnh Nghệ An cũng ban hành quy định riêng. Hiện tại hai nơi nói hai kiểu khác nhau khiến tôi rất phân vân, vậy tôi nên áp dụng theo quy định của cấp nào để đảm bảo đúng quy trình và không bị sai sót?",legal_validity,abstractive,True,0.0,0.0,-0.1071428571428572,-0.05968572498410479,0.0,0.0,0.06627309083984001,0.06627309083984001,27.060402597425934
vlrag-nuance-28d391ea6c,HybridGraph_minus_DenseGraph,"Tôi đang làm cán bộ phụ trách hồ sơ nhà ở cho người thu nhập thấp tại Nghệ An. Khi xem xét về phương pháp tính giá bán và cho thuê, tôi thấy có văn bản của Bộ Xây dựng hướng dẫn chung nhưng tỉnh Nghệ An cũng ban hành quy định riêng. Hiện tại hai nơi nói hai kiểu khác nhau khiến tôi rất phân vân, vậy tôi nên áp dụng theo quy định của cấp nào để đảm bảo đúng quy trình và không bị sai sót?",legal_validity,abstractive,True,-0.5,-1.0,-0.25,-0.2640681225725909,-0.1,0.0,0.08415474297827238,0.08415474297827238,28.159863628425853
vlrag-nuance-2b639daa2f,DenseGraph_minus_DenseOnly,"Sắp tới tôi dự định đầu tư vào một khu công nghiệp ở Đà Nẵng. Trước đây tôi có biết đến một số chính sách ưu đãi đầu tư trong nước của thành phố từ những năm 2000, không biết hiện tại những quy định cũ đó có còn hiệu lực để tôi áp dụng hay đã thay đổi hoàn toàn rồi?",legal_validity,boolean,True,0.0,0.0,0.0,0.0,0.0,0.0,0.1666666666666666,0.1666666666666666,-1.2600065900005575
vlrag-nuance-2b639daa2f,HybridGraph_minus_HybridOnly,"Sắp tới tôi dự định đầu tư vào một khu công nghiệp ở Đà Nẵng. Trước đây tôi có biết đến một số chính sách ưu đãi đầu tư trong nước của thành phố từ những năm 2000, không biết hiện tại những quy định cũ đó có còn hiệu lực để tôi áp dụng hay đã thay đổi hoàn toàn rồi?",legal_validity,boolean,True,0.0,0.0,0.0,0.0,0.0,0.0,0.0,0.0,-0.9844441109999025
vlrag-nuance-2b639daa2f,HybridOnly_minus_DenseOnly,"Sắp tới tôi dự định đầu tư vào một khu công nghiệp ở Đà Nẵng. Trước đây tôi có biết đến một số chính sách ưu đãi đầu tư trong nước của thành phố từ những năm 2000, không biết hiện tại những quy định cũ đó có còn hiệu lực để tôi áp dụng hay đã thay đổi hoàn toàn rồi?",legal_validity,boolean,True,0.0,0.0,0.0,0.0,0.0,0.0,0.1666666666666666,0.1666666666666666,26.41795965642513
vlrag-nuance-2b639daa2f,HybridGraph_minus_DenseGraph,"Sắp tới tôi dự định đầu tư vào một khu công nghiệp ở Đà Nẵng. Trước đây tôi có biết đến một số chính sách ưu đãi đầu tư trong nước của thành phố từ những năm 2000, không biết hiện tại những quy định cũ đó có còn hiệu lực để tôi áp dụng hay đã thay đổi hoàn toàn rồi?",legal_validity,boolean,True,0.0,0.0,0.0,0.0,0.0,0.0,0.0,0.0,26.693522135425784
vlrag-nuance-2ed2b39cf0,DenseGraph_minus_DenseOnly,"Tôi đang tìm hiểu về cơ cấu tổ chức và nhiệm vụ của Sở Nông nghiệp và Phát triển nông thôn tại TP.HCM để làm hồ sơ công việc, nhưng nghe nói quy định cũ từ năm 2022 đã thay đổi. Vậy hiện nay tôi nên tra cứu theo quy định mới nào để đảm bảo chính xác?",legal_validity,abstractive,True,0.0,0.0,0.0,0.0,0.0,0.0,0.07089908256880728,0.06576146788990828,-4.676536748998842
vlrag-nuance-2ed2b39cf0,HybridGraph_minus_HybridOnly,"Tôi đang tìm hiểu về cơ cấu tổ chức và nhiệm vụ của Sở Nông nghiệp và Phát triển nông thôn tại TP.HCM để làm hồ sơ công việc, nhưng nghe nói quy định cũ từ năm 2022 đã thay đổi. Vậy hiện nay tôi nên tra cứu theo quy định mới nào để đảm bảo chính xác?",legal_validity,abstractive,True,-0.5,-1.0,-0.1428571428571428,-0.2043823975884861,-0.1,0.0,-0.02056126701861627,-0.00027785495971099916,-1.829772256998691
vlrag-nuance-2ed2b39cf0,HybridOnly_minus_DenseOnly,"Tôi đang tìm hiểu về cơ cấu tổ chức và nhiệm vụ của Sở Nông nghiệp và Phát triển nông thôn tại TP.HCM để làm hồ sơ công việc, nhưng nghe nói quy định cũ từ năm 2022 đã thay đổi. Vậy hiện nay tôi nên tra cứu theo quy định mới nào để đảm bảo chính xác?",legal_validity,abstractive,True,0.0,0.0,-0.1071428571428572,-0.05968572498410479,0.0,0.0,0.019118644067796398,0.06047457627118652,24.0006578754207
vlrag-nuance-2ed2b39cf0,HybridGraph_minus_DenseGraph,"Tôi đang tìm hiểu về cơ cấu tổ chức và nhiệm vụ của Sở Nông nghiệp và Phát triển nông thôn tại TP.HCM để làm hồ sơ công việc, nhưng nghe nói quy định cũ từ năm 2022 đã thay đổi. Vậy hiện nay tôi nên tra cứu theo quy định mới nào để đảm bảo chính xác?",legal_validity,abstractive,True,-0.5,-1.0,-0.25,-0.2640681225725909,-0.1,0.0,-0.07234170551962715,-0.0055647465784327554,26.84742236742085
vlrag-nuance-31e7530731,DenseGraph_minus_DenseOnly,"Nếu công ty tôi chuyên kinh doanh các loại hóa chất dùng để diệt côn trùng trong gia đình, thì các quy định cũ về ghi nhãn hàng hóa mà tôi vẫn đang áp dụng liệu có còn phù hợp hoàn toàn cho các sản phẩm này không, hay là tôi cần phải cập nhật theo hướng dẫn mới?",legal_validity,abstractive,True,0.0,0.0,0.0,0.0,0.0,0.0,0.007061131088591001,0.007061131088591001,-0.1660580289999416
vlrag-nuance-31e7530731,HybridGraph_minus_HybridOnly,"Nếu công ty tôi chuyên kinh doanh các loại hóa chất dùng để diệt côn trùng trong gia đình, thì các quy định cũ về ghi nhãn hàng hóa mà tôi vẫn đang áp dụng liệu có còn phù hợp hoàn toàn cho các sản phẩm này không, hay là tôi cần phải cập nhật theo hướng dẫn mới?",legal_validity,abstractive,True,0.0,0.0,0.0,0.0,0.0,0.0,0.0217391304347826,0.0217391304347826,0.10328787699836539
vlrag-nuance-31e7530731,HybridOnly_minus_DenseOnly,"Nếu công ty tôi chuyên kinh doanh các loại hóa chất dùng để diệt côn trùng trong gia đình, thì các quy định cũ về ghi nhãn hàng hóa mà tôi vẫn đang áp dụng liệu có còn phù hợp hoàn toàn cho các sản phẩm này không, hay là tôi cần phải cập nhật theo hướng dẫn mới?",legal_validity,abstractive,True,0.0,0.0,0.0,0.0,0.0,0.0,-0.0451127819548872,-0.0451127819548872,24.72381615542935
vlrag-nuance-31e7530731,HybridGraph_minus_DenseGraph,"Nếu công ty tôi chuyên kinh doanh các loại hóa chất dùng để diệt côn trùng trong gia đình, thì các quy định cũ về ghi nhãn hàng hóa mà tôi vẫn đang áp dụng liệu có còn phù hợp hoàn toàn cho các sản phẩm này không, hay là tôi cần phải cập nhật theo hướng dẫn mới?",legal_validity,abstractive,True,0.0,0.0,0.0,0.0,0.0,0.0,-0.0304347826086956,-0.0304347826086956,24.993162061427658
vlrag-nuance-335d9ffa83,DenseGraph_minus_DenseOnly,"Trong trường hợp tôi bị xử phạt vì hành vi vi phạm liên quan đến quản lý rừng, nhưng hướng dẫn từ đơn vị xử lý lại khác biệt so với quy định chung về xử lý vi phạm hành chính mà tôi được biết, vậy tôi nên ưu tiên làm theo hướng dẫn nào để đảm bảo đúng quy định?",legal_validity,abstractive,True,0.0,0.0,0.0,0.0,0.0,0.0,-0.010561056105610589,-0.015401540154015403,-1.7469462259987267
vlrag-nuance-335d9ffa83,HybridGraph_minus_HybridOnly,"Trong trường hợp tôi bị xử phạt vì hành vi vi phạm liên quan đến quản lý rừng, nhưng hướng dẫn từ đơn vị xử lý lại khác biệt so với quy định chung về xử lý vi phạm hành chính mà tôi được biết, vậy tôi nên ưu tiên làm theo hướng dẫn nào để đảm bảo đúng quy định?",legal_validity,abstractive,True,0.0,0.0,0.0,0.0,0.0,0.0,-0.0382842963488125,0.0037811650714877076,0.3170571539958438
vlrag-nuance-335d9ffa83,HybridOnly_minus_DenseOnly,"Trong trường hợp tôi bị xử phạt vì hành vi vi phạm liên quan đến quản lý rừng, nhưng hướng dẫn từ đơn vị xử lý lại khác biệt so với quy định chung về xử lý vi phạm hành chính mà tôi được biết, vậy tôi nên ưu tiên làm theo hướng dẫn nào để đảm bảo đúng quy định?",legal_validity,abstractive,True,0.0,0.0,0.0,0.0,0.0,0.0,-0.019163206643245,-0.06558075162354951,25.409038553427028
vlrag-nuance-335d9ffa83,HybridGraph_minus_DenseGraph,"Trong trường hợp tôi bị xử phạt vì hành vi vi phạm liên quan đến quản lý rừng, nhưng hướng dẫn từ đơn vị xử lý lại khác biệt so với quy định chung về xử lý vi phạm hành chính mà tôi được biết, vậy tôi nên ưu tiên làm theo hướng dẫn nào để đảm bảo đúng quy định?",legal_validity,abstractive,True,0.0,0.0,0.0,0.0,0.0,0.0,-0.046886446886446914,-0.0463980463980464,27.473041933421598
vlrag-nuance-397f58b710,DenseGraph_minus_DenseOnly,Doanh nghiệp tôi có tham gia vào việc in và sử dụng hóa đơn bán hàng dự trữ quốc gia thì phải thực hiện các trách nhiệm gì và nếu gặp khó khăn trong quá trình này thì nên làm sao?,single_hop,abstractive,True,0.0,0.0,0.0,0.0,0.0,0.0,0.012953367875647825,-0.001543380002204775,-0.6917430029998286
vlrag-nuance-397f58b710,HybridGraph_minus_HybridOnly,Doanh nghiệp tôi có tham gia vào việc in và sử dụng hóa đơn bán hàng dự trữ quốc gia thì phải thực hiện các trách nhiệm gì và nếu gặp khó khăn trong quá trình này thì nên làm sao?,single_hop,abstractive,True,0.0,0.0,0.0,0.0,0.0,0.0,0.0028824833702881802,0.0022172949002217113,-2.0976544219993194
vlrag-nuance-397f58b710,HybridOnly_minus_DenseOnly,Doanh nghiệp tôi có tham gia vào việc in và sử dụng hóa đơn bán hàng dự trữ quốc gia thì phải thực hiện các trách nhiệm gì và nếu gặp khó khăn trong quá trình này thì nên làm sao?,single_hop,abstractive,True,0.0,0.0,-0.8,-0.6131471927654584,0.0,0.0,-0.014319359397079456,0.021667451719265207,26.722444361421992
vlrag-nuance-397f58b710,HybridGraph_minus_DenseGraph,Doanh nghiệp tôi có tham gia vào việc in và sử dụng hóa đơn bán hàng dự trữ quốc gia thì phải thực hiện các trách nhiệm gì và nếu gặp khó khăn trong quá trình này thì nên làm sao?,single_hop,abstractive,True,0.0,0.0,-0.8,-0.6131471927654584,0.0,0.0,-0.0243902439024391,0.025428126621691693,25.3165329424225
vlrag-nuance-3f9074f291,DenseGraph_minus_DenseOnly,"Chúng tôi là hộ kinh doanh tại TP.HCM, trước đây khi thuê người nước ngoài làm việc chúng tôi thường làm theo hướng dẫn tại quy chế quản lý lao động nước ngoài ban hành từ năm 2015. Hiện nay quy định đó có còn hiệu lực để chúng tôi tiếp tục áp dụng khi làm thủ tục không, hay đã có thay đổi mới rồi?",legal_validity,boolean,True,0.0,0.0,0.0,0.0,0.0,0.0,0.0036363636363635973,0.0036363636363635973,0.7532928949995039
vlrag-nuance-3f9074f291,HybridGraph_minus_HybridOnly,"Chúng tôi là hộ kinh doanh tại TP.HCM, trước đây khi thuê người nước ngoài làm việc chúng tôi thường làm theo hướng dẫn tại quy chế quản lý lao động nước ngoài ban hành từ năm 2015. Hiện nay quy định đó có còn hiệu lực để chúng tôi tiếp tục áp dụng khi làm thủ tục không, hay đã có thay đổi mới rồi?",legal_validity,boolean,True,0.0,0.0,0.0,0.0,0.0,0.0,-0.002134016218523299,-0.002134016218523299,-0.5357747720008774
vlrag-nuance-3f9074f291,HybridOnly_minus_DenseOnly,"Chúng tôi là hộ kinh doanh tại TP.HCM, trước đây khi thuê người nước ngoài làm việc chúng tôi thường làm theo hướng dẫn tại quy chế quản lý lao động nước ngoài ban hành từ năm 2015. Hiện nay quy định đó có còn hiệu lực để chúng tôi tiếp tục áp dụng khi làm thủ tục không, hay đã có thay đổi mới rồi?",legal_validity,boolean,True,0.0,0.0,0.0,0.0,0.0,0.0,-0.006060606060605999,-0.006060606060605999,27.314524091416107
vlrag-nuance-3f9074f291,HybridGraph_minus_DenseGraph,"Chúng tôi là hộ kinh doanh tại TP.HCM, trước đây khi thuê người nước ngoài làm việc chúng tôi thường làm theo hướng dẫn tại quy chế quản lý lao động nước ngoài ban hành từ năm 2015. Hiện nay quy định đó có còn hiệu lực để chúng tôi tiếp tục áp dụng khi làm thủ tục không, hay đã có thay đổi mới rồi?",legal_validity,boolean,True,0.0,0.0,0.0,0.0,0.0,0.0,-0.011830985915492895,-0.011830985915492895,26.025456424415726
vlrag-nuance-40627bbc68,DenseGraph_minus_DenseOnly,"Nếu tôi đang xử lý hồ sơ thu phí trông giữ xe tại các điểm danh lam thắng cảnh ở Quảng Ninh, liệu toàn bộ các hướng dẫn cũ tại nghị quyết năm 2007 về vấn đề này vẫn còn áp dụng đầy đủ hay đã có thay đổi một phần rồi?",legal_validity,abstractive,True,0.0,0.0,0.0,0.0,0.0,0.0,0.001763668430335097,-0.0229276895943563,0.03701067499969213
vlrag-nuance-40627bbc68,HybridGraph_minus_HybridOnly,"Nếu tôi đang xử lý hồ sơ thu phí trông giữ xe tại các điểm danh lam thắng cảnh ở Quảng Ninh, liệu toàn bộ các hướng dẫn cũ tại nghị quyết năm 2007 về vấn đề này vẫn còn áp dụng đầy đủ hay đã có thay đổi một phần rồi?",legal_validity,abstractive,True,0.0,0.0,0.0,0.0,0.0,0.0,-0.019116677653262998,-0.019116677653262998,-1.2015880729995843
vlrag-nuance-40627bbc68,HybridOnly_minus_DenseOnly,"Nếu tôi đang xử lý hồ sơ thu phí trông giữ xe tại các điểm danh lam thắng cảnh ở Quảng Ninh, liệu toàn bộ các hướng dẫn cũ tại nghị quyết năm 2007 về vấn đề này vẫn còn áp dụng đầy đủ hay đã có thay đổi một phần rồi?",legal_validity,abstractive,True,1.0,1.0,0.3333333333333333,0.5,0.1,0.0,0.025551684088269397,0.025551684088269397,30.77082183142528
vlrag-nuance-40627bbc68,HybridGraph_minus_DenseGraph,"Nếu tôi đang xử lý hồ sơ thu phí trông giữ xe tại các điểm danh lam thắng cảnh ở Quảng Ninh, liệu toàn bộ các hướng dẫn cũ tại nghị quyết năm 2007 về vấn đề này vẫn còn áp dụng đầy đủ hay đã có thay đổi một phần rồi?",legal_validity,abstractive,True,1.0,1.0,0.3333333333333333,0.5,0.1,0.0,0.004671338004671302,0.0293626960293627,29.532223083426004
vlrag-nuance-45c16c7d4d,DenseGraph_minus_DenseOnly,"Sắp tới tôi có dự án triển khai các dịch vụ công ích đô thị tại Ninh Thuận, tôi từng biết về tập đơn giá cũ từ vài năm trước. Tôi muốn hỏi là tập đơn giá này có còn được áp dụng cho công việc hiện tại của tôi hay đã có quy định mới thay thế rồi?",legal_validity,boolean,True,0.0,0.0,0.0,0.0,0.0,0.0,0.0035770176615247014,0.0035770176615247014,0.05200052199961647
vlrag-nuance-45c16c7d4d,HybridGraph_minus_HybridOnly,"Sắp tới tôi có dự án triển khai các dịch vụ công ích đô thị tại Ninh Thuận, tôi từng biết về tập đơn giá cũ từ vài năm trước. Tôi muốn hỏi là tập đơn giá này có còn được áp dụng cho công việc hiện tại của tôi hay đã có quy định mới thay thế rồi?",legal_validity,boolean,True,0.0,0.0,0.0,0.0,0.0,0.0,0.007359307359307399,0.007359307359307399,0.6352037969991216
vlrag-nuance-45c16c7d4d,HybridOnly_minus_DenseOnly,"Sắp tới tôi có dự án triển khai các dịch vụ công ích đô thị tại Ninh Thuận, tôi từng biết về tập đơn giá cũ từ vài năm trước. Tôi muốn hỏi là tập đơn giá này có còn được áp dụng cho công việc hiện tại của tôi hay đã có quy định mới thay thế rồi?",legal_validity,boolean,True,0.0,0.0,-0.16666666666666669,-0.13092975357145753,0.0,0.0,-0.002194988110481102,-0.002194988110481102,30.128444077424035
vlrag-nuance-45c16c7d4d,HybridGraph_minus_DenseGraph,"Sắp tới tôi có dự án triển khai các dịch vụ công ích đô thị tại Ninh Thuận, tôi từng biết về tập đơn giá cũ từ vài năm trước. Tôi muốn hỏi là tập đơn giá này có còn được áp dụng cho công việc hiện tại của tôi hay đã có quy định mới thay thế rồi?",legal_validity,boolean,True,0.0,0.0,-0.16666666666666669,-0.13092975357145753,0.0,0.0,0.0015873015873015955,0.0015873015873015955,30.71164735242354
vlrag-nuance-46c2d269b2,DenseGraph_minus_DenseOnly,"Sắp tới tôi dự định làm hồ sơ đề nghị xét tặng Giải thưởng Hồ Chí Minh cho một công trình nghiên cứu khoa học của nhóm mình, vậy công trình của tôi cần phải đạt được những tiêu chuẩn cụ thể nào mới có cơ hội được xét tặng?",single_hop,abstractive,True,-1.0,-1.0,-0.1428571428571428,-0.3333333333333333,-0.1,0.0,0.009375665885361095,-0.03334043611051929,1.506348627999614
vlrag-nuance-46c2d269b2,HybridGraph_minus_HybridOnly,"Sắp tới tôi dự định làm hồ sơ đề nghị xét tặng Giải thưởng Hồ Chí Minh cho một công trình nghiên cứu khoa học của nhóm mình, vậy công trình của tôi cần phải đạt được những tiêu chuẩn cụ thể nào mới có cơ hội được xét tặng?",single_hop,abstractive,True,0.0,0.0,0.0,0.0,0.0,0.0,0.010196009492836389,0.016401511822097203,-1.6635718539982918
vlrag-nuance-46c2d269b2,HybridOnly_minus_DenseOnly,"Sắp tới tôi dự định làm hồ sơ đề nghị xét tặng Giải thưởng Hồ Chí Minh cho một công trình nghiên cứu khoa học của nhóm mình, vậy công trình của tôi cần phải đạt được những tiêu chuẩn cụ thể nào mới có cơ hội được xét tặng?",single_hop,abstractive,True,0.0,0.0,0.19047619047619052,0.16666666666666669,0.0,0.0,-0.020121567805491514,-0.0438622231537763,28.820901628422405
vlrag-nuance-46c2d269b2,HybridGraph_minus_DenseGraph,"Sắp tới tôi dự định làm hồ sơ đề nghị xét tặng Giải thưởng Hồ Chí Minh cho một công trình nghiên cứu khoa học của nhóm mình, vậy công trình của tôi cần phải đạt được những tiêu chuẩn cụ thể nào mới có cơ hội được xét tặng?",single_hop,abstractive,True,1.0,1.0,0.3333333333333333,0.5,0.1,0.0,-0.01930122419801622,0.00587972477884019,25.6509811464245
vlrag-nuance-47f9db2b8d,DenseGraph_minus_DenseOnly,"Chúng tôi là một doanh nghiệp nhỏ đang thực hiện các thủ tục hành chính liên quan đến lĩnh vực quản lý của Bộ Tư pháp. Hiện tại, chúng tôi nhận được hướng dẫn từ chính quyền địa phương cấp dưới về một quy định phân cấp, nhưng khi tham khảo các văn bản về tổ chức chính quyền địa phương thì lại thấy có sự khác biệt về thẩm quyền. Vậy trong trường hợp này, chúng tôi nên ưu tiên làm theo hướng dẫn của cấp nào để đảm bảo đúng quy định pháp luật và tránh sai sót?",legal_validity,abstractive,True,0.0,0.0,0.0,0.0,0.0,0.0,-0.021138211382113803,-0.017294900221729498,0.025231798999811872
vlrag-nuance-47f9db2b8d,HybridGraph_minus_HybridOnly,"Chúng tôi là một doanh nghiệp nhỏ đang thực hiện các thủ tục hành chính liên quan đến lĩnh vực quản lý của Bộ Tư pháp. Hiện tại, chúng tôi nhận được hướng dẫn từ chính quyền địa phương cấp dưới về một quy định phân cấp, nhưng khi tham khảo các văn bản về tổ chức chính quyền địa phương thì lại thấy có sự khác biệt về thẩm quyền. Vậy trong trường hợp này, chúng tôi nên ưu tiên làm theo hướng dẫn của cấp nào để đảm bảo đúng quy định pháp luật và tránh sai sót?",legal_validity,abstractive,True,0.0,0.0,0.0,0.0,0.0,0.0,0.019574655971741795,-0.020752078887335407,-0.42069189000176266
vlrag-nuance-47f9db2b8d,HybridOnly_minus_DenseOnly,"Chúng tôi là một doanh nghiệp nhỏ đang thực hiện các thủ tục hành chính liên quan đến lĩnh vực quản lý của Bộ Tư pháp. Hiện tại, chúng tôi nhận được hướng dẫn từ chính quyền địa phương cấp dưới về một quy định phân cấp, nhưng khi tham khảo các văn bản về tổ chức chính quyền địa phương thì lại thấy có sự khác biệt về thẩm quyền. Vậy trong trường hợp này, chúng tôi nên ưu tiên làm theo hướng dẫn của cấp nào để đảm bảo đúng quy định pháp luật và tránh sai sót?",legal_validity,abstractive,True,0.0,0.0,0.0,0.0,0.0,0.0,0.004724409448818995,0.025340014316392295,28.06997932442181
vlrag-nuance-47f9db2b8d,HybridGraph_minus_DenseGraph,"Chúng tôi là một doanh nghiệp nhỏ đang thực hiện các thủ tục hành chính liên quan đến lĩnh vực quản lý của Bộ Tư pháp. Hiện tại, chúng tôi nhận được hướng dẫn từ chính quyền địa phương cấp dưới về một quy định phân cấp, nhưng khi tham khảo các văn bản về tổ chức chính quyền địa phương thì lại thấy có sự khác biệt về thẩm quyền. Vậy trong trường hợp này, chúng tôi nên ưu tiên làm theo hướng dẫn của cấp nào để đảm bảo đúng quy định pháp luật và tránh sai sót?",legal_validity,abstractive,True,0.0,0.0,0.0,0.0,0.0,0.0,0.04543727680267459,0.021882835650786386,27.624055635420234
vlrag-nuance-4af4398745,DenseGraph_minus_DenseOnly,"Có được không khi tôi là chủ hộ kinh doanh, lúc hỏi về việc tổ chức chúc thọ cho người cao tuổi thì thấy phía Ủy ban xã hướng dẫn khác với nội dung trong văn bản của Hội đồng nhân dân tỉnh, vậy tôi nên ưu tiên làm theo hướng dẫn nào để đảm bảo đúng quy định và không bị sai sót?",legal_validity,abstractive,True,0.0,0.0,0.0,0.0,0.0,0.0,-0.043583535108958904,-0.009685230024213093,-2.4359077069993873
vlrag-nuance-4af4398745,HybridGraph_minus_HybridOnly,"Có được không khi tôi là chủ hộ kinh doanh, lúc hỏi về việc tổ chức chúc thọ cho người cao tuổi thì thấy phía Ủy ban xã hướng dẫn khác với nội dung trong văn bản của Hội đồng nhân dân tỉnh, vậy tôi nên ưu tiên làm theo hướng dẫn nào để đảm bảo đúng quy định và không bị sai sót?",legal_validity,abstractive,True,0.0,0.0,0.0,0.0,0.0,0.0,0.006379585326953707,0.005103668261562999,0.015083747999597108
vlrag-nuance-4af4398745,HybridOnly_minus_DenseOnly,"Có được không khi tôi là chủ hộ kinh doanh, lúc hỏi về việc tổ chức chúc thọ cho người cao tuổi thì thấy phía Ủy ban xã hướng dẫn khác với nội dung trong văn bản của Hội đồng nhân dân tỉnh, vậy tôi nên ưu tiên làm theo hướng dẫn nào để đảm bảo đúng quy định và không bị sai sót?",legal_validity,abstractive,True,0.0,0.0,0.0,0.0,0.0,0.0,-0.01100208147487361,-0.012191495688373494,25.56865707542119
vlrag-nuance-4af4398745,HybridGraph_minus_DenseGraph,"Có được không khi tôi là chủ hộ kinh doanh, lúc hỏi về việc tổ chức chúc thọ cho người cao tuổi thì thấy phía Ủy ban xã hướng dẫn khác với nội dung trong văn bản của Hội đồng nhân dân tỉnh, vậy tôi nên ưu tiên làm theo hướng dẫn nào để đảm bảo đúng quy định và không bị sai sót?",legal_validity,abstractive,True,0.0,0.0,0.0,0.0,0.0,0.0,0.038961038961039,0.0025974025974025983,28.019648530420174
vlrag-nuance-507641f950,DenseGraph_minus_DenseOnly,"Trước đây tôi có tìm hiểu và áp dụng cách kê khai tài sản, thu nhập theo hướng dẫn của Thanh tra Chính phủ từ năm 2007. Nay tôi muốn biết quy định cũ đó có còn giá trị sử dụng không hay tôi phải cập nhật theo hướng dẫn mới nhất nào?",legal_validity,boolean,True,0.0,0.0,0.0,0.0,0.0,0.0,0.0,0.0,-0.2998467510005858
vlrag-nuance-507641f950,HybridGraph_minus_HybridOnly,"Trước đây tôi có tìm hiểu và áp dụng cách kê khai tài sản, thu nhập theo hướng dẫn của Thanh tra Chính phủ từ năm 2007. Nay tôi muốn biết quy định cũ đó có còn giá trị sử dụng không hay tôi phải cập nhật theo hướng dẫn mới nhất nào?",legal_validity,boolean,True,0.0,0.0,0.0,0.0,0.0,0.0,0.0,0.0,-0.6570601149978756
vlrag-nuance-507641f950,HybridOnly_minus_DenseOnly,"Trước đây tôi có tìm hiểu và áp dụng cách kê khai tài sản, thu nhập theo hướng dẫn của Thanh tra Chính phủ từ năm 2007. Nay tôi muốn biết quy định cũ đó có còn giá trị sử dụng không hay tôi phải cập nhật theo hướng dẫn mới nhất nào?",legal_validity,boolean,True,0.0,0.0,0.0,0.0,0.0,0.0,0.0,0.0,26.81229096642409
vlrag-nuance-507641f950,HybridGraph_minus_DenseGraph,"Trước đây tôi có tìm hiểu và áp dụng cách kê khai tài sản, thu nhập theo hướng dẫn của Thanh tra Chính phủ từ năm 2007. Nay tôi muốn biết quy định cũ đó có còn giá trị sử dụng không hay tôi phải cập nhật theo hướng dẫn mới nhất nào?",legal_validity,boolean,True,0.0,0.0,0.0,0.0,0.0,0.0,0.0,0.0,26.4550776024268
vlrag-nuance-58469a16e9,DenseGraph_minus_DenseOnly,"Gia đình tôi làm nghề thăm dò địa chất và trước đây có áp dụng theo hướng dẫn về định mức công trình địa chất. Tuy nhiên, tôi nghe nói hiện nay quy định này đã thay đổi một phần, vậy cho tôi hỏi các quy định cũ về định mức đó hiện tại còn áp dụng toàn bộ cho công việc của chúng tôi không?",legal_validity,boolean,True,0.0,0.0,0.0,0.0,0.0,0.0,0.0,0.0,-2.572753941999509
vlrag-nuance-58469a16e9,HybridGraph_minus_HybridOnly,"Gia đình tôi làm nghề thăm dò địa chất và trước đây có áp dụng theo hướng dẫn về định mức công trình địa chất. Tuy nhiên, tôi nghe nói hiện nay quy định này đã thay đổi một phần, vậy cho tôi hỏi các quy định cũ về định mức đó hiện tại còn áp dụng toàn bộ cho công việc của chúng tôi không?",legal_validity,boolean,True,0.0,0.0,0.0,0.0,0.0,0.0,0.0,0.0,-0.8708445640004392
vlrag-nuance-58469a16e9,HybridOnly_minus_DenseOnly,"Gia đình tôi làm nghề thăm dò địa chất và trước đây có áp dụng theo hướng dẫn về định mức công trình địa chất. Tuy nhiên, tôi nghe nói hiện nay quy định này đã thay đổi một phần, vậy cho tôi hỏi các quy định cũ về định mức đó hiện tại còn áp dụng toàn bộ cho công việc của chúng tôi không?",legal_validity,boolean,True,0.0,0.0,0.0,0.0,0.0,0.0,0.142570281124498,0.142570281124498,24.0169381584189
vlrag-nuance-58469a16e9,HybridGraph_minus_DenseGraph,"Gia đình tôi làm nghề thăm dò địa chất và trước đây có áp dụng theo hướng dẫn về định mức công trình địa chất. Tuy nhiên, tôi nghe nói hiện nay quy định này đã thay đổi một phần, vậy cho tôi hỏi các quy định cũ về định mức đó hiện tại còn áp dụng toàn bộ cho công việc của chúng tôi không?",legal_validity,boolean,True,0.0,0.0,0.0,0.0,0.0,0.0,0.142570281124498,0.142570281124498,25.718847536417968
vlrag-nuance-5a8e49b493,DenseGraph_minus_DenseOnly,"Công ty tôi đang chuẩn bị hồ sơ xin cấp phép khai thác tài nguyên nước tại Đồng Tháp, nhưng nghe nói một số quy định cũ về cấp phép này đã bị bãi bỏ. Để làm việc với cơ quan chức năng, tôi cần biết căn cứ pháp lý nào xác nhận các quy định cũ năm 2015 và 2018 không còn hiệu lực để công ty tôi không áp dụng nhầm?",citation,abstractive,True,0.0,0.0,0.0,0.0,0.0,0.0,0.0,0.0,2.0234024480005246
vlrag-nuance-5a8e49b493,HybridGraph_minus_HybridOnly,"Công ty tôi đang chuẩn bị hồ sơ xin cấp phép khai thác tài nguyên nước tại Đồng Tháp, nhưng nghe nói một số quy định cũ về cấp phép này đã bị bãi bỏ. Để làm việc với cơ quan chức năng, tôi cần biết căn cứ pháp lý nào xác nhận các quy định cũ năm 2015 và 2018 không còn hiệu lực để công ty tôi không áp dụng nhầm?",citation,abstractive,True,0.0,0.0,0.0,0.0,0.0,0.0,-0.0455893832943014,-0.0619828259172521,-0.20911688400155626
vlrag-nuance-5a8e49b493,HybridOnly_minus_DenseOnly,"Công ty tôi đang chuẩn bị hồ sơ xin cấp phép khai thác tài nguyên nước tại Đồng Tháp, nhưng nghe nói một số quy định cũ về cấp phép này đã bị bãi bỏ. Để làm việc với cơ quan chức năng, tôi cần biết căn cứ pháp lý nào xác nhận các quy định cũ năm 2015 và 2018 không còn hiệu lực để công ty tôi không áp dụng nhầm?",citation,abstractive,True,0.0,0.0,0.0,0.0,0.0,0.0,0.1053571428571429,0.1053571428571429,27.760653482420537
vlrag-nuance-5a8e49b493,HybridGraph_minus_DenseGraph,"Công ty tôi đang chuẩn bị hồ sơ xin cấp phép khai thác tài nguyên nước tại Đồng Tháp, nhưng nghe nói một số quy định cũ về cấp phép này đã bị bãi bỏ. Để làm việc với cơ quan chức năng, tôi cần biết căn cứ pháp lý nào xác nhận các quy định cũ năm 2015 và 2018 không còn hiệu lực để công ty tôi không áp dụng nhầm?",citation,abstractive,True,0.0,0.0,0.0,0.0,0.0,0.0,0.0597677595628415,0.0433743169398908,25.528134150418456
vlrag-nuance-601db6f345,DenseGraph_minus_DenseOnly,"Tôi đang rà soát lại các quy định về quản lý chỉ dẫn địa lý trên địa bàn tỉnh Bắc Giang để hướng dẫn cho người dân, nhưng không rõ là quy định cũ từ năm 2010 đến nay đã có sự thay đổi hay bổ sung gì mới chưa hay vẫn giữ nguyên cách áp dụng như cũ?",legal_validity,abstractive,True,0.0,0.0,0.0,0.0,0.0,0.0,0.02457831325301199,0.02457831325301199,-4.323538527000892
vlrag-nuance-601db6f345,HybridGraph_minus_HybridOnly,"Tôi đang rà soát lại các quy định về quản lý chỉ dẫn địa lý trên địa bàn tỉnh Bắc Giang để hướng dẫn cho người dân, nhưng không rõ là quy định cũ từ năm 2010 đến nay đã có sự thay đổi hay bổ sung gì mới chưa hay vẫn giữ nguyên cách áp dụng như cũ?",legal_validity,abstractive,True,-1.0,-1.0,-0.1111111111111111,-0.3010299956639812,-0.1,0.0,0.006633499170812698,0.006633499170812698,-0.8670073009998305
vlrag-nuance-601db6f345,HybridOnly_minus_DenseOnly,"Tôi đang rà soát lại các quy định về quản lý chỉ dẫn địa lý trên địa bàn tỉnh Bắc Giang để hướng dẫn cho người dân, nhưng không rõ là quy định cũ từ năm 2010 đến nay đã có sự thay đổi hay bổ sung gì mới chưa hay vẫn giữ nguyên cách áp dụng như cũ?",legal_validity,abstractive,True,0.0,0.0,-0.1388888888888889,-0.1296465624094118,0.0,0.0,-0.015522388059701589,-0.015522388059701589,23.59714954441887
vlrag-nuance-601db6f345,HybridGraph_minus_DenseGraph,"Tôi đang rà soát lại các quy định về quản lý chỉ dẫn địa lý trên địa bàn tỉnh Bắc Giang để hướng dẫn cho người dân, nhưng không rõ là quy định cũ từ năm 2010 đến nay đã có sự thay đổi hay bổ sung gì mới chưa hay vẫn giữ nguyên cách áp dụng như cũ?",legal_validity,abstractive,True,-1.0,-1.0,-0.25,-0.430676558073393,-0.1,0.0,-0.03346720214190088,-0.03346720214190088,27.05368077041993
vlrag-nuance-61b36651f5,DenseGraph_minus_DenseOnly,"Tôi đang dự định thuê đất của Nhà nước tại Cần Thơ để làm nhà xưởng sản xuất, khu đất đó trước đây là đất chuyên trồng lúa. Vậy tôi có phải nộp khoản tiền gì để bổ sung diện tích đất lúa bị mất hay không?",single_hop,boolean,True,0.0,0.0,0.0,0.0,0.0,0.0,0.0,0.0,3.3693490209998345
vlrag-nuance-61b36651f5,HybridGraph_minus_HybridOnly,"Tôi đang dự định thuê đất của Nhà nước tại Cần Thơ để làm nhà xưởng sản xuất, khu đất đó trước đây là đất chuyên trồng lúa. Vậy tôi có phải nộp khoản tiền gì để bổ sung diện tích đất lúa bị mất hay không?",single_hop,boolean,True,0.0,0.0,0.0,0.0,0.0,0.0,0.0,0.0,-0.4742638130010164
vlrag-nuance-61b36651f5,HybridOnly_minus_DenseOnly,"Tôi đang dự định thuê đất của Nhà nước tại Cần Thơ để làm nhà xưởng sản xuất, khu đất đó trước đây là đất chuyên trồng lúa. Vậy tôi có phải nộp khoản tiền gì để bổ sung diện tích đất lúa bị mất hay không?",single_hop,boolean,True,-1.0,-1.0,-0.3333333333333333,-0.5,-0.1,0.0,0.0,0.0,27.509423452423736
vlrag-nuance-61b36651f5,HybridGraph_minus_DenseGraph,"Tôi đang dự định thuê đất của Nhà nước tại Cần Thơ để làm nhà xưởng sản xuất, khu đất đó trước đây là đất chuyên trồng lúa. Vậy tôi có phải nộp khoản tiền gì để bổ sung diện tích đất lúa bị mất hay không?",single_hop,boolean,True,-1.0,-1.0,-0.3333333333333333,-0.5,-0.1,0.0,0.0,0.0,23.665810618422885
vlrag-nuance-632bcb76e9,DenseGraph_minus_DenseOnly,"Có được hướng dẫn của tỉnh Bình Dương về các loại giấy tờ để làm sổ đỏ cho đất có trước năm 1993, nhưng khi tôi hỏi thì thấy có chỗ bảo phải làm theo quy định của Quốc hội mới, có chỗ lại bảo cứ theo của tỉnh là được. Vậy tôi nên làm theo hướng dẫn nào để hồ sơ của mình đúng luật và không bị từ chối ạ?",legal_validity,abstractive,True,-0.5,-1.0,-0.125,-0.1934264036172708,-0.1,0.0,0.01678389860018109,-0.0053624904241242055,-0.6393286550000985
vlrag-nuance-632bcb76e9,HybridGraph_minus_HybridOnly,"Có được hướng dẫn của tỉnh Bình Dương về các loại giấy tờ để làm sổ đỏ cho đất có trước năm 1993, nhưng khi tôi hỏi thì thấy có chỗ bảo phải làm theo quy định của Quốc hội mới, có chỗ lại bảo cứ theo của tỉnh là được. Vậy tôi nên làm theo hướng dẫn nào để hồ sơ của mình đúng luật và không bị từ chối ạ?",legal_validity,abstractive,True,0.0,0.0,0.0,0.0,0.0,0.0,0.0517832329782307,0.01232051875868459,0.22811334699508734
vlrag-nuance-632bcb76e9,HybridOnly_minus_DenseOnly,"Có được hướng dẫn của tỉnh Bình Dương về các loại giấy tờ để làm sổ đỏ cho đất có trước năm 1993, nhưng khi tôi hỏi thì thấy có chỗ bảo phải làm theo quy định của Quốc hội mới, có chỗ lại bảo cứ theo của tỉnh là được. Vậy tôi nên làm theo hướng dẫn nào để hồ sơ của mình đúng luật và không bị từ chối ạ?",legal_validity,abstractive,True,-0.5,-1.0,-0.125,-0.1934264036172708,-0.1,0.0,-0.0036853295535081154,-0.003118355776045384,26.95349662142388
vlrag-nuance-632bcb76e9,HybridGraph_minus_DenseGraph,"Có được hướng dẫn của tỉnh Bình Dương về các loại giấy tờ để làm sổ đỏ cho đất có trước năm 1993, nhưng khi tôi hỏi thì thấy có chỗ bảo phải làm theo quy định của Quốc hội mới, có chỗ lại bảo cứ theo của tỉnh là được. Vậy tôi nên làm theo hướng dẫn nào để hồ sơ của mình đúng luật và không bị từ chối ạ?",legal_validity,abstractive,True,0.0,0.0,0.0,0.0,0.0,0.0,0.0313140048245415,0.014564653406763411,27.820938623419067
vlrag-nuance-6563358334,DenseGraph_minus_DenseOnly,"Tôi đang làm việc tại Văn phòng Ủy ban nhân dân tỉnh Bình Thuận. Cách đây mấy năm tôi có nắm về cơ cấu tổ chức và nhiệm vụ của cơ quan mình theo một quy định cũ, không biết đến nay thì những quy định đó có gì thay đổi hay phải cập nhật theo hướng dẫn mới nào không?",legal_validity,abstractive,True,0.0,0.0,0.0,0.0,0.0,0.0,0.13872766587003532,0.16171617161716179,-2.1516590120008905
vlrag-nuance-6563358334,HybridGraph_minus_HybridOnly,"Tôi đang làm việc tại Văn phòng Ủy ban nhân dân tỉnh Bình Thuận. Cách đây mấy năm tôi có nắm về cơ cấu tổ chức và nhiệm vụ của cơ quan mình theo một quy định cũ, không biết đến nay thì những quy định đó có gì thay đổi hay phải cập nhật theo hướng dẫn mới nào không?",legal_validity,abstractive,True,0.0,0.0,0.0,0.0,0.0,0.0,-0.05938756572842557,-0.10609341169192699,-0.08735511300255894
vlrag-nuance-6563358334,HybridOnly_minus_DenseOnly,"Tôi đang làm việc tại Văn phòng Ủy ban nhân dân tỉnh Bình Thuận. Cách đây mấy năm tôi có nắm về cơ cấu tổ chức và nhiệm vụ của cơ quan mình theo một quy định cũ, không biết đến nay thì những quy định đó có gì thay đổi hay phải cập nhật theo hướng dẫn mới nào không?",legal_validity,abstractive,True,0.0,0.0,0.0,0.0,0.0,0.0,0.0965083495987854,0.1006289308176101,25.228026360421328
vlrag-nuance-6563358334,HybridGraph_minus_DenseGraph,"Tôi đang làm việc tại Văn phòng Ủy ban nhân dân tỉnh Bình Thuận. Cách đây mấy năm tôi có nắm về cơ cấu tổ chức và nhiệm vụ của cơ quan mình theo một quy định cũ, không biết đến nay thì những quy định đó có gì thay đổi hay phải cập nhật theo hướng dẫn mới nào không?",legal_validity,abstractive,True,0.0,0.0,0.0,0.0,0.0,0.0,-0.10160688199967549,-0.16718065249147868,27.29233025941966
vlrag-nuance-67b463ff69,DenseGraph_minus_DenseOnly,"Sắp tới tôi có dự định mua công trái xây dựng Tổ quốc theo quy định cũ từ năm 1983, liệu những quy định đó hiện nay có còn áp dụng toàn bộ cho việc phát hành công trái không, hay là đã có thay đổi gì rồi?",legal_validity,boolean,True,0.0,0.0,0.0,0.0,0.0,0.0,0.0,0.0,-0.41959671800123033
vlrag-nuance-67b463ff69,HybridGraph_minus_HybridOnly,"Sắp tới tôi có dự định mua công trái xây dựng Tổ quốc theo quy định cũ từ năm 1983, liệu những quy định đó hiện nay có còn áp dụng toàn bộ cho việc phát hành công trái không, hay là đã có thay đổi gì rồi?",legal_validity,boolean,True,0.0,0.0,0.0,0.0,0.0,0.0,0.0,0.0,1.0060464529997262
vlrag-nuance-67b463ff69,HybridOnly_minus_DenseOnly,"Sắp tới tôi có dự định mua công trái xây dựng Tổ quốc theo quy định cũ từ năm 1983, liệu những quy định đó hiện nay có còn áp dụng toàn bộ cho việc phát hành công trái không, hay là đã có thay đổi gì rồi?",legal_validity,boolean,True,0.0,0.0,0.0,0.0,0.0,0.0,0.1666666666666666,0.1666666666666666,25.58167728741927
vlrag-nuance-67b463ff69,HybridGraph_minus_DenseGraph,"Sắp tới tôi có dự định mua công trái xây dựng Tổ quốc theo quy định cũ từ năm 1983, liệu những quy định đó hiện nay có còn áp dụng toàn bộ cho việc phát hành công trái không, hay là đã có thay đổi gì rồi?",legal_validity,boolean,True,0.0,0.0,0.0,0.0,0.0,0.0,0.1666666666666666,0.1666666666666666,27.007320458420228
vlrag-nuance-6a60ea0108,DenseGraph_minus_DenseOnly,"Doanh nghiệp của tôi có một số tài sản và vật kiến trúc nằm trong diện giải phóng mặt bằng tại Thanh Hóa. Trước đây tôi có làm theo một bộ quy định cũ về giá bồi thường, nhưng nay tôi không rõ những đơn giá này có còn được áp dụng cho hồ sơ bồi thường hiện tại hay không, hay đã có thay đổi mới rồi?",legal_validity,boolean,True,-0.3333333333333333,-1.0,-0.5,-0.2960819109658652,-0.1,0.0,0.1406926406926407,0.1406926406926407,0.7550275499997952
vlrag-nuance-6a60ea0108,HybridGraph_minus_HybridOnly,"Doanh nghiệp của tôi có một số tài sản và vật kiến trúc nằm trong diện giải phóng mặt bằng tại Thanh Hóa. Trước đây tôi có làm theo một bộ quy định cũ về giá bồi thường, nhưng nay tôi không rõ những đơn giá này có còn được áp dụng cho hồ sơ bồi thường hiện tại hay không, hay đã có thay đổi mới rồi?",legal_validity,boolean,True,-0.3333333333333333,-1.0,-0.3333333333333333,-0.2346393630113782,-0.1,0.0,0.1505376344086021,0.1505376344086021,0.3561234859989746
vlrag-nuance-6a60ea0108,HybridOnly_minus_DenseOnly,"Doanh nghiệp của tôi có một số tài sản và vật kiến trúc nằm trong diện giải phóng mặt bằng tại Thanh Hóa. Trước đây tôi có làm theo một bộ quy định cũ về giá bồi thường, nhưng nay tôi không rõ những đơn giá này có còn được áp dụng cho hồ sơ bồi thường hiện tại hay không, hay đã có thay đổi mới rồi?",legal_validity,boolean,True,0.0,0.0,-0.16666666666666669,-0.06144254795448703,0.0,0.0,-0.009844993715961401,-0.009844993715961401,26.320155409420014
vlrag-nuance-6a60ea0108,HybridGraph_minus_DenseGraph,"Doanh nghiệp của tôi có một số tài sản và vật kiến trúc nằm trong diện giải phóng mặt bằng tại Thanh Hóa. Trước đây tôi có làm theo một bộ quy định cũ về giá bồi thường, nhưng nay tôi không rõ những đơn giá này có còn được áp dụng cho hồ sơ bồi thường hiện tại hay không, hay đã có thay đổi mới rồi?",legal_validity,boolean,True,0.0,0.0,0.0,0.0,0.0,0.0,0.0,0.0,25.921251345419194
vlrag-nuance-6ca1597640,DenseGraph_minus_DenseOnly,"Làm sao để tôi biết nên theo hướng dẫn nào khi mà ở xã thì bảo việc bố trí nhân viên thú y phải làm theo quy định riêng của tỉnh, còn một số chỗ khác lại nói phải ưu tiên áp dụng theo Luật do Quốc hội ban hành, khiến tôi rất hoang mang không biết phải nghe bên nào?",legal_validity,abstractive,True,0.0,0.0,0.0,0.0,0.0,0.0,-0.008597014925373209,0.02340298507462689,-1.5105810470004144
vlrag-nuance-6ca1597640,HybridGraph_minus_HybridOnly,"Làm sao để tôi biết nên theo hướng dẫn nào khi mà ở xã thì bảo việc bố trí nhân viên thú y phải làm theo quy định riêng của tỉnh, còn một số chỗ khác lại nói phải ưu tiên áp dụng theo Luật do Quốc hội ban hành, khiến tôi rất hoang mang không biết phải nghe bên nào?",legal_validity,abstractive,True,0.0,0.0,0.0,0.0,0.0,0.0,0.018213472612829795,0.018213472612829795,-0.4397694210019836
vlrag-nuance-6ca1597640,HybridOnly_minus_DenseOnly,"Làm sao để tôi biết nên theo hướng dẫn nào khi mà ở xã thì bảo việc bố trí nhân viên thú y phải làm theo quy định riêng của tỉnh, còn một số chỗ khác lại nói phải ưu tiên áp dụng theo Luật do Quốc hội ban hành, khiến tôi rất hoang mang không biết phải nghe bên nào?",legal_validity,abstractive,True,0.0,0.0,0.0,0.0,0.0,0.0,-0.005862595419847405,0.026137404580152693,26.579193182422102
vlrag-nuance-6ca1597640,HybridGraph_minus_DenseGraph,"Làm sao để tôi biết nên theo hướng dẫn nào khi mà ở xã thì bảo việc bố trí nhân viên thú y phải làm theo quy định riêng của tỉnh, còn một số chỗ khác lại nói phải ưu tiên áp dụng theo Luật do Quốc hội ban hành, khiến tôi rất hoang mang không biết phải nghe bên nào?",legal_validity,abstractive,True,0.0,0.0,0.0,0.0,0.0,0.0,0.0209478921183556,0.0209478921183556,27.650004808420533
vlrag-nuance-6d8ab1d2bc,DenseGraph_minus_DenseOnly,"Tôi đang là cán bộ trực tại bệnh viện. Hiện tại có người bệnh đã nằm viện từ trước, nay vừa có quy định mới về khung giá dịch vụ khám chữa bệnh thay đổi, vậy đối với những người đang điều trị này thì chúng tôi sẽ thu tiền theo mức giá mới hay vẫn áp dụng mức giá cũ cho đến khi họ xuất viện?",single_hop,abstractive,True,0.0,0.0,0.0,0.0,0.0,0.0,0.05126452494873541,0.05126452494873541,-5.573125070999595
vlrag-nuance-6d8ab1d2bc,HybridGraph_minus_HybridOnly,"Tôi đang là cán bộ trực tại bệnh viện. Hiện tại có người bệnh đã nằm viện từ trước, nay vừa có quy định mới về khung giá dịch vụ khám chữa bệnh thay đổi, vậy đối với những người đang điều trị này thì chúng tôi sẽ thu tiền theo mức giá mới hay vẫn áp dụng mức giá cũ cho đến khi họ xuất viện?",single_hop,abstractive,True,0.0,0.0,0.0,0.0,0.0,0.0,0.05925925925925932,0.05925925925925932,-0.14497527799903764
vlrag-nuance-6d8ab1d2bc,HybridOnly_minus_DenseOnly,"Tôi đang là cán bộ trực tại bệnh viện. Hiện tại có người bệnh đã nằm viện từ trước, nay vừa có quy định mới về khung giá dịch vụ khám chữa bệnh thay đổi, vậy đối với những người đang điều trị này thì chúng tôi sẽ thu tiền theo mức giá mới hay vẫn áp dụng mức giá cũ cho đến khi họ xuất viện?",single_hop,abstractive,True,0.0,0.0,0.0,0.0,0.0,0.0,0.0362573099415204,0.0362573099415204,21.824624705422767
vlrag-nuance-6d8ab1d2bc,HybridGraph_minus_DenseGraph,"Tôi đang là cán bộ trực tại bệnh viện. Hiện tại có người bệnh đã nằm viện từ trước, nay vừa có quy định mới về khung giá dịch vụ khám chữa bệnh thay đổi, vậy đối với những người đang điều trị này thì chúng tôi sẽ thu tiền theo mức giá mới hay vẫn áp dụng mức giá cũ cho đến khi họ xuất viện?",single_hop,abstractive,True,0.0,0.0,0.0,0.0,0.0,0.0,0.044252044252044306,0.044252044252044306,27.252774498423324
vlrag-nuance-730e3f8322,DenseGraph_minus_DenseOnly,"Có cần phải làm theo toàn bộ quy định về quản lý và sử dụng thư điện tử trong cơ quan nhà nước tại tỉnh mình như trước đây không, hay hiện tại đã có những sửa đổi, bãi bỏ một số phần rồi?",legal_validity,boolean,True,0.0,0.0,0.0,0.0,0.0,0.0,-0.00030864197530859963,-0.00030864197530859963,0.21911350400023366
vlrag-nuance-730e3f8322,HybridGraph_minus_HybridOnly,"Có cần phải làm theo toàn bộ quy định về quản lý và sử dụng thư điện tử trong cơ quan nhà nước tại tỉnh mình như trước đây không, hay hiện tại đã có những sửa đổi, bãi bỏ một số phần rồi?",legal_validity,boolean,True,-0.5,-1.0,-0.1666666666666666,-0.2184074368181641,-0.1,0.0,0.0003330003330003009,0.0003330003330003009,0.6372375909995682
vlrag-nuance-730e3f8322,HybridOnly_minus_DenseOnly,"Có cần phải làm theo toàn bộ quy định về quản lý và sử dụng thư điện tử trong cơ quan nhà nước tại tỉnh mình như trước đây không, hay hiện tại đã có những sửa đổi, bãi bỏ một số phần rồi?",legal_validity,boolean,True,0.0,0.0,-0.1666666666666667,-0.08816615956456508,0.0,0.0,0.0006410256410256977,0.0006410256410256977,27.25313837941912
vlrag-nuance-730e3f8322,HybridGraph_minus_DenseGraph,"Có cần phải làm theo toàn bộ quy định về quản lý và sử dụng thư điện tử trong cơ quan nhà nước tại tỉnh mình như trước đây không, hay hiện tại đã có những sửa đổi, bãi bỏ một số phần rồi?",legal_validity,boolean,True,-0.5,-1.0,-0.3333333333333333,-0.3065735963827292,-0.1,0.0,0.0012826679493345983,0.0012826679493345983,27.671262466418455
vlrag-nuance-77732d53ad,DenseGraph_minus_DenseOnly,"Nếu trước đây tôi từng áp dụng các quy định về mức thu lệ phí hộ tịch tại An Giang theo văn bản cũ, thì hiện nay tôi có nên tiếp tục làm theo cách đó không, hay đã có thay đổi mới mà doanh nghiệp tôi cần phải cập nhật?",legal_validity,abstractive,True,0.0,0.0,0.0,0.0,0.0,0.0,-0.041902367483762804,-0.013408757594804116,-0.19648014599988528
vlrag-nuance-77732d53ad,HybridGraph_minus_HybridOnly,"Nếu trước đây tôi từng áp dụng các quy định về mức thu lệ phí hộ tịch tại An Giang theo văn bản cũ, thì hiện nay tôi có nên tiếp tục làm theo cách đó không, hay đã có thay đổi mới mà doanh nghiệp tôi cần phải cập nhật?",legal_validity,abstractive,True,0.0,0.0,0.0,0.0,0.0,0.0,0.0490221642764016,0.0521512385919166,-0.7083518660001538
vlrag-nuance-77732d53ad,HybridOnly_minus_DenseOnly,"Nếu trước đây tôi từng áp dụng các quy định về mức thu lệ phí hộ tịch tại An Giang theo văn bản cũ, thì hiện nay tôi có nên tiếp tục làm theo cách đó không, hay đã có thay đổi mới mà doanh nghiệp tôi cần phải cập nhật?",legal_validity,abstractive,True,0.0,0.0,0.0,0.0,0.0,0.0,-0.050453291288923896,-0.037839968466693005,26.12791808242281
vlrag-nuance-77732d53ad,HybridGraph_minus_DenseGraph,"Nếu trước đây tôi từng áp dụng các quy định về mức thu lệ phí hộ tịch tại An Giang theo văn bản cũ, thì hiện nay tôi có nên tiếp tục làm theo cách đó không, hay đã có thay đổi mới mà doanh nghiệp tôi cần phải cập nhật?",legal_validity,abstractive,True,0.0,0.0,0.0,0.0,0.0,0.0,0.04047124047124051,0.027720027720027712,25.61604636242254
vlrag-nuance-7b09604230,DenseGraph_minus_DenseOnly,"Nếu trong quá trình triển khai các dự án khoa học và công nghệ tại địa phương, chúng tôi gặp những vướng mắc thực tế mà vượt quá thẩm quyền giải quyết của đơn vị thì phải xử lý như thế nào để được tháo gỡ?",single_hop,abstractive,True,0.0,0.0,0.0,0.0,0.0,0.0,0.03182870370370369,0.020254629629629595,-1.503335250001328
vlrag-nuance-7b09604230,HybridGraph_minus_HybridOnly,"Nếu trong quá trình triển khai các dự án khoa học và công nghệ tại địa phương, chúng tôi gặp những vướng mắc thực tế mà vượt quá thẩm quyền giải quyết của đơn vị thì phải xử lý như thế nào để được tháo gỡ?",single_hop,abstractive,True,0.0,0.0,0.0,0.0,0.0,0.0,0.0267857142857143,0.014880952380952397,-0.544226878995687
vlrag-nuance-7b09604230,HybridOnly_minus_DenseOnly,"Nếu trong quá trình triển khai các dự án khoa học và công nghệ tại địa phương, chúng tôi gặp những vướng mắc thực tế mà vượt quá thẩm quyền giải quyết của đơn vị thì phải xử lý như thế nào để được tháo gỡ?",single_hop,abstractive,True,0.0,0.0,0.0,0.0,0.0,0.0,-0.011160714285714302,-0.020089285714285796,25.12769454841572
vlrag-nuance-7b09604230,HybridGraph_minus_DenseGraph,"Nếu trong quá trình triển khai các dự án khoa học và công nghệ tại địa phương, chúng tôi gặp những vướng mắc thực tế mà vượt quá thẩm quyền giải quyết của đơn vị thì phải xử lý như thế nào để được tháo gỡ?",single_hop,abstractive,True,0.0,0.0,0.0,0.0,0.0,0.0,-0.016203703703703692,-0.025462962962962993,26.086802919421363
vlrag-nuance-7ccc688d5b,DenseGraph_minus_DenseOnly,"Trong trường hợp xã của tôi trước đây đang áp dụng mức hỗ trợ kinh phí hoạt động cho Mặt trận Tổ quốc và các đoàn thể theo hướng dẫn cũ từ năm 2008, thì nay mức khoán kinh phí này có còn được áp dụng như cũ không hay đã có sự thay đổi mới rồi?",legal_validity,boolean,True,0.0,0.0,0.0,0.0,0.0,0.0,0.0015882469724042003,0.0015882469724042003,-2.290258431001348
vlrag-nuance-7ccc688d5b,HybridGraph_minus_HybridOnly,"Trong trường hợp xã của tôi trước đây đang áp dụng mức hỗ trợ kinh phí hoạt động cho Mặt trận Tổ quốc và các đoàn thể theo hướng dẫn cũ từ năm 2008, thì nay mức khoán kinh phí này có còn được áp dụng như cũ không hay đã có sự thay đổi mới rồi?",legal_validity,boolean,True,0.0,0.0,0.0,0.0,0.0,0.0,0.003174603174603198,0.003174603174603198,-0.47869865599568584
vlrag-nuance-7ccc688d5b,HybridOnly_minus_DenseOnly,"Trong trường hợp xã của tôi trước đây đang áp dụng mức hỗ trợ kinh phí hoạt động cho Mặt trận Tổ quốc và các đoàn thể theo hướng dẫn cũ từ năm 2008, thì nay mức khoán kinh phí này có còn được áp dụng như cũ không hay đã có sự thay đổi mới rồi?",legal_validity,boolean,True,0.0,0.0,0.0,0.0,0.0,0.0,-0.0083496412263536,-0.0083496412263536,25.910729940414686
vlrag-nuance-7ccc688d5b,HybridGraph_minus_DenseGraph,"Trong trường hợp xã của tôi trước đây đang áp dụng mức hỗ trợ kinh phí hoạt động cho Mặt trận Tổ quốc và các đoàn thể theo hướng dẫn cũ từ năm 2008, thì nay mức khoán kinh phí này có còn được áp dụng như cũ không hay đã có sự thay đổi mới rồi?",legal_validity,boolean,True,0.0,0.0,0.0,0.0,0.0,0.0,-0.006763285024154603,-0.006763285024154603,27.72228971542035
vlrag-nuance-86ef53dd4f,DenseGraph_minus_DenseOnly,"Chúng tôi là hộ kinh doanh chuyên cung cấp hàng thủy sản. Trước đây chúng tôi thực hiện việc kiểm tra và chứng nhận chất lượng hàng hóa theo một quy định cũ của Bộ Thủy sản, nhưng mới nghe nói gần đây có một số quy định về thủ tục hành chính đã được sửa đổi và bãi bỏ. Vậy trường hợp của hộ kinh doanh chúng tôi thì hiện tại cần áp dụng theo hướng dẫn nào, liệu cách làm cũ có còn hoàn toàn hiệu lực không hay đã thay đổi phần nào rồi?",legal_validity,abstractive,True,0.0,0.0,0.0,0.0,0.0,0.0,0.002802952443240199,-0.011585536765392899,0.4368982430005417
vlrag-nuance-86ef53dd4f,HybridGraph_minus_HybridOnly,"Chúng tôi là hộ kinh doanh chuyên cung cấp hàng thủy sản. Trước đây chúng tôi thực hiện việc kiểm tra và chứng nhận chất lượng hàng hóa theo một quy định cũ của Bộ Thủy sản, nhưng mới nghe nói gần đây có một số quy định về thủ tục hành chính đã được sửa đổi và bãi bỏ. Vậy trường hợp của hộ kinh doanh chúng tôi thì hiện tại cần áp dụng theo hướng dẫn nào, liệu cách làm cũ có còn hoàn toàn hiệu lực không hay đã thay đổi phần nào rồi?",legal_validity,abstractive,True,0.0,0.0,0.0,0.0,0.0,0.0,0.0030804774740084973,-0.017327685791297603,0.8771395990006567
vlrag-nuance-86ef53dd4f,HybridOnly_minus_DenseOnly,"Chúng tôi là hộ kinh doanh chuyên cung cấp hàng thủy sản. Trước đây chúng tôi thực hiện việc kiểm tra và chứng nhận chất lượng hàng hóa theo một quy định cũ của Bộ Thủy sản, nhưng mới nghe nói gần đây có một số quy định về thủ tục hành chính đã được sửa đổi và bãi bỏ. Vậy trường hợp của hộ kinh doanh chúng tôi thì hiện tại cần áp dụng theo hướng dẫn nào, liệu cách làm cũ có còn hoàn toàn hiệu lực không hay đã thay đổi phần nào rồi?",legal_validity,abstractive,True,0.0,0.0,0.0,0.0,0.0,0.0,0.011761823082577803,0.011761823082577803,25.2382438704214
vlrag-nuance-86ef53dd4f,HybridGraph_minus_DenseGraph,"Chúng tôi là hộ kinh doanh chuyên cung cấp hàng thủy sản. Trước đây chúng tôi thực hiện việc kiểm tra và chứng nhận chất lượng hàng hóa theo một quy định cũ của Bộ Thủy sản, nhưng mới nghe nói gần đây có một số quy định về thủ tục hành chính đã được sửa đổi và bãi bỏ. Vậy trường hợp của hộ kinh doanh chúng tôi thì hiện tại cần áp dụng theo hướng dẫn nào, liệu cách làm cũ có còn hoàn toàn hiệu lực không hay đã thay đổi phần nào rồi?",legal_validity,abstractive,True,0.0,0.0,0.0,0.0,0.0,0.0,0.012039348113346102,0.006019674056673099,25.678485226421515
vlrag-nuance-8b67c9eb66,DenseGraph_minus_DenseOnly,"Gia đình tôi đang tìm hiểu về cách tính giá dịch vụ thoát nước tại địa phương. Tuy nhiên, một bên thì hướng dẫn tôi tính theo quy định về giá chung, một bên lại bảo tôi phải theo hướng dẫn về dịch vụ thoát nước riêng. Tôi không biết mình nên theo văn bản nào thì đúng để tránh làm sai quy định, mong được giải đáp?",legal_validity,abstractive,True,0.0,0.0,0.0,0.0,0.0,0.0,-0.019758368990687114,-0.04366977095393909,-0.1684450429993376
vlrag-nuance-8b67c9eb66,HybridGraph_minus_HybridOnly,"Gia đình tôi đang tìm hiểu về cách tính giá dịch vụ thoát nước tại địa phương. Tuy nhiên, một bên thì hướng dẫn tôi tính theo quy định về giá chung, một bên lại bảo tôi phải theo hướng dẫn về dịch vụ thoát nước riêng. Tôi không biết mình nên theo văn bản nào thì đúng để tránh làm sai quy định, mong được giải đáp?",legal_validity,abstractive,True,0.0,0.0,0.0,0.0,0.0,0.0,-0.0420542635658914,-0.017538759689922384,4.72812347999934
vlrag-nuance-8b67c9eb66,HybridOnly_minus_DenseOnly,"Gia đình tôi đang tìm hiểu về cách tính giá dịch vụ thoát nước tại địa phương. Tuy nhiên, một bên thì hướng dẫn tôi tính theo quy định về giá chung, một bên lại bảo tôi phải theo hướng dẫn về dịch vụ thoát nước riêng. Tôi không biết mình nên theo văn bản nào thì đúng để tránh làm sai quy định, mong được giải đáp?",legal_validity,abstractive,True,0.0,0.0,0.0,0.0,0.0,0.0,-0.00708366746859132,-0.0346164127238707,26.988807002417786
vlrag-nuance-8b67c9eb66,HybridGraph_minus_DenseGraph,"Gia đình tôi đang tìm hiểu về cách tính giá dịch vụ thoát nước tại địa phương. Tuy nhiên, một bên thì hướng dẫn tôi tính theo quy định về giá chung, một bên lại bảo tôi phải theo hướng dẫn về dịch vụ thoát nước riêng. Tôi không biết mình nên theo văn bản nào thì đúng để tránh làm sai quy định, mong được giải đáp?",legal_validity,abstractive,True,0.0,0.0,0.0,0.0,0.0,0.0,-0.029379562043795604,-0.008485401459853992,31.885375525416464
vlrag-nuance-8e805ad2a0,DenseGraph_minus_DenseOnly,"Trong trường hợp hợp tác xã của chúng tôi muốn hạch toán khi phát sinh việc xuất kho nguyên liệu chính để đưa vào sửa chữa lớn tài sản cố định, tôi cần căn cứ pháp lý nào để làm căn cứ hạch toán cho đúng quy định?",citation,extractive,True,0.6,0.0,0.0,0.35900951257909974,0.3,0.0,0.03156565656565652,0.04166666666666671,-0.44043510099982086
vlrag-nuance-8e805ad2a0,HybridGraph_minus_HybridOnly,"Trong trường hợp hợp tác xã của chúng tôi muốn hạch toán khi phát sinh việc xuất kho nguyên liệu chính để đưa vào sửa chữa lớn tài sản cố định, tôi cần căn cứ pháp lý nào để làm căn cứ hạch toán cho đúng quy định?",citation,extractive,True,0.6,0.0,0.0,0.5296347172140421,0.3,0.0,0.17818181818181822,0.1575757575757576,-0.4823574229958467
vlrag-nuance-8e805ad2a0,HybridOnly_minus_DenseOnly,"Trong trường hợp hợp tác xã của chúng tôi muốn hạch toán khi phát sinh việc xuất kho nguyên liệu chính để đưa vào sửa chữa lớn tài sản cố định, tôi cần căn cứ pháp lý nào để làm căn cứ hạch toán cho đúng quy định?",citation,extractive,True,0.0,0.0,0.75,0.21124353118537942,0.0,0.0,0.04277777777777769,0.05833333333333332,27.410609995423044
vlrag-nuance-8e805ad2a0,HybridGraph_minus_DenseGraph,"Trong trường hợp hợp tác xã của chúng tôi muốn hạch toán khi phát sinh việc xuất kho nguyên liệu chính để đưa vào sửa chữa lớn tài sản cố định, tôi cần căn cứ pháp lý nào để làm căn cứ hạch toán cho đúng quy định?",citation,extractive,True,0.0,0.0,0.75,0.38186873582032177,0.0,0.0,0.1893939393939394,0.1742424242424242,27.36868767342702
vlrag-nuance-9633b1b501,DenseGraph_minus_DenseOnly,"Chúng tôi là gia đình có con vừa tốt nghiệp bác sĩ, trước đây chúng tôi có nghe nói về chính sách thu hút bác sĩ về các cơ sở y tế công lập tại tỉnh Đắk Nông giai đoạn 2015-2020. Hiện nay con tôi muốn đăng ký theo diện này thì chính sách đó còn áp dụng cho con tôi không, hay đã có thay đổi gì rồi?",legal_validity,boolean,True,-0.5,-1.0,-0.1428571428571428,-0.2043823975884861,-0.1,0.0,0.009002250562640698,0.009002250562640698,-0.3161482240002442
vlrag-nuance-9633b1b501,HybridGraph_minus_HybridOnly,"Chúng tôi là gia đình có con vừa tốt nghiệp bác sĩ, trước đây chúng tôi có nghe nói về chính sách thu hút bác sĩ về các cơ sở y tế công lập tại tỉnh Đắk Nông giai đoạn 2015-2020. Hiện nay con tôi muốn đăng ký theo diện này thì chính sách đó còn áp dụng cho con tôi không, hay đã có thay đổi gì rồi?",legal_validity,boolean,True,0.0,0.0,0.0,0.0,0.0,0.0,-0.024390243902439,-0.024390243902439,1.3419117199991852
vlrag-nuance-9633b1b501,HybridOnly_minus_DenseOnly,"Chúng tôi là gia đình có con vừa tốt nghiệp bác sĩ, trước đây chúng tôi có nghe nói về chính sách thu hút bác sĩ về các cơ sở y tế công lập tại tỉnh Đắk Nông giai đoạn 2015-2020. Hiện nay con tôi muốn đăng ký theo diện này thì chính sách đó còn áp dụng cho con tôi không, hay đã có thay đổi gì rồi?",legal_validity,boolean,True,-0.5,-1.0,-0.1428571428571428,-0.2043823975884861,-0.1,0.0,0.001134429948950702,0.001134429948950702,26.0223202424192
vlrag-nuance-9633b1b501,HybridGraph_minus_DenseGraph,"Chúng tôi là gia đình có con vừa tốt nghiệp bác sĩ, trước đây chúng tôi có nghe nói về chính sách thu hút bác sĩ về các cơ sở y tế công lập tại tỉnh Đắk Nông giai đoạn 2015-2020. Hiện nay con tôi muốn đăng ký theo diện này thì chính sách đó còn áp dụng cho con tôi không, hay đã có thay đổi gì rồi?",legal_validity,boolean,True,0.0,0.0,0.0,0.0,0.0,0.0,-0.032258064516129,-0.032258064516129,27.68038018641863
vlrag-nuance-967396a5d3,DenseGraph_minus_DenseOnly,"Tôi là chủ một cơ sở kinh doanh tại Tuyên Quang, trước đây tôi làm theo quy định về các mức phí và lệ phí từ năm 2006, không biết hiện nay tôi có còn áp dụng theo mức đó được không hay đã có thay đổi gì khác rồi?",legal_validity,boolean,True,-0.3333333333333333,-1.0,-0.1111111111111111,-0.1412669728598289,-0.1,0.0,0.0112554112554113,0.0112554112554113,0.6346823289995891
vlrag-nuance-967396a5d3,HybridGraph_minus_HybridOnly,"Tôi là chủ một cơ sở kinh doanh tại Tuyên Quang, trước đây tôi làm theo quy định về các mức phí và lệ phí từ năm 2006, không biết hiện nay tôi có còn áp dụng theo mức đó được không hay đã có thay đổi gì khác rồi?",legal_validity,boolean,True,0.0,0.0,0.0,0.0,0.0,0.0,-0.0110479797979798,-0.0110479797979798,-0.31519557999854086
vlrag-nuance-967396a5d3,HybridOnly_minus_DenseOnly,"Tôi là chủ một cơ sở kinh doanh tại Tuyên Quang, trước đây tôi làm theo quy định về các mức phí và lệ phí từ năm 2006, không biết hiện nay tôi có còn áp dụng theo mức đó được không hay đã có thay đổi gì khác rồi?",legal_validity,boolean,True,-0.3333333333333333,-1.0,-0.1111111111111111,-0.1412669728598289,-0.1,0.0,0.012202380952381,0.012202380952381,26.466038587424634
vlrag-nuance-967396a5d3,HybridGraph_minus_DenseGraph,"Tôi là chủ một cơ sở kinh doanh tại Tuyên Quang, trước đây tôi làm theo quy định về các mức phí và lệ phí từ năm 2006, không biết hiện nay tôi có còn áp dụng theo mức đó được không hay đã có thay đổi gì khác rồi?",legal_validity,boolean,True,0.0,0.0,0.0,0.0,0.0,0.0,-0.0101010101010101,-0.0101010101010101,25.516160678426505
vlrag-nuance-9c03848bb1,DenseGraph_minus_DenseOnly,"Sắp tới tôi dự định làm hồ sơ xin miễn giảm tiền sử dụng đất do mình thuộc diện người có công với cách mạng tại tỉnh Bình Dương. Tuy nhiên, tôi lại đang phân vân vì nghe thông tin hướng dẫn ở cơ quan cấp tỉnh và thông tin chung từ hướng dẫn của Bộ Tài chính có vài điểm không khớp nhau. Tôi nên làm theo hướng dẫn nào để hồ sơ của mình được giải quyết đúng quy định mà không bị vướng mắc thủ tục?",legal_validity,abstractive,True,0.0,0.0,0.0,0.0,0.0,0.0,-0.062111801242235976,-0.09782608695652167,1.766334441998879
vlrag-nuance-9c03848bb1,HybridGraph_minus_HybridOnly,"Sắp tới tôi dự định làm hồ sơ xin miễn giảm tiền sử dụng đất do mình thuộc diện người có công với cách mạng tại tỉnh Bình Dương. Tuy nhiên, tôi lại đang phân vân vì nghe thông tin hướng dẫn ở cơ quan cấp tỉnh và thông tin chung từ hướng dẫn của Bộ Tài chính có vài điểm không khớp nhau. Tôi nên làm theo hướng dẫn nào để hồ sơ của mình được giải quyết đúng quy định mà không bị vướng mắc thủ tục?",legal_validity,abstractive,True,0.0,0.0,0.0,0.0,0.0,0.0,-0.03228218322557941,-0.015481373971939993,-0.5250889220042154
vlrag-nuance-9c03848bb1,HybridOnly_minus_DenseOnly,"Sắp tới tôi dự định làm hồ sơ xin miễn giảm tiền sử dụng đất do mình thuộc diện người có công với cách mạng tại tỉnh Bình Dương. Tuy nhiên, tôi lại đang phân vân vì nghe thông tin hướng dẫn ở cơ quan cấp tỉnh và thông tin chung từ hướng dẫn của Bộ Tài chính có vài điểm không khớp nhau. Tôi nên làm theo hướng dẫn nào để hồ sơ của mình được giải quyết đúng quy định mà không bị vướng mắc thủ tục?",legal_validity,abstractive,True,0.0,0.0,0.0,0.0,0.0,0.0,-0.15202189115232598,-0.19397993311036787,28.02218930742464
vlrag-nuance-9c03848bb1,HybridGraph_minus_DenseGraph,"Sắp tới tôi dự định làm hồ sơ xin miễn giảm tiền sử dụng đất do mình thuộc diện người có công với cách mạng tại tỉnh Bình Dương. Tuy nhiên, tôi lại đang phân vân vì nghe thông tin hướng dẫn ở cơ quan cấp tỉnh và thông tin chung từ hướng dẫn của Bộ Tài chính có vài điểm không khớp nhau. Tôi nên làm theo hướng dẫn nào để hồ sơ của mình được giải quyết đúng quy định mà không bị vướng mắc thủ tục?",legal_validity,abstractive,True,0.0,0.0,0.0,0.0,0.0,0.0,-0.12219227313566941,-0.1116352201257862,25.730765943421545
vlrag-nuance-9d41960f8b,DenseGraph_minus_DenseOnly,"Làm sao để tôi biết quy định về giá dịch vụ trông giữ xe ở tỉnh Thừa Thiên Huế hiện tại là gì, vì tôi nhớ trước đây đã có một văn bản quy định về vấn đề này rồi nhưng không biết bây giờ có gì thay đổi hay chưa?",legal_validity,abstractive,True,-1.0,-1.0,-0.1428571428571428,-0.3816216843725338,-0.2,0.0,0.0354646206308612,0.0354646206308612,0.8313937249995442
vlrag-nuance-9d41960f8b,HybridGraph_minus_HybridOnly,"Làm sao để tôi biết quy định về giá dịch vụ trông giữ xe ở tỉnh Thừa Thiên Huế hiện tại là gì, vì tôi nhớ trước đây đã có một văn bản quy định về vấn đề này rồi nhưng không biết bây giờ có gì thay đổi hay chưa?",legal_validity,abstractive,True,0.0,0.0,0.0,0.0,0.0,0.0,0.002857142857142808,0.0,-0.6790376559983997
vlrag-nuance-9d41960f8b,HybridOnly_minus_DenseOnly,"Làm sao để tôi biết quy định về giá dịch vụ trông giữ xe ở tỉnh Thừa Thiên Huế hiện tại là gì, vì tôi nhớ trước đây đã có một văn bản quy định về vấn đề này rồi nhưng không biết bây giờ có gì thay đổi hay chưa?",legal_validity,abstractive,True,-1.0,-1.0,-0.1428571428571428,-0.3816216843725338,-0.2,0.0,-0.03826086956521729,-0.07826086956521727,28.936878206424524
vlrag-nuance-9d41960f8b,HybridGraph_minus_DenseGraph,"Làm sao để tôi biết quy định về giá dịch vụ trông giữ xe ở tỉnh Thừa Thiên Huế hiện tại là gì, vì tôi nhớ trước đây đã có một văn bản quy định về vấn đề này rồi nhưng không biết bây giờ có gì thay đổi hay chưa?",legal_validity,abstractive,True,0.0,0.0,0.0,0.0,0.0,0.0,-0.07086834733893568,-0.11372549019607847,27.42644682542658
vlrag-nuance-a1effb4dc8,DenseGraph_minus_DenseOnly,"Tôi là chuyên viên đang làm việc tại Sở Tư pháp tỉnh Bắc Giang. Trước đây chúng tôi có quy định về chức năng và cơ cấu tổ chức riêng, nhưng nghe nói gần đây đã có văn bản mới sửa đổi một số nội dung này. Vậy tôi không biết quy định cũ ban hành năm 2015 còn được áp dụng toàn bộ hay hiện nay mình phải căn cứ theo các quy định mới cập nhật cho công việc của mình?",legal_validity,abstractive,True,-1.0,-1.0,-0.1428571428571428,-0.3978088012057569,-0.2,0.0,0.006410256410256401,0.0042735042735043,-2.040131245998964
vlrag-nuance-a1effb4dc8,HybridGraph_minus_HybridOnly,"Tôi là chuyên viên đang làm việc tại Sở Tư pháp tỉnh Bắc Giang. Trước đây chúng tôi có quy định về chức năng và cơ cấu tổ chức riêng, nhưng nghe nói gần đây đã có văn bản mới sửa đổi một số nội dung này. Vậy tôi không biết quy định cũ ban hành năm 2015 còn được áp dụng toàn bộ hay hiện nay mình phải căn cứ theo các quy định mới cập nhật cho công việc của mình?",legal_validity,abstractive,True,0.0,0.0,0.0,0.0,0.0,0.0,0.002219755826859099,0.0014798372179061006,-1.4242391300031159
vlrag-nuance-a1effb4dc8,HybridOnly_minus_DenseOnly,"Tôi là chuyên viên đang làm việc tại Sở Tư pháp tỉnh Bắc Giang. Trước đây chúng tôi có quy định về chức năng và cơ cấu tổ chức riêng, nhưng nghe nói gần đây đã có văn bản mới sửa đổi một số nội dung này. Vậy tôi không biết quy định cũ ban hành năm 2015 còn được áp dụng toàn bộ hay hiện nay mình phải căn cứ theo các quy định mới cập nhật cho công việc của mình?",legal_validity,abstractive,True,-1.0,-1.0,-0.1428571428571428,-0.3978088012057569,-0.2,0.0,0.005321722302854402,0.0035478148685696015,24.56739092442939
vlrag-nuance-a1effb4dc8,HybridGraph_minus_DenseGraph,"Tôi là chuyên viên đang làm việc tại Sở Tư pháp tỉnh Bắc Giang. Trước đây chúng tôi có quy định về chức năng và cơ cấu tổ chức riêng, nhưng nghe nói gần đây đã có văn bản mới sửa đổi một số nội dung này. Vậy tôi không biết quy định cũ ban hành năm 2015 còn được áp dụng toàn bộ hay hiện nay mình phải căn cứ theo các quy định mới cập nhật cho công việc của mình?",legal_validity,abstractive,True,0.0,0.0,0.0,0.0,0.0,0.0,0.0011312217194570998,0.0007541478129714022,25.183283040425238
vlrag-nuance-a41186fcc9,DenseGraph_minus_DenseOnly,"Có được dựa vào các quy định cũ về chức năng, nhiệm vụ của Sở Kế hoạch và Đầu tư tỉnh Bình Thuận từ trước năm 2016 để làm việc không, hay giờ đã có quy định khác áp dụng rồi?",legal_validity,boolean,True,0.0,0.0,0.0,0.0,0.0,0.0,0.0006747638326586002,0.0006747638326586002,-1.2205376730007629
vlrag-nuance-a41186fcc9,HybridGraph_minus_HybridOnly,"Có được dựa vào các quy định cũ về chức năng, nhiệm vụ của Sở Kế hoạch và Đầu tư tỉnh Bình Thuận từ trước năm 2016 để làm việc không, hay giờ đã có quy định khác áp dụng rồi?",legal_validity,boolean,True,0.0,0.0,0.0,0.0,0.0,0.0,0.009002250562640698,0.009002250562640698,0.16851082799985306
vlrag-nuance-a41186fcc9,HybridOnly_minus_DenseOnly,"Có được dựa vào các quy định cũ về chức năng, nhiệm vụ của Sở Kế hoạch và Đầu tư tỉnh Bình Thuận từ trước năm 2016 để làm việc không, hay giờ đã có quy định khác áp dụng rồi?",legal_validity,boolean,True,0.0,0.0,0.0,0.0,0.0,0.0,-0.0023852116875372996,-0.0023852116875372996,26.21674130842047
vlrag-nuance-a41186fcc9,HybridGraph_minus_DenseGraph,"Có được dựa vào các quy định cũ về chức năng, nhiệm vụ của Sở Kế hoạch và Đầu tư tỉnh Bình Thuận từ trước năm 2016 để làm việc không, hay giờ đã có quy định khác áp dụng rồi?",legal_validity,boolean,True,0.0,0.0,0.0,0.0,0.0,0.0,0.005942275042444798,0.005942275042444798,27.605789809421086
vlrag-nuance-a874fb495f,DenseGraph_minus_DenseOnly,"Trong trường hợp Nhà nước thu hồi đất tại tỉnh Bình Dương, tôi nhớ trước đây có các quy định về đơn giá bồi thường cho tài sản gắn liền với đất. Hiện nay tôi muốn biết liệu các quy định cũ về cách tính tiền bồi thường này có còn được áp dụng toàn bộ không, hay đã có thay đổi mới mà tôi cần cập nhật để thực hiện đúng?",legal_validity,abstractive,True,0.0,0.0,0.0,0.0,0.0,0.0,0.0024002400240023952,0.0024002400240023952,0.3530945579996114
vlrag-nuance-a874fb495f,HybridGraph_minus_HybridOnly,"Trong trường hợp Nhà nước thu hồi đất tại tỉnh Bình Dương, tôi nhớ trước đây có các quy định về đơn giá bồi thường cho tài sản gắn liền với đất. Hiện nay tôi muốn biết liệu các quy định cũ về cách tính tiền bồi thường này có còn được áp dụng toàn bộ không, hay đã có thay đổi mới mà tôi cần cập nhật để thực hiện đúng?",legal_validity,abstractive,True,0.0,0.0,0.0,0.0,0.0,0.0,-0.1237011380504701,-0.10242454230578919,0.7122595129985676
vlrag-nuance-a874fb495f,HybridOnly_minus_DenseOnly,"Trong trường hợp Nhà nước thu hồi đất tại tỉnh Bình Dương, tôi nhớ trước đây có các quy định về đơn giá bồi thường cho tài sản gắn liền với đất. Hiện nay tôi muốn biết liệu các quy định cũ về cách tính tiền bồi thường này có còn được áp dụng toàn bộ không, hay đã có thay đổi mới mà tôi cần cập nhật để thực hiện đúng?",legal_validity,abstractive,True,0.0,0.0,0.0,0.0,0.0,0.0,0.051400884769328,0.03012428902464709,27.519130184423094
vlrag-nuance-a874fb495f,HybridGraph_minus_DenseGraph,"Trong trường hợp Nhà nước thu hồi đất tại tỉnh Bình Dương, tôi nhớ trước đây có các quy định về đơn giá bồi thường cho tài sản gắn liền với đất. Hiện nay tôi muốn biết liệu các quy định cũ về cách tính tiền bồi thường này có còn được áp dụng toàn bộ không, hay đã có thay đổi mới mà tôi cần cập nhật để thực hiện đúng?",legal_validity,abstractive,True,0.0,0.0,0.0,0.0,0.0,0.0,-0.0747004933051445,-0.0747004933051445,27.87829513942205
vlrag-nuance-ac2f26d9b6,DenseGraph_minus_DenseOnly,"Sắp tới tôi dự định yêu cầu đơn vị điện lực tính toán lại các chi phí liên quan đến việc ngừng và cấp điện trở lại cho nhà xưởng của công ty, nhưng tôi không chắc quy định cũ từ năm 2007 tôi từng biết có còn áp dụng được nữa không hay là đã có quy định mới thay thế rồi?",legal_validity,abstractive,True,0.0,0.0,0.0,0.0,0.0,0.0,-0.04702194357366769,-0.04702194357366769,-1.2163410829989507
vlrag-nuance-ac2f26d9b6,HybridGraph_minus_HybridOnly,"Sắp tới tôi dự định yêu cầu đơn vị điện lực tính toán lại các chi phí liên quan đến việc ngừng và cấp điện trở lại cho nhà xưởng của công ty, nhưng tôi không chắc quy định cũ từ năm 2007 tôi từng biết có còn áp dụng được nữa không hay là đã có quy định mới thay thế rồi?",legal_validity,abstractive,True,0.0,0.0,0.0,0.0,0.0,0.0,-0.0027386541471049186,-0.0027386541471049186,0.7710846240006468
vlrag-nuance-ac2f26d9b6,HybridOnly_minus_DenseOnly,"Sắp tới tôi dự định yêu cầu đơn vị điện lực tính toán lại các chi phí liên quan đến việc ngừng và cấp điện trở lại cho nhà xưởng của công ty, nhưng tôi không chắc quy định cũ từ năm 2007 tôi từng biết có còn áp dụng được nữa không hay là đã có quy định mới thay thế rồi?",legal_validity,abstractive,True,-0.5,-1.0,-0.2,-0.2371977127692962,-0.1,0.0,0.05925206410879072,0.05925206410879072,27.926581448423068
vlrag-nuance-ac2f26d9b6,HybridGraph_minus_DenseGraph,"Sắp tới tôi dự định yêu cầu đơn vị điện lực tính toán lại các chi phí liên quan đến việc ngừng và cấp điện trở lại cho nhà xưởng của công ty, nhưng tôi không chắc quy định cũ từ năm 2007 tôi từng biết có còn áp dụng được nữa không hay là đã có quy định mới thay thế rồi?",legal_validity,abstractive,True,-0.5,-1.0,-0.2,-0.2371977127692962,-0.1,0.0,0.1035353535353535,0.1035353535353535,29.914007155422667
vlrag-nuance-b1bef47e66,DenseGraph_minus_DenseOnly,"Nếu trước đây gia đình tôi từng được bồi thường và hỗ trợ tái định cư theo các quy định cũ ở tỉnh Đắk Lắk, thì bây giờ khi Nhà nước thu hồi đất, tôi có còn được áp dụng theo những quy định cũ đó không, hay là toàn bộ đã thay đổi hết rồi?",legal_validity,boolean,True,0.0,0.0,0.0,0.0,0.0,0.0,0.0,0.0,-1.3184157270006835
vlrag-nuance-b1bef47e66,HybridGraph_minus_HybridOnly,"Nếu trước đây gia đình tôi từng được bồi thường và hỗ trợ tái định cư theo các quy định cũ ở tỉnh Đắk Lắk, thì bây giờ khi Nhà nước thu hồi đất, tôi có còn được áp dụng theo những quy định cũ đó không, hay là toàn bộ đã thay đổi hết rồi?",legal_validity,boolean,True,0.0,0.0,0.0,0.0,0.0,0.0,0.1666666666666666,0.1666666666666666,-2.1964007150018006
vlrag-nuance-b1bef47e66,HybridOnly_minus_DenseOnly,"Nếu trước đây gia đình tôi từng được bồi thường và hỗ trợ tái định cư theo các quy định cũ ở tỉnh Đắk Lắk, thì bây giờ khi Nhà nước thu hồi đất, tôi có còn được áp dụng theo những quy định cũ đó không, hay là toàn bộ đã thay đổi hết rồi?",legal_validity,boolean,True,0.0,0.0,0.0,0.0,0.0,0.0,0.0,0.0,26.184666369420203
vlrag-nuance-b1bef47e66,HybridGraph_minus_DenseGraph,"Nếu trước đây gia đình tôi từng được bồi thường và hỗ trợ tái định cư theo các quy định cũ ở tỉnh Đắk Lắk, thì bây giờ khi Nhà nước thu hồi đất, tôi có còn được áp dụng theo những quy định cũ đó không, hay là toàn bộ đã thay đổi hết rồi?",legal_validity,boolean,True,0.0,0.0,0.0,0.0,0.0,0.0,0.1666666666666666,0.1666666666666666,25.306681381419086
vlrag-nuance-b50cc43a3b,DenseGraph_minus_DenseOnly,"Tôi đang rà soát lại bảng giá đất 5 năm giai đoạn 2015 - 2019 tại tỉnh Trà Vinh để áp dụng cho hồ sơ người dân. Tôi thấy trước đây tỉnh có ban hành bảng giá đất cho cả giai đoạn này, nhưng nghe nói sau đó có quy định sửa đổi một số nội dung. Vậy khi tính toán hiện nay, tôi có được dùng toàn bộ nội dung trong bảng giá đất ban đầu không, hay chỉ áp dụng được một phần?",legal_validity,boolean,True,0.0,0.0,0.0,-0.026870409803294693,0.0,0.0,-0.0108484515301448,-0.0108484515301448,2.2047744899991812
vlrag-nuance-b50cc43a3b,HybridGraph_minus_HybridOnly,"Tôi đang rà soát lại bảng giá đất 5 năm giai đoạn 2015 - 2019 tại tỉnh Trà Vinh để áp dụng cho hồ sơ người dân. Tôi thấy trước đây tỉnh có ban hành bảng giá đất cho cả giai đoạn này, nhưng nghe nói sau đó có quy định sửa đổi một số nội dung. Vậy khi tính toán hiện nay, tôi có được dùng toàn bộ nội dung trong bảng giá đất ban đầu không, hay chỉ áp dụng được một phần?",legal_validity,boolean,True,-0.5,0.0,0.0,-0.2043823975884861,-0.1,0.0,0.0,0.0,-2.3743749780005565
vlrag-nuance-b50cc43a3b,HybridOnly_minus_DenseOnly,"Tôi đang rà soát lại bảng giá đất 5 năm giai đoạn 2015 - 2019 tại tỉnh Trà Vinh để áp dụng cho hồ sơ người dân. Tôi thấy trước đây tỉnh có ban hành bảng giá đất cho cả giai đoạn này, nhưng nghe nói sau đó có quy định sửa đổi một số nội dung. Vậy khi tính toán hiện nay, tôi có được dùng toàn bộ nội dung trong bảng giá đất ban đầu không, hay chỉ áp dụng được một phần?",legal_validity,boolean,True,0.0,0.0,-0.16666666666666669,-0.1399649358359173,0.0,0.0,-0.0186915887850467,-0.0186915887850467,28.374245709421928
vlrag-nuance-b50cc43a3b,HybridGraph_minus_DenseGraph,"Tôi đang rà soát lại bảng giá đất 5 năm giai đoạn 2015 - 2019 tại tỉnh Trà Vinh để áp dụng cho hồ sơ người dân. Tôi thấy trước đây tỉnh có ban hành bảng giá đất cho cả giai đoạn này, nhưng nghe nói sau đó có quy định sửa đổi một số nội dung. Vậy khi tính toán hiện nay, tôi có được dùng toàn bộ nội dung trong bảng giá đất ban đầu không, hay chỉ áp dụng được một phần?",legal_validity,boolean,True,-0.5,0.0,-0.16666666666666669,-0.3174769236211087,-0.1,0.0,-0.0078431372549019,-0.0078431372549019,23.79509624142219
vlrag-nuance-b6c86389ca,DenseGraph_minus_DenseOnly,"Doanh nghiệp tôi đang thực hiện dự án khoa học công nghệ về quỹ gen. Trước đây chúng tôi làm theo một quy định hướng dẫn cũ, nghe nói mới đây có quy định mới sửa đổi bổ sung cho nội dung này. Vậy công ty tôi vẫn áp dụng theo cách làm cũ toàn bộ hay chỉ một phần nội dung đã bị thay đổi, tôi phải làm sao để biết mình còn làm đúng không?",legal_validity,abstractive,True,-0.5,-1.0,-0.1666666666666666,-0.2184074368181641,-0.1,0.0,-0.013821230316075697,-0.013821230316075697,-1.7981077320000622
vlrag-nuance-b6c86389ca,HybridGraph_minus_HybridOnly,"Doanh nghiệp tôi đang thực hiện dự án khoa học công nghệ về quỹ gen. Trước đây chúng tôi làm theo một quy định hướng dẫn cũ, nghe nói mới đây có quy định mới sửa đổi bổ sung cho nội dung này. Vậy công ty tôi vẫn áp dụng theo cách làm cũ toàn bộ hay chỉ một phần nội dung đã bị thay đổi, tôi phải làm sao để biết mình còn làm đúng không?",legal_validity,abstractive,True,0.0,0.0,0.0,0.0,0.0,0.0,0.01304347826086949,0.01304347826086949,-0.5561618939973378
vlrag-nuance-b6c86389ca,HybridOnly_minus_DenseOnly,"Doanh nghiệp tôi đang thực hiện dự án khoa học công nghệ về quỹ gen. Trước đây chúng tôi làm theo một quy định hướng dẫn cũ, nghe nói mới đây có quy định mới sửa đổi bổ sung cho nội dung này. Vậy công ty tôi vẫn áp dụng theo cách làm cũ toàn bộ hay chỉ một phần nội dung đã bị thay đổi, tôi phải làm sao để biết mình còn làm đúng không?",legal_validity,abstractive,True,-0.5,-1.0,-0.1666666666666666,-0.2184074368181641,-0.1,0.0,-0.0367548184670551,-0.0367548184670551,26.0525598924184
vlrag-nuance-b6c86389ca,HybridGraph_minus_DenseGraph,"Doanh nghiệp tôi đang thực hiện dự án khoa học công nghệ về quỹ gen. Trước đây chúng tôi làm theo một quy định hướng dẫn cũ, nghe nói mới đây có quy định mới sửa đổi bổ sung cho nội dung này. Vậy công ty tôi vẫn áp dụng theo cách làm cũ toàn bộ hay chỉ một phần nội dung đã bị thay đổi, tôi phải làm sao để biết mình còn làm đúng không?",legal_validity,abstractive,True,0.0,0.0,0.0,0.0,0.0,0.0,-0.00989010989010991,-0.00989010989010991,27.294505730421125
vlrag-nuance-ba59484332,DenseGraph_minus_DenseOnly,"Tôi đang hỗ trợ người dân làm thủ tục đo đạc và lập bản đồ địa chính tại Ninh Thuận, nhưng tôi nghe nói các quy định về mức thu phí này đã có sự thay đổi. Vậy quy định cũ tôi đang dùng từ năm 2015 hiện nay còn áp dụng toàn bộ hay chỉ còn một phần thôi?",legal_validity,abstractive,True,0.0,0.0,0.0,0.0,0.0,0.0,0.031304347826087,0.031304347826087,-0.9334592820005128
vlrag-nuance-ba59484332,HybridGraph_minus_HybridOnly,"Tôi đang hỗ trợ người dân làm thủ tục đo đạc và lập bản đồ địa chính tại Ninh Thuận, nhưng tôi nghe nói các quy định về mức thu phí này đã có sự thay đổi. Vậy quy định cũ tôi đang dùng từ năm 2015 hiện nay còn áp dụng toàn bộ hay chỉ còn một phần thôi?",legal_validity,abstractive,True,-1.0,-1.0,-0.125,-0.3154648767857287,-0.1,0.0,-0.0019480519480519001,-0.0019480519480519001,-0.6705685289998655
vlrag-nuance-ba59484332,HybridOnly_minus_DenseOnly,"Tôi đang hỗ trợ người dân làm thủ tục đo đạc và lập bản đồ địa chính tại Ninh Thuận, nhưng tôi nghe nói các quy định về mức thu phí này đã có sự thay đổi. Vậy quy định cũ tôi đang dùng từ năm 2015 hiện nay còn áp dụng toàn bộ hay chỉ còn một phần thôi?",legal_validity,abstractive,True,0.0,0.0,-0.125,-0.11521168128766429,0.0,0.0,0.025281385281385304,0.025281385281385304,25.88518674741471
vlrag-nuance-ba59484332,HybridGraph_minus_DenseGraph,"Tôi đang hỗ trợ người dân làm thủ tục đo đạc và lập bản đồ địa chính tại Ninh Thuận, nhưng tôi nghe nói các quy định về mức thu phí này đã có sự thay đổi. Vậy quy định cũ tôi đang dùng từ năm 2015 hiện nay còn áp dụng toàn bộ hay chỉ còn một phần thôi?",legal_validity,abstractive,True,-1.0,-1.0,-0.25,-0.430676558073393,-0.1,0.0,-0.0079710144927536,-0.0079710144927536,26.148077500415358
vlrag-nuance-bc1a983624,DenseGraph_minus_DenseOnly,"Có cần phải làm thủ tục khai báo, cấp phép về an toàn bức xạ theo quy định mới nhất không, hay tôi vẫn cứ tiếp tục làm theo cách cũ từ trước đến giờ là đủ?",legal_validity,boolean,True,0.0,0.0,0.0,0.0,0.0,0.0,-0.0009665337682735024,-0.0009665337682735024,-0.3885577259998172
vlrag-nuance-bc1a983624,HybridGraph_minus_HybridOnly,"Có cần phải làm thủ tục khai báo, cấp phép về an toàn bức xạ theo quy định mới nhất không, hay tôi vẫn cứ tiếp tục làm theo cách cũ từ trước đến giờ là đủ?",legal_validity,boolean,True,0.0,0.0,0.0,0.0,0.0,0.0,0.00043407487791639887,0.00043407487791639887,-0.3095093159972748
vlrag-nuance-bc1a983624,HybridOnly_minus_DenseOnly,"Có cần phải làm thủ tục khai báo, cấp phép về an toàn bức xạ theo quy định mới nhất không, hay tôi vẫn cứ tiếp tục làm theo cách cũ từ trước đến giờ là đủ?",legal_validity,boolean,True,0.0,0.0,0.0,0.0,0.0,0.0,-0.0018533534113286017,-0.0018533534113286017,26.760637422420306
vlrag-nuance-bc1a983624,HybridGraph_minus_DenseGraph,"Có cần phải làm thủ tục khai báo, cấp phép về an toàn bức xạ theo quy định mới nhất không, hay tôi vẫn cứ tiếp tục làm theo cách cũ từ trước đến giờ là đủ?",legal_validity,boolean,True,0.0,0.0,0.0,0.0,0.0,0.0,-0.0004527447651387004,-0.0004527447651387004,26.839685832422848
vlrag-nuance-bce9060852,DenseGraph_minus_DenseOnly,"Nếu tôi đang xử lý hồ sơ xử phạt đối với cơ sở kinh doanh rượu và thuốc lá có hành vi làm giả hàng hóa, thì các quy định về xử phạt hành chính đối với hành vi sản xuất, buôn bán hàng giả cũ trước đây còn được áp dụng toàn bộ cho trường hợp này không, hay chỉ áp dụng một phần?",legal_validity,boolean,True,0.0,0.0,0.0,0.0,0.0,0.0,0.0,0.0,-1.7571628870000495
vlrag-nuance-bce9060852,HybridGraph_minus_HybridOnly,"Nếu tôi đang xử lý hồ sơ xử phạt đối với cơ sở kinh doanh rượu và thuốc lá có hành vi làm giả hàng hóa, thì các quy định về xử phạt hành chính đối với hành vi sản xuất, buôn bán hàng giả cũ trước đây còn được áp dụng toàn bộ cho trường hợp này không, hay chỉ áp dụng một phần?",legal_validity,boolean,True,0.0,0.0,0.0,0.0,0.0,0.0,0.0,0.0,0.3431223949955893
vlrag-nuance-bce9060852,HybridOnly_minus_DenseOnly,"Nếu tôi đang xử lý hồ sơ xử phạt đối với cơ sở kinh doanh rượu và thuốc lá có hành vi làm giả hàng hóa, thì các quy định về xử phạt hành chính đối với hành vi sản xuất, buôn bán hàng giả cũ trước đây còn được áp dụng toàn bộ cho trường hợp này không, hay chỉ áp dụng một phần?",legal_validity,boolean,True,0.0,0.0,0.0,0.0,0.0,0.0,0.0,0.0,27.404021542425372
vlrag-nuance-bce9060852,HybridGraph_minus_DenseGraph,"Nếu tôi đang xử lý hồ sơ xử phạt đối với cơ sở kinh doanh rượu và thuốc lá có hành vi làm giả hàng hóa, thì các quy định về xử phạt hành chính đối với hành vi sản xuất, buôn bán hàng giả cũ trước đây còn được áp dụng toàn bộ cho trường hợp này không, hay chỉ áp dụng một phần?",legal_validity,boolean,True,0.0,0.0,0.0,0.0,0.0,0.0,0.0,0.0,29.50430682442101
vlrag-nuance-c18f599335,DenseGraph_minus_DenseOnly,"Nếu tôi đang chuẩn bị hồ sơ cho giải thưởng khoa học công nghệ, một bên cơ quan hướng dẫn làm theo các quy định cũ về thi đua khen thưởng, nhưng một bên lại bảo phải theo quy định mới, vậy tôi nên ưu tiên làm theo hướng dẫn nào để hồ sơ của tôi hợp lệ và không bị trả về?",legal_validity,abstractive,True,0.0,0.0,0.0,0.0,0.0,0.0,0.009351256575102274,-0.005260081823495022,2.7296377880002183
vlrag-nuance-c18f599335,HybridGraph_minus_HybridOnly,"Nếu tôi đang chuẩn bị hồ sơ cho giải thưởng khoa học công nghệ, một bên cơ quan hướng dẫn làm theo các quy định cũ về thi đua khen thưởng, nhưng một bên lại bảo phải theo quy định mới, vậy tôi nên ưu tiên làm theo hướng dẫn nào để hồ sơ của tôi hợp lệ và không bị trả về?",legal_validity,abstractive,True,0.0,0.0,0.0,0.0,0.0,0.0,0.017730301194868126,-0.006827817851439794,0.15402668299793731
vlrag-nuance-c18f599335,HybridOnly_minus_DenseOnly,"Nếu tôi đang chuẩn bị hồ sơ cho giải thưởng khoa học công nghệ, một bên cơ quan hướng dẫn làm theo các quy định cũ về thi đua khen thưởng, nhưng một bên lại bảo phải theo quy định mới, vậy tôi nên ưu tiên làm theo hướng dẫn nào để hồ sơ của tôi hợp lệ và không bị trả về?",legal_validity,abstractive,True,0.0,0.0,0.0,0.0,0.0,0.0,-0.18254159633469985,-0.11454063178201121,28.041307383421273
vlrag-nuance-c18f599335,HybridGraph_minus_DenseGraph,"Nếu tôi đang chuẩn bị hồ sơ cho giải thưởng khoa học công nghệ, một bên cơ quan hướng dẫn làm theo các quy định cũ về thi đua khen thưởng, nhưng một bên lại bảo phải theo quy định mới, vậy tôi nên ưu tiên làm theo hướng dẫn nào để hồ sơ của tôi hợp lệ và không bị trả về?",legal_validity,abstractive,True,0.0,0.0,0.0,0.0,0.0,0.0,-0.174162551714934,-0.11610836780995598,25.465696278418992
vlrag-nuance-c1a1b66323,DenseGraph_minus_DenseOnly,"Doanh nghiệp của tôi ở Thái Nguyên đang chuẩn bị hồ sơ để điều chỉnh giấy phép môi trường. Trước đây chúng tôi làm theo quy định chung về phí và lệ phí của tỉnh từ năm 2016, không biết hiện nay quy định cũ đó còn áp dụng toàn bộ cho việc thẩm định này không hay đã có sự thay đổi rồi?",legal_validity,boolean,True,0.0,0.0,0.0,0.0,0.0,0.0,-0.0009496676163342974,-0.0009496676163342974,-1.6920407770003294
vlrag-nuance-c1a1b66323,HybridGraph_minus_HybridOnly,"Doanh nghiệp của tôi ở Thái Nguyên đang chuẩn bị hồ sơ để điều chỉnh giấy phép môi trường. Trước đây chúng tôi làm theo quy định chung về phí và lệ phí của tỉnh từ năm 2016, không biết hiện nay quy định cũ đó còn áp dụng toàn bộ cho việc thẩm định này không hay đã có sự thay đổi rồi?",legal_validity,boolean,True,0.0,0.0,0.0,0.0,0.0,0.0,0.0285714285714285,0.0285714285714285,-1.615465697999749
vlrag-nuance-c1a1b66323,HybridOnly_minus_DenseOnly,"Doanh nghiệp của tôi ở Thái Nguyên đang chuẩn bị hồ sơ để điều chỉnh giấy phép môi trường. Trước đây chúng tôi làm theo quy định chung về phí và lệ phí của tỉnh từ năm 2016, không biết hiện nay quy định cũ đó còn áp dụng toàn bộ cho việc thẩm định này không hay đã có sự thay đổi rồi?",legal_validity,boolean,True,0.0,0.0,0.0,0.0,0.0,0.0,-0.0256410256410256,-0.0256410256410256,26.746241442419603
vlrag-nuance-c1a1b66323,HybridGraph_minus_DenseGraph,"Doanh nghiệp của tôi ở Thái Nguyên đang chuẩn bị hồ sơ để điều chỉnh giấy phép môi trường. Trước đây chúng tôi làm theo quy định chung về phí và lệ phí của tỉnh từ năm 2016, không biết hiện nay quy định cũ đó còn áp dụng toàn bộ cho việc thẩm định này không hay đã có sự thay đổi rồi?",legal_validity,boolean,True,0.0,0.0,0.0,0.0,0.0,0.0,0.0038800705467372,0.0038800705467372,26.822816521420183
vlrag-nuance-c24dd22b47,DenseGraph_minus_DenseOnly,"Gia đình tôi hiện đang mở một trung tâm dạy kèm tại nhà ở Thanh Hóa. Vừa rồi khi đi tìm hiểu thủ tục, tôi thấy một bên hướng dẫn làm theo quy định dạy thêm học thêm của tỉnh, nhưng một bên khác lại bảo phải ưu tiên tuân thủ theo Luật tổ chức chính quyền địa phương mới ban hành. Tôi đang rất rối không biết nên căn cứ vào hướng dẫn nào để thực hiện cho đúng, sợ làm sai thì bị phạt, nhờ chuyên gia tư vấn giúp tôi?",legal_validity,abstractive,True,-0.5,-1.0,-0.1666666666666666,-0.2184074368181641,-0.1,0.0,-0.020982046290287687,0.02422669262383731,1.6028534509996466
vlrag-nuance-c24dd22b47,HybridGraph_minus_HybridOnly,"Gia đình tôi hiện đang mở một trung tâm dạy kèm tại nhà ở Thanh Hóa. Vừa rồi khi đi tìm hiểu thủ tục, tôi thấy một bên hướng dẫn làm theo quy định dạy thêm học thêm của tỉnh, nhưng một bên khác lại bảo phải ưu tiên tuân thủ theo Luật tổ chức chính quyền địa phương mới ban hành. Tôi đang rất rối không biết nên căn cứ vào hướng dẫn nào để thực hiện cho đúng, sợ làm sai thì bị phạt, nhờ chuyên gia tư vấn giúp tôi?",legal_validity,abstractive,True,0.0,0.0,0.0,0.0,0.0,0.0,-0.005363984674329497,-0.012643678160919603,0.20786258099906263
vlrag-nuance-c24dd22b47,HybridOnly_minus_DenseOnly,"Gia đình tôi hiện đang mở một trung tâm dạy kèm tại nhà ở Thanh Hóa. Vừa rồi khi đi tìm hiểu thủ tục, tôi thấy một bên hướng dẫn làm theo quy định dạy thêm học thêm của tỉnh, nhưng một bên khác lại bảo phải ưu tiên tuân thủ theo Luật tổ chức chính quyền địa phương mới ban hành. Tôi đang rất rối không biết nên căn cứ vào hướng dẫn nào để thực hiện cho đúng, sợ làm sai thì bị phạt, nhờ chuyên gia tư vấn giúp tôi?",legal_validity,abstractive,True,-0.5,-1.0,-0.1666666666666666,-0.2184074368181641,-0.1,0.0,-0.046102819237147596,-0.030845771144278583,28.562664989419943
vlrag-nuance-c24dd22b47,HybridGraph_minus_DenseGraph,"Gia đình tôi hiện đang mở một trung tâm dạy kèm tại nhà ở Thanh Hóa. Vừa rồi khi đi tìm hiểu thủ tục, tôi thấy một bên hướng dẫn làm theo quy định dạy thêm học thêm của tỉnh, nhưng một bên khác lại bảo phải ưu tiên tuân thủ theo Luật tổ chức chính quyền địa phương mới ban hành. Tôi đang rất rối không biết nên căn cứ vào hướng dẫn nào để thực hiện cho đúng, sợ làm sai thì bị phạt, nhờ chuyên gia tư vấn giúp tôi?",legal_validity,abstractive,True,0.0,0.0,0.0,0.0,0.0,0.0,-0.030484757621189407,-0.0677161419290355,27.16767411941936
vlrag-nuance-c619c4a5d0,DenseGraph_minus_DenseOnly,"Tôi là nhân viên pháp chế, trước đây bên tôi vẫn áp dụng những hướng dẫn từ bộ luật hình sự cũ cho các vụ việc hành chính. Hiện nay có quy định mới sửa đổi một số phần, vậy tôi có được tiếp tục áp dụng hoàn toàn các quy định cũ cho các hồ sơ của công ty hay phải cập nhật theo phần mới thay thế?",legal_validity,boolean,True,0.0,0.0,0.0,0.0,0.0,0.0,0.0010822510822511011,0.0010822510822511011,-1.548765548001029
vlrag-nuance-c619c4a5d0,HybridGraph_minus_HybridOnly,"Tôi là nhân viên pháp chế, trước đây bên tôi vẫn áp dụng những hướng dẫn từ bộ luật hình sự cũ cho các vụ việc hành chính. Hiện nay có quy định mới sửa đổi một số phần, vậy tôi có được tiếp tục áp dụng hoàn toàn các quy định cũ cho các hồ sơ của công ty hay phải cập nhật theo phần mới thay thế?",legal_validity,boolean,True,0.0,0.0,0.0,0.0,0.0,0.0,0.009243697478991598,0.009243697478991598,0.4241570459998911
vlrag-nuance-c619c4a5d0,HybridOnly_minus_DenseOnly,"Tôi là nhân viên pháp chế, trước đây bên tôi vẫn áp dụng những hướng dẫn từ bộ luật hình sự cũ cho các vụ việc hành chính. Hiện nay có quy định mới sửa đổi một số phần, vậy tôi có được tiếp tục áp dụng hoàn toàn các quy định cũ cho các hồ sơ của công ty hay phải cập nhật theo phần mới thay thế?",legal_validity,boolean,True,0.0,0.0,0.0,0.0,0.0,0.0,-0.0084415584415585,-0.0084415584415585,24.747336261422504
vlrag-nuance-c619c4a5d0,HybridGraph_minus_DenseGraph,"Tôi là nhân viên pháp chế, trước đây bên tôi vẫn áp dụng những hướng dẫn từ bộ luật hình sự cũ cho các vụ việc hành chính. Hiện nay có quy định mới sửa đổi một số phần, vậy tôi có được tiếp tục áp dụng hoàn toàn các quy định cũ cho các hồ sơ của công ty hay phải cập nhật theo phần mới thay thế?",legal_validity,boolean,True,0.0,0.0,0.0,0.0,0.0,0.0,-0.0002801120448180025,-0.0002801120448180025,26.720258855423424
vlrag-nuance-d41c8bf950,DenseGraph_minus_DenseOnly,"Chúng tôi là cán bộ tại xã đang thực hiện chi trả hỗ trợ cho các hoạt động xây dựng nông thôn mới tại địa phương theo quy định về định mức chi thường xuyên đã ban hành từ năm 2016. Hiện nay có quy định mới về mức hỗ trợ cho cuộc vận động này, vậy chúng tôi cần áp dụng theo quy định cũ về định mức chi hay phải chuyển sang áp dụng theo quy định mới, hay là kết hợp cả hai?",legal_validity,abstractive,True,0.0,0.0,0.0,0.0,0.0,0.0,-0.011666666666666603,-0.011666666666666603,-1.084252097000899
vlrag-nuance-d41c8bf950,HybridGraph_minus_HybridOnly,"Chúng tôi là cán bộ tại xã đang thực hiện chi trả hỗ trợ cho các hoạt động xây dựng nông thôn mới tại địa phương theo quy định về định mức chi thường xuyên đã ban hành từ năm 2016. Hiện nay có quy định mới về mức hỗ trợ cho cuộc vận động này, vậy chúng tôi cần áp dụng theo quy định cũ về định mức chi hay phải chuyển sang áp dụng theo quy định mới, hay là kết hợp cả hai?",legal_validity,abstractive,True,0.0,0.0,0.0,0.0,0.0,0.0,0.021614227086183296,0.021614227086183296,-0.8677374699982465
vlrag-nuance-d41c8bf950,HybridOnly_minus_DenseOnly,"Chúng tôi là cán bộ tại xã đang thực hiện chi trả hỗ trợ cho các hoạt động xây dựng nông thôn mới tại địa phương theo quy định về định mức chi thường xuyên đã ban hành từ năm 2016. Hiện nay có quy định mới về mức hỗ trợ cho cuộc vận động này, vậy chúng tôi cần áp dụng theo quy định cũ về định mức chi hay phải chuyển sang áp dụng theo quy định mới, hay là kết hợp cả hai?",legal_validity,abstractive,True,0.0,0.0,0.0,0.0,0.0,0.0,-0.0454901960784313,-0.0454901960784313,26.302055406422088
vlrag-nuance-d41c8bf950,HybridGraph_minus_DenseGraph,"Chúng tôi là cán bộ tại xã đang thực hiện chi trả hỗ trợ cho các hoạt động xây dựng nông thôn mới tại địa phương theo quy định về định mức chi thường xuyên đã ban hành từ năm 2016. Hiện nay có quy định mới về mức hỗ trợ cho cuộc vận động này, vậy chúng tôi cần áp dụng theo quy định cũ về định mức chi hay phải chuyển sang áp dụng theo quy định mới, hay là kết hợp cả hai?",legal_validity,abstractive,True,0.0,0.0,0.0,0.0,0.0,0.0,-0.0122093023255814,-0.0122093023255814,26.51857003342474
vlrag-nuance-d85a2f0ab2,DenseGraph_minus_DenseOnly,"Gia đình tôi đang muốn tìm hiểu về cơ quan có thẩm quyền quyết định việc quản lý tổ chức bộ máy, biên chế cũng như cán bộ, công chức tại tỉnh Điện Biên, tôi có thể xem thông tin này ở đâu?",single_hop,unanswerable,False,0.0,0.0,0.0,0.0,0.0,0.0,0.005811450710288393,0.005811450710288393,-2.5712571570002183
vlrag-nuance-d85a2f0ab2,HybridGraph_minus_HybridOnly,"Gia đình tôi đang muốn tìm hiểu về cơ quan có thẩm quyền quyết định việc quản lý tổ chức bộ máy, biên chế cũng như cán bộ, công chức tại tỉnh Điện Biên, tôi có thể xem thông tin này ở đâu?",single_hop,unanswerable,False,0.0,0.0,0.0,0.0,0.0,0.0,0.004709576138147598,0.004709576138147598,0.1990283910017716
vlrag-nuance-d85a2f0ab2,HybridOnly_minus_DenseOnly,"Gia đình tôi đang muốn tìm hiểu về cơ quan có thẩm quyền quyết định việc quản lý tổ chức bộ máy, biên chế cũng như cán bộ, công chức tại tỉnh Điện Biên, tôi có thể xem thông tin này ở đâu?",single_hop,unanswerable,False,0.0,0.0,0.0,0.0,0.0,0.0,0.0018185492018588933,0.0018185492018588933,25.319423951426593
vlrag-nuance-d85a2f0ab2,HybridGraph_minus_DenseGraph,"Gia đình tôi đang muốn tìm hiểu về cơ quan có thẩm quyền quyết định việc quản lý tổ chức bộ máy, biên chế cũng như cán bộ, công chức tại tỉnh Điện Biên, tôi có thể xem thông tin này ở đâu?",single_hop,unanswerable,False,0.0,0.0,0.0,0.0,0.0,0.0,0.0007166746297180976,0.0007166746297180976,28.089709499428583
vlrag-nuance-e11c19e90c,DenseGraph_minus_DenseOnly,"Tôi là chủ một cơ sở kinh doanh dịch vụ xử lý chất thải y tế, trước đây tôi có áp dụng quy định cũ về khử khuẩn nhiệt cho chất thải lây nhiễm theo hướng dẫn từ năm 2013, không biết hiện tại quy định đó có còn hiệu lực để tôi tiếp tục sử dụng hay không?",legal_validity,boolean,True,0.0,0.0,0.0,0.0,0.0,0.0,0.0,0.0,-1.3508863319993907
vlrag-nuance-e11c19e90c,HybridGraph_minus_HybridOnly,"Tôi là chủ một cơ sở kinh doanh dịch vụ xử lý chất thải y tế, trước đây tôi có áp dụng quy định cũ về khử khuẩn nhiệt cho chất thải lây nhiễm theo hướng dẫn từ năm 2013, không biết hiện tại quy định đó có còn hiệu lực để tôi tiếp tục sử dụng hay không?",legal_validity,boolean,True,-0.5,-1.0,-0.1111111111111111,-0.1845756967795681,-0.1,0.0,0.0044444444444444,0.0044444444444444,-0.5639274069981184
vlrag-nuance-e11c19e90c,HybridOnly_minus_DenseOnly,"Tôi là chủ một cơ sở kinh doanh dịch vụ xử lý chất thải y tế, trước đây tôi có áp dụng quy định cũ về khử khuẩn nhiệt cho chất thải lây nhiễm theo hướng dẫn từ năm 2013, không biết hiện tại quy định đó có còn hiệu lực để tôi tiếp tục sử dụng hay không?",legal_validity,boolean,True,0.0,0.0,-0.1388888888888889,-0.07949242579302279,0.0,0.0,0.0222222222222222,0.0222222222222222,26.540093807421446
vlrag-nuance-e11c19e90c,HybridGraph_minus_DenseGraph,"Tôi là chủ một cơ sở kinh doanh dịch vụ xử lý chất thải y tế, trước đây tôi có áp dụng quy định cũ về khử khuẩn nhiệt cho chất thải lây nhiễm theo hướng dẫn từ năm 2013, không biết hiện tại quy định đó có còn hiệu lực để tôi tiếp tục sử dụng hay không?",legal_validity,boolean,True,-0.5,-1.0,-0.25,-0.2640681225725909,-0.1,0.0,0.0266666666666666,0.0266666666666666,27.327052732422718
vlrag-nuance-ea2b7f875b,DenseGraph_minus_DenseOnly,"Chúng tôi đang chuẩn bị hồ sơ liên quan đến cơ cấu tổ chức của Sở Xây dựng thành phố Hà Nội để nộp cho cơ quan chức năng. Tuy nhiên, chúng tôi nhận thấy các quy định trước đây về chức năng và tổ chức của Sở này đã thay đổi nhiều lần. Hiện tại, chúng tôi nên căn cứ theo quy định nào mới nhất để thực hiện thủ tục cho đúng, tránh làm theo các văn bản cũ không còn phù hợp?",legal_validity,abstractive,True,0.0,0.0,0.0,0.0,0.0,0.0,0.0,0.0,-1.3301041059994532
vlrag-nuance-ea2b7f875b,HybridGraph_minus_HybridOnly,"Chúng tôi đang chuẩn bị hồ sơ liên quan đến cơ cấu tổ chức của Sở Xây dựng thành phố Hà Nội để nộp cho cơ quan chức năng. Tuy nhiên, chúng tôi nhận thấy các quy định trước đây về chức năng và tổ chức của Sở này đã thay đổi nhiều lần. Hiện tại, chúng tôi nên căn cứ theo quy định nào mới nhất để thực hiện thủ tục cho đúng, tránh làm theo các văn bản cũ không còn phù hợp?",legal_validity,abstractive,True,0.0,0.0,0.0,0.0,0.0,0.0,0.010639501980758359,0.014714204867006198,-0.7122318020046805
vlrag-nuance-ea2b7f875b,HybridOnly_minus_DenseOnly,"Chúng tôi đang chuẩn bị hồ sơ liên quan đến cơ cấu tổ chức của Sở Xây dựng thành phố Hà Nội để nộp cho cơ quan chức năng. Tuy nhiên, chúng tôi nhận thấy các quy định trước đây về chức năng và tổ chức của Sở này đã thay đổi nhiều lần. Hiện tại, chúng tôi nên căn cứ theo quy định nào mới nhất để thực hiện thủ tục cho đúng, tránh làm theo các văn bản cũ không còn phù hợp?",legal_validity,abstractive,True,0.0,0.0,0.0,0.0,0.0,0.0,0.004057618178129385,-0.019679448163927693,26.161007826429064
vlrag-nuance-ea2b7f875b,HybridGraph_minus_DenseGraph,"Chúng tôi đang chuẩn bị hồ sơ liên quan đến cơ cấu tổ chức của Sở Xây dựng thành phố Hà Nội để nộp cho cơ quan chức năng. Tuy nhiên, chúng tôi nhận thấy các quy định trước đây về chức năng và tổ chức của Sở này đã thay đổi nhiều lần. Hiện tại, chúng tôi nên căn cứ theo quy định nào mới nhất để thực hiện thủ tục cho đúng, tránh làm theo các văn bản cũ không còn phù hợp?",legal_validity,abstractive,True,0.0,0.0,0.0,0.0,0.0,0.0,0.014697120158887744,-0.0049652432969214955,26.778880130423836
vlrag-nuance-ea58ef681d,DenseGraph_minus_DenseOnly,"Trước đây tôi có biết đến quy định về quy trình kiểm toán Chương trình mục tiêu Quốc gia của Kiểm toán Nhà nước ban hành năm 2009, không biết hiện nay quy trình này có còn được áp dụng hay đã có sự thay đổi gì mới không?",legal_validity,boolean,True,-0.5,0.0,0.0,-0.17723928678404777,-0.1,0.0,0.1303030303030303,0.1303030303030303,-1.3512436889996025
vlrag-nuance-ea58ef681d,HybridGraph_minus_HybridOnly,"Trước đây tôi có biết đến quy định về quy trình kiểm toán Chương trình mục tiêu Quốc gia của Kiểm toán Nhà nước ban hành năm 2009, không biết hiện nay quy trình này có còn được áp dụng hay đã có sự thay đổi gì mới không?",legal_validity,boolean,True,0.0,0.0,0.0,0.0,0.0,0.0,0.0,0.0,0.4927649749988632
vlrag-nuance-ea58ef681d,HybridOnly_minus_DenseOnly,"Trước đây tôi có biết đến quy định về quy trình kiểm toán Chương trình mục tiêu Quốc gia của Kiểm toán Nhà nước ban hành năm 2009, không biết hiện nay quy trình này có còn được áp dụng hay đã có sự thay đổi gì mới không?",legal_validity,boolean,True,-0.5,0.0,0.0,-0.17723928678404777,-0.1,0.0,0.1303030303030303,0.1303030303030303,26.89709144142461
vlrag-nuance-ea58ef681d,HybridGraph_minus_DenseGraph,"Trước đây tôi có biết đến quy định về quy trình kiểm toán Chương trình mục tiêu Quốc gia của Kiểm toán Nhà nước ban hành năm 2009, không biết hiện nay quy trình này có còn được áp dụng hay đã có sự thay đổi gì mới không?",legal_validity,boolean,True,0.0,0.0,0.0,0.0,0.0,0.0,0.0,0.0,28.741100105423076
vlrag-nuance-ee31b57c5a,DenseGraph_minus_DenseOnly,"Chúng tôi đang làm việc tại một cơ quan nhà nước ở Bến Tre và muốn biết khi hết giờ làm việc, chúng tôi cần phải thực hiện các quy định gì về việc sử dụng điện để đảm bảo đúng yêu cầu tiết kiệm điện của tỉnh? Mong chuyên gia cung cấp căn cứ pháp lý để chúng tôi có cơ sở thực hiện đúng.",citation,abstractive,True,0.0,0.0,0.0,0.0,0.0,0.0,-0.009436003982166818,0.015842098428775514,1.359536756000125
vlrag-nuance-ee31b57c5a,HybridGraph_minus_HybridOnly,"Chúng tôi đang làm việc tại một cơ quan nhà nước ở Bến Tre và muốn biết khi hết giờ làm việc, chúng tôi cần phải thực hiện các quy định gì về việc sử dụng điện để đảm bảo đúng yêu cầu tiết kiệm điện của tỉnh? Mong chuyên gia cung cấp căn cứ pháp lý để chúng tôi có cơ sở thực hiện đúng.",citation,abstractive,True,-1.0,-1.0,-0.1666666666666666,-0.3562071871080222,-0.1,0.0,-0.08703878902554399,-0.049109830566784196,-0.3596583329963323
vlrag-nuance-ee31b57c5a,HybridOnly_minus_DenseOnly,"Chúng tôi đang làm việc tại một cơ quan nhà nước ở Bến Tre và muốn biết khi hết giờ làm việc, chúng tôi cần phải thực hiện các quy định gì về việc sử dụng điện để đảm bảo đúng yêu cầu tiết kiệm điện của tỉnh? Mong chuyên gia cung cấp căn cứ pháp lý để chúng tôi có cơ sở thực hiện đúng.",citation,abstractive,True,0.0,0.0,-0.33333333333333337,-0.27472256646343535,0.0,0.0,-0.0018674136321195078,-0.0012732365673542023,26.94554816842328
vlrag-nuance-ee31b57c5a,HybridGraph_minus_DenseGraph,"Chúng tôi đang làm việc tại một cơ quan nhà nước ở Bến Tre và muốn biết khi hết giờ làm việc, chúng tôi cần phải thực hiện các quy định gì về việc sử dụng điện để đảm bảo đúng yêu cầu tiết kiệm điện của tỉnh? Mong chuyên gia cung cấp căn cứ pháp lý để chúng tôi có cơ sở thực hiện đúng.",citation,abstractive,True,-1.0,-1.0,-0.5,-0.6309297535714575,-0.1,0.0,-0.07947019867549668,-0.06622516556291391,25.226353079426822
vlrag-nuance-eeffef6526,DenseGraph_minus_DenseOnly,"Tôi đang là cán bộ phụ trách hồ sơ, hiện tại một số quy định cũ của Hội đồng nhân dân tỉnh Thái Bình đã được bãi bỏ. Vậy sau khi các văn bản đó bị bãi bỏ thì trách nhiệm giám sát và tổ chức triển khai thực hiện các quy định mới sẽ thuộc về cơ quan hay cá nhân nào?",single_hop,abstractive,True,0.0,0.0,0.0,0.0,0.0,0.0,0.18018018018018034,0.16911196911196907,-2.2630697030008378
vlrag-nuance-eeffef6526,HybridGraph_minus_HybridOnly,"Tôi đang là cán bộ phụ trách hồ sơ, hiện tại một số quy định cũ của Hội đồng nhân dân tỉnh Thái Bình đã được bãi bỏ. Vậy sau khi các văn bản đó bị bãi bỏ thì trách nhiệm giám sát và tổ chức triển khai thực hiện các quy định mới sẽ thuộc về cơ quan hay cá nhân nào?",single_hop,abstractive,True,0.0,0.0,0.0,0.0,0.0,0.0,0.010204081632653073,0.00963718820861681,-0.4727988100021321
vlrag-nuance-eeffef6526,HybridOnly_minus_DenseOnly,"Tôi đang là cán bộ phụ trách hồ sơ, hiện tại một số quy định cũ của Hội đồng nhân dân tỉnh Thái Bình đã được bãi bỏ. Vậy sau khi các văn bản đó bị bãi bỏ thì trách nhiệm giám sát và tổ chức triển khai thực hiện các quy định mới sẽ thuộc về cơ quan hay cá nhân nào?",single_hop,abstractive,True,0.0,0.0,0.0,0.0,0.0,0.0,0.003309431880860525,0.0031255745541459157,25.72719318842218
vlrag-nuance-eeffef6526,HybridGraph_minus_DenseGraph,"Tôi đang là cán bộ phụ trách hồ sơ, hiện tại một số quy định cũ của Hội đồng nhân dân tỉnh Thái Bình đã được bãi bỏ. Vậy sau khi các văn bản đó bị bãi bỏ thì trách nhiệm giám sát và tổ chức triển khai thực hiện các quy định mới sẽ thuộc về cơ quan hay cá nhân nào?",single_hop,abstractive,True,0.0,0.0,0.0,0.0,0.0,0.0,-0.16666666666666674,-0.15634920634920635,27.517464081420886
vlrag-nuance-f1303b48b8,DenseGraph_minus_DenseOnly,"Có được khi tôi đi làm thủ tục vay vốn hỗ trợ cho hợp tác xã, phía xã bảo làm theo quy định của tỉnh, nhưng khi lên tỉnh thì họ lại hướng dẫn áp dụng theo quy định cấp Trung ương cao hơn. Giờ tôi rối quá, không biết nên làm theo hướng dẫn của bên nào để hồ sơ được hợp lệ và không bị trả về?",legal_validity,abstractive,True,0.0,0.0,0.0,0.0,0.0,0.0,0.035085940272778005,0.013791005425138197,-0.680088271000387
vlrag-nuance-f1303b48b8,HybridGraph_minus_HybridOnly,"Có được khi tôi đi làm thủ tục vay vốn hỗ trợ cho hợp tác xã, phía xã bảo làm theo quy định của tỉnh, nhưng khi lên tỉnh thì họ lại hướng dẫn áp dụng theo quy định cấp Trung ương cao hơn. Giờ tôi rối quá, không biết nên làm theo hướng dẫn của bên nào để hồ sơ được hợp lệ và không bị trả về?",legal_validity,abstractive,True,0.0,0.0,0.0,0.0,0.0,0.0,-0.04163540885221312,-0.0378844711177794,-0.6856946530024253
vlrag-nuance-f1303b48b8,HybridOnly_minus_DenseOnly,"Có được khi tôi đi làm thủ tục vay vốn hỗ trợ cho hợp tác xã, phía xã bảo làm theo quy định của tỉnh, nhưng khi lên tỉnh thì họ lại hướng dẫn áp dụng theo quy định cấp Trung ương cao hơn. Giờ tôi rối quá, không biết nên làm theo hướng dẫn của bên nào để hồ sơ được hợp lệ và không bị trả về?",legal_validity,abstractive,True,0.0,0.0,0.0,0.0,0.0,0.0,0.07787452998218891,0.0424500296853354,25.987108252421137
vlrag-nuance-f1303b48b8,HybridGraph_minus_DenseGraph,"Có được khi tôi đi làm thủ tục vay vốn hỗ trợ cho hợp tác xã, phía xã bảo làm theo quy định của tỉnh, nhưng khi lên tỉnh thì họ lại hướng dẫn áp dụng theo quy định cấp Trung ương cao hơn. Giờ tôi rối quá, không biết nên làm theo hướng dẫn của bên nào để hồ sơ được hợp lệ và không bị trả về?",legal_validity,abstractive,True,0.0,0.0,0.0,0.0,0.0,0.0,0.0011531808571977886,-0.009225446857582198,25.9815018704191
vlrag-nuance-f2a2ea7d53,DenseGraph_minus_DenseOnly,"Tôi đang là cán bộ thụ lý hồ sơ xử lý tang vật vi phạm hành chính là hàng hóa dễ hư hỏng. Hiện tại tôi thấy có một văn bản cấp cao quy định chung về xử lý vi phạm, nhưng lại có một hướng dẫn chi tiết của Bộ Tài chính về riêng mảng tang vật này. Hai bên hướng dẫn về trình tự xử lý có chỗ chưa khớp nhau khiến tôi lúng túng, vậy tôi nên ưu tiên áp dụng theo quy định nào để đảm bảo tính pháp lý và không làm sai quy trình?",legal_validity,abstractive,True,0.0,0.0,0.0,0.0,0.0,0.0,-0.07449285001662789,-0.012637179913535107,-1.555200283000886
vlrag-nuance-f2a2ea7d53,HybridGraph_minus_HybridOnly,"Tôi đang là cán bộ thụ lý hồ sơ xử lý tang vật vi phạm hành chính là hàng hóa dễ hư hỏng. Hiện tại tôi thấy có một văn bản cấp cao quy định chung về xử lý vi phạm, nhưng lại có một hướng dẫn chi tiết của Bộ Tài chính về riêng mảng tang vật này. Hai bên hướng dẫn về trình tự xử lý có chỗ chưa khớp nhau khiến tôi lúng túng, vậy tôi nên ưu tiên áp dụng theo quy định nào để đảm bảo tính pháp lý và không làm sai quy trình?",legal_validity,abstractive,True,0.0,0.0,-0.16666666666666669,-0.08027921085181239,0.0,0.0,0.08230691204173307,0.04042892334444281,-0.11983000799955335
vlrag-nuance-f2a2ea7d53,HybridOnly_minus_DenseOnly,"Tôi đang là cán bộ thụ lý hồ sơ xử lý tang vật vi phạm hành chính là hàng hóa dễ hư hỏng. Hiện tại tôi thấy có một văn bản cấp cao quy định chung về xử lý vi phạm, nhưng lại có một hướng dẫn chi tiết của Bộ Tài chính về riêng mảng tang vật này. Hai bên hướng dẫn về trình tự xử lý có chỗ chưa khớp nhau khiến tôi lúng túng, vậy tôi nên ưu tiên áp dụng theo quy định nào để đảm bảo tính pháp lý và không làm sai quy trình?",legal_validity,abstractive,True,0.0,0.0,-0.5,-0.2262943855309168,0.0,0.0,-0.05908601323280499,-0.07185720880135402,27.19839081042454
vlrag-nuance-f2a2ea7d53,HybridGraph_minus_DenseGraph,"Tôi đang là cán bộ thụ lý hồ sơ xử lý tang vật vi phạm hành chính là hàng hóa dễ hư hỏng. Hiện tại tôi thấy có một văn bản cấp cao quy định chung về xử lý vi phạm, nhưng lại có một hướng dẫn chi tiết của Bộ Tài chính về riêng mảng tang vật này. Hai bên hướng dẫn về trình tự xử lý có chỗ chưa khớp nhau khiến tôi lúng túng, vậy tôi nên ưu tiên áp dụng theo quy định nào để đảm bảo tính pháp lý và không làm sai quy trình?",legal_validity,abstractive,True,0.0,0.0,-0.6666666666666667,-0.3065735963827292,0.0,0.0,0.09771374882555597,-0.018791105543376097,28.633761085425874
vlrag-nuance-f5127e8b57,DenseGraph_minus_DenseOnly,"Doanh nghiệp của tôi đang cần áp dụng các mức giá dịch vụ khám chữa bệnh cho nhân viên tại một cơ sở y tế Nhà nước ở tỉnh Lai Châu. Tuy nhiên, tôi lại nhận được thông tin hướng dẫn từ hai nguồn khác nhau về việc tính giá, một bên nói theo quy định của Quốc hội, một bên lại áp dụng theo nghị quyết riêng của tỉnh. Vậy tôi nên căn cứ theo hướng dẫn nào để thực hiện cho đúng quy định và tránh sai sót khi làm thủ tục thanh toán?",legal_validity,abstractive,True,-0.5,-1.0,-0.1428571428571428,-0.2043823975884861,-0.1,0.0,0.0037505860290670823,0.0025003906860446984,-0.9767843819990958
vlrag-nuance-f5127e8b57,HybridGraph_minus_HybridOnly,"Doanh nghiệp của tôi đang cần áp dụng các mức giá dịch vụ khám chữa bệnh cho nhân viên tại một cơ sở y tế Nhà nước ở tỉnh Lai Châu. Tuy nhiên, tôi lại nhận được thông tin hướng dẫn từ hai nguồn khác nhau về việc tính giá, một bên nói theo quy định của Quốc hội, một bên lại áp dụng theo nghị quyết riêng của tỉnh. Vậy tôi nên căn cứ theo hướng dẫn nào để thực hiện cho đúng quy định và tránh sai sót khi làm thủ tục thanh toán?",legal_validity,abstractive,True,0.0,0.0,0.0,0.0,0.0,0.0,-0.0072246455834242,0.020719738276990196,0.4922555580014851
vlrag-nuance-f5127e8b57,HybridOnly_minus_DenseOnly,"Doanh nghiệp của tôi đang cần áp dụng các mức giá dịch vụ khám chữa bệnh cho nhân viên tại một cơ sở y tế Nhà nước ở tỉnh Lai Châu. Tuy nhiên, tôi lại nhận được thông tin hướng dẫn từ hai nguồn khác nhau về việc tính giá, một bên nói theo quy định của Quốc hội, một bên lại áp dụng theo nghị quyết riêng của tỉnh. Vậy tôi nên căn cứ theo hướng dẫn nào để thực hiện cho đúng quy định và tránh sai sót khi làm thủ tục thanh toán?",legal_validity,abstractive,True,-0.5,-1.0,-0.1428571428571428,-0.2043823975884861,-0.1,0.0,0.019790783149561786,0.0233719724813872,24.514918563421535
vlrag-nuance-f5127e8b57,HybridGraph_minus_DenseGraph,"Doanh nghiệp của tôi đang cần áp dụng các mức giá dịch vụ khám chữa bệnh cho nhân viên tại một cơ sở y tế Nhà nước ở tỉnh Lai Châu. Tuy nhiên, tôi lại nhận được thông tin hướng dẫn từ hai nguồn khác nhau về việc tính giá, một bên nói theo quy định của Quốc hội, một bên lại áp dụng theo nghị quyết riêng của tỉnh. Vậy tôi nên căn cứ theo hướng dẫn nào để thực hiện cho đúng quy định và tránh sai sót khi làm thủ tục thanh toán?",legal_validity,abstractive,True,0.0,0.0,0.0,0.0,0.0,0.0,0.008815551537070504,0.041591320072332696,25.983958503422116
vlrag-nuance-f55190d36e,DenseGraph_minus_DenseOnly,"Gia đình tôi hiện đang tìm hiểu về cơ cấu tổ chức và nhiệm vụ của Sở Giáo dục và Đào tạo tỉnh Lào Cai để phục vụ cho một số công việc của địa phương. Tôi có giữ một bản quy định cũ từ năm 2005 về vấn đề này, không biết đến nay quy định đó còn được áp dụng hay đã thay đổi sang văn bản khác rồi?",legal_validity,boolean,True,0.0,0.0,0.0,0.0,0.0,0.0,0.1464646464646464,0.1464646464646464,-1.4954030729995793
vlrag-nuance-f55190d36e,HybridGraph_minus_HybridOnly,"Gia đình tôi hiện đang tìm hiểu về cơ cấu tổ chức và nhiệm vụ của Sở Giáo dục và Đào tạo tỉnh Lào Cai để phục vụ cho một số công việc của địa phương. Tôi có giữ một bản quy định cũ từ năm 2005 về vấn đề này, không biết đến nay quy định đó còn được áp dụng hay đã thay đổi sang văn bản khác rồi?",legal_validity,boolean,True,-0.5,-1.0,-0.3333333333333333,-0.3065735963827292,-0.1,0.0,0.0,0.0,2.0376707869981985
vlrag-nuance-f55190d36e,HybridOnly_minus_DenseOnly,"Gia đình tôi hiện đang tìm hiểu về cơ cấu tổ chức và nhiệm vụ của Sở Giáo dục và Đào tạo tỉnh Lào Cai để phục vụ cho một số công việc của địa phương. Tôi có giữ một bản quy định cũ từ năm 2005 về vấn đề này, không biết đến nay quy định đó còn được áp dụng hay đã thay đổi sang văn bản khác rồi?",legal_validity,boolean,True,0.0,0.0,-0.16666666666666669,-0.08027921085181239,0.0,0.0,0.1464646464646464,0.1464646464646464,25.67301895542159
vlrag-nuance-f55190d36e,HybridGraph_minus_DenseGraph,"Gia đình tôi hiện đang tìm hiểu về cơ cấu tổ chức và nhiệm vụ của Sở Giáo dục và Đào tạo tỉnh Lào Cai để phục vụ cho một số công việc của địa phương. Tôi có giữ một bản quy định cũ từ năm 2005 về vấn đề này, không biết đến nay quy định đó còn được áp dụng hay đã thay đổi sang văn bản khác rồi?",legal_validity,boolean,True,-0.5,-1.0,-0.5,-0.3868528072345416,-0.1,0.0,0.0,0.0,29.206092815419368
vlrag-nuance-f7e6377af7,DenseGraph_minus_DenseOnly,"Nếu tôi có nhân viên bị mắc bệnh cần điều trị dài ngày, thì việc tính thời gian nghỉ việc hưởng trợ cấp theo hướng dẫn cũ từ năm 1987 có còn áp dụng hoàn toàn cho họ không, hay đã có thay đổi mới nào rồi?",legal_validity,boolean,True,0.0,0.0,0.0,0.0,0.0,0.0,-0.0185185185185185,-0.0185185185185185,-1.0108652290009559
vlrag-nuance-f7e6377af7,HybridGraph_minus_HybridOnly,"Nếu tôi có nhân viên bị mắc bệnh cần điều trị dài ngày, thì việc tính thời gian nghỉ việc hưởng trợ cấp theo hướng dẫn cũ từ năm 1987 có còn áp dụng hoàn toàn cho họ không, hay đã có thay đổi mới nào rồi?",legal_validity,boolean,True,-0.5,-1.0,-0.1111111111111111,-0.1845756967795681,-0.1,0.0,-0.0151515151515151,-0.0151515151515151,-1.050804586004233
vlrag-nuance-f7e6377af7,HybridOnly_minus_DenseOnly,"Nếu tôi có nhân viên bị mắc bệnh cần điều trị dài ngày, thì việc tính thời gian nghỉ việc hưởng trợ cấp theo hướng dẫn cũ từ năm 1987 có còn áp dụng hoàn toàn cho họ không, hay đã có thay đổi mới nào rồi?",legal_validity,boolean,True,0.0,0.0,-0.8888888888888888,-0.4285714959858903,0.0,0.0,-0.0033670033670034002,-0.0033670033670034002,26.693721249421003
vlrag-nuance-f7e6377af7,HybridGraph_minus_DenseGraph,"Nếu tôi có nhân viên bị mắc bệnh cần điều trị dài ngày, thì việc tính thời gian nghỉ việc hưởng trợ cấp theo hướng dẫn cũ từ năm 1987 có còn áp dụng hoàn toàn cho họ không, hay đã có thay đổi mới nào rồi?",legal_validity,boolean,True,-0.5,-1.0,-1.0,-0.6131471927654584,-0.1,0.0,0.0,0.0,26.653781892417726
vlrag-nuance-f946bce776,DenseGraph_minus_DenseOnly,"Tôi là hộ dân ở An Giang, năm 2018 tôi có đọc quy định về giá sản phẩm, dịch vụ công ích thủy lợi của tỉnh. Nay tôi muốn biết quy định đó hiện nay có còn áp dụng hay đã có quy định mới thay thế để tôi làm theo cho đúng?",legal_validity,boolean,True,-0.5,0.0,0.0,-0.2184074368181641,-0.1,0.0,0.0246913580246913,0.0246913580246913,-0.0002090799998768489
vlrag-nuance-f946bce776,HybridGraph_minus_HybridOnly,"Tôi là hộ dân ở An Giang, năm 2018 tôi có đọc quy định về giá sản phẩm, dịch vụ công ích thủy lợi của tỉnh. Nay tôi muốn biết quy định đó hiện nay có còn áp dụng hay đã có quy định mới thay thế để tôi làm theo cho đúng?",legal_validity,boolean,True,0.0,0.0,0.0,0.0,0.0,0.0,0.0,0.0,0.15288316399528412
vlrag-nuance-f946bce776,HybridOnly_minus_DenseOnly,"Tôi là hộ dân ở An Giang, năm 2018 tôi có đọc quy định về giá sản phẩm, dịch vụ công ích thủy lợi của tỉnh. Nay tôi muốn biết quy định đó hiện nay có còn áp dụng hay đã có quy định mới thay thế để tôi làm theo cho đúng?",legal_validity,boolean,True,-0.5,0.0,0.0,-0.2184074368181641,-0.1,0.0,0.1666666666666666,0.1666666666666666,23.29982677942161
vlrag-nuance-f946bce776,HybridGraph_minus_DenseGraph,"Tôi là hộ dân ở An Giang, năm 2018 tôi có đọc quy định về giá sản phẩm, dịch vụ công ích thủy lợi của tỉnh. Nay tôi muốn biết quy định đó hiện nay có còn áp dụng hay đã có quy định mới thay thế để tôi làm theo cho đúng?",legal_validity,boolean,True,0.0,0.0,0.0,0.0,0.0,0.0,0.1419753086419753,0.1419753086419753,23.452919023416772
